Temp_Imbalance,Pressure_Imbalance,Gas_Utilization,TOTAL_K,K_LM,K_MU,cluster,Channeling_Flag
5.909261264197596,0.011037398758479977,0.45777871824867394,2.45997051132866,1.9846324135377593,3.49061152590644,0,0
8.352842067355596,0.009035098019120058,0.47767101649817345,2.1296536597115,2.369821180964204,2.27436390659623,0,0
12.777500000000003,0.006769999999999943,0.47165003015741774,2.733565,4.507924628514178,0.9167841562770438,0,0
3.6750737185503937,0.010022572285119935,0.4708311155820594,2.54183291316922,2.965528096360102,2.6280955958819905,0,0
6.530900000000003,0.00546000000000002,0.4867597051899494,2.2593,2.9784289476119565,1.2928709527422235,0,0
3.6749338336353077,0.010216658394740064,0.4752393949921792,2.686107788920407,3.339360411707062,2.6913348941151725,0,0
13.340695691724605,0.00950412327618011,0.4491745341375168,2.3438164311599,3.0971690780267784,2.064335818035111,0,0
22.83921090100111,0.024811762147609828,0.4205284260227536,1.9221879199110123,1.4126025382656457,3.8172493822725464,0,0
12.129321273103187,0.00976484473569994,0.48993342950608043,2.35366691599536,1.9782540566262836,2.363777692254244,0,0
14.341687956940206,0.007834616968240171,0.44958071289720836,2.11321063633986,1.992511193552188,3.609013237879355,0,0
5.1409508784298055,0.009119676041709823,0.46504619447671863,2.364163926331,2.4442015316247896,3.0190754077548125,0,0
7.6077510850820005,0.009291179646049974,0.492895175652037,2.27061188634987,2.464255970812196,2.1597282744438937,0,0
13.73107690703489,0.008008457662640023,0.4651897030097142,2.30456082961004,2.534006352162493,2.971787999096078,0,0
12.228544277907694,0.00834083820404996,0.46165366992548157,2.59935397180712,2.5605163611719863,2.7006476691338563,0,0
3.5049999999999955,0.005880000000000107,0.4844573286827705,2.09215,3.757581661479777,1.6509480277636703,0,0
10.058599999999998,0.07244000000000006,0.4864137853353264,2.23773,2.3206828076592374,2.0126078118991377,0,0
9.152000000000015,0.008259999999999934,0.4826125978184698,1.94884,3.9712875373889642,1.8574489313658562,0,0
5.295999999999992,0.016530000000000156,0.47226632670800256,2.26035,4.127943188547857,1.552876820929541,0,0
2.9405,0.07254000000000005,0.4807321809539495,2.15658,2.8881612262179837,1.427918662976342,0,0
6.5589999999999975,0.006080000000000085,0.4901322886823852,2.08702,2.4438672603417437,1.8977153318672748,0,0
6.459922714971896,0.008249922849939972,0.4657125367382186,2.15521788532313,2.3160957118311885,2.2654831092186742,0,0
11.860000000000014,0.009560000000000013,0.47449065352214753,2.33896,2.508946525339968,2.126652557114693,0,0
14.262699999999995,0.006900000000000128,0.4829780567650205,2.14289,2.4028746604009106,1.8847153172041338,0,0
4.956079925650556,0.021406542750929347,0.47976705432657624,2.228757063197026,2.554238823763663,1.4653994594852355,0,0
9.502733018114,0.006787701118806666,0.48822987637960397,2.1936659536494405,2.0388186911188235,2.0119342330518597,0,0
6.5154,0.007549999999999946,0.4842834432813928,2.14421,2.858443302149552,1.2499613020962044,0,0
2.7365000000000066,0.010314999999999852,0.47669643337194695,2.239065,2.2783060052253927,2.3187748265502908,0,0
5.624000000000009,0.017020000000000035,0.42987507907002015,1.97243,4.02277530072918,1.4234607231842917,0,0
52.23999999999998,0.008550000000000058,0.39700460268368115,4.437425714285714,2.8466138563351144,3.0835481756609133,-1,1
7.552096063123301,0.009730810450079952,0.4799544558840061,2.17130990551434,2.323019814678146,2.102428652830637,0,0
5.106517705585404,0.008971206425619993,0.48515468774888254,2.72463318764619,3.0959750227747094,2.3585020742885283,0,0
5.314799298451703,0.0329431674094498,0.47220084675455604,2.44894915285199,2.4403005092534285,3.239753438546605,0,0
13.462999999999994,0.016630000000000145,0.48955452098730134,2.34259,3.3601361736722435,1.6682430642626307,0,0
5.990453850096003,0.009832916376290024,0.4890557520918045,2.36679423795751,2.2250986978057443,2.5886962517393464,0,0
4.068775028231798,0.009126735759270144,0.47949019399323,2.19418801192167,2.3387896018824,2.5086781695960845,0,0
7.0244,0.010923333333333396,0.4962066923283604,2.4968166666666667,2.258607693832692,1.7917911619888083,0,0
6.704999999999998,0.009009999999999962,0.47514103876809416,2.28876,3.3333902231931427,1.8202300421718092,0,0
11.302999999999997,0.007410000000000139,0.4684619708321833,2.31918,3.457320255173222,2.0700853193412554,0,0
3.5649999999999977,0.009300000000000086,0.49025591371324284,2.14599,3.4899296648340967,1.5156118726609469,0,0
4.51657755759399,0.008633432834949994,0.4820821908892172,2.05640976156112,2.5329517616220443,2.607061056716321,0,0
4.705597191156599,0.010661942137650149,0.47873615031888517,2.59291688309,2.9073380941887,2.344340340265145,0,0
2.786376397486009,0.00834149212953994,0.45813879081970443,2.33792685290261,2.5305256917353973,3.0876221574843266,0,0
2.0350230585183056,0.00925464537729992,0.4681006616114437,2.5455362267827315,2.948908637850281,3.2226147815413317,0,0
1.1331477690722949,0.010228244030350053,0.4520801663363044,2.33332891187147,2.4498874709631977,3.1019895785434857,0,0
8.690999999999988,0.019569999999999865,0.4452576248585118,2.04693,5.560379156355776,1.4027730673316707,0,0
11.600999999999999,0.006929999999999881,0.49572852766713693,2.27104,2.558216279303903,1.4793866895412306,0,0
3.7543999999999897,0.007519999999999971,0.48416396523104666,2.22124,2.657415727988966,1.7775139976090935,0,0
11.457999999999998,0.004210000000000047,0.4338184141096376,1.90164,3.3784979174248857,2.3374312501107677,0,0
7.317257134953394,0.010020384775830005,0.47365844439821575,2.08107847785876,2.144430517615624,2.557619604288107,0,0
6.019076339936603,0.008430717386220143,0.4778928923042884,2.17192161374746,2.2542299169300772,2.443426420159679,0,0
8.342903091473602,0.012265230673339955,0.47015185246472063,2.42039442837312,2.418651342024821,2.7642440071125716,0,0
9.997200000000007,0.00831000000000004,0.4799424349262076,2.23974,2.5692979610709172,2.248967187808584,0,0
10.859000000000009,0.01831000000000005,0.44278432646797444,2.04183,5.578124999999999,1.0777997036050817,0,0
7.708868685234705,0.008770021898899971,0.4783874099780864,2.26684640593081,2.7117597844599346,1.9380491409120393,0,0
7.238386881423395,0.010919388834159882,0.4846954675125229,2.23177909638263,2.448797039951317,2.058949734022086,0,0
3.7278040533606003,0.007747231656429987,0.4571923940491841,2.33702134790572,2.475033721545535,3.017250892188588,0,0
8.556230525303093,0.00961766488911997,0.46738649590683307,2.09064681349518,1.9999517470043857,2.5432615297947385,0,0
2.008700481422082,0.008861459793272575,0.4603919650134896,2.264232232130619,2.382192347274853,2.96072792562832,0,0
5.181737769048397,0.008863547736019939,0.46395038942967043,2.10408349136592,2.1306261541464377,2.6852053251075425,0,0
5.971800000000002,0.009190000000000031,0.4918180624760991,2.33149,1.8765265987589013,2.6568594367085088,0,0
19.024478241535007,0.009824070173700017,0.4763622801072038,2.4159049958845,2.048171531217527,1.9595580974785167,0,0
4.5939740345041,0.008114348671349969,0.4542382087359527,2.12607540063306,2.7692883346912143,2.571894940311027,0,0
4.396155294371695,0.007172809165269856,0.46864021206593004,2.07842533119951,2.0044583755303513,2.6639444351315453,0,0
3.9376924529906034,0.010036030224390036,0.48676913627121954,2.59476318652126,2.8735641945912094,2.73609581916451,0,0
8.2996531015323,0.008367947748090021,0.4768047201287073,2.55324291145036,2.651595421356168,3.236286517010594,0,0
6.393145836033199,0.008341511919209843,0.4753974920909762,2.2468471861147,2.563302884959593,2.514873303544027,0,0
10.71456990001549,0.011961950805679855,0.48163404359879425,2.56561077137218,2.8059792580626652,2.887812461127425,0,0
13.512500000000003,0.0070749999999999424,0.5014044612520605,2.20398,2.58164437072443,1.3428606449453098,0,0
1.6785498450562386,0.009378750600428587,0.4652653178333891,2.531797006556165,2.972442405390125,3.0900623007627943,0,0
4.6795999999999935,0.008209999999999829,0.4911960570013772,2.20268,2.6434164394234516,1.5472430503652626,0,0
2.5015000000000214,0.006759999999999877,0.47993396287931334,2.361285,3.0575367037766386,1.8256373748609565,0,0
4.022400000000005,0.06107000000000018,0.4825189481265266,2.11754,3.05372609166366,1.3846432519878324,0,0
18.021835056013103,0.009635653877950068,0.48716709719252,2.43432724907226,1.822320779529257,2.6828711852606193,0,0
6.495499999999993,0.005300000000000082,0.49568334967396543,2.22351,2.4949848960054317,1.9228435031681277,0,0
1.695166478100404,0.007972147775560101,0.45109526410433054,2.72902338847841,2.192501219092718,4.06056033751561,0,0
8.689800000000005,0.0038400000000000656,0.47656092375025216,2.35239,2.6268621116618087,2.0048945663983795,0,0
5.076000000000008,0.006240000000000023,0.49301650576211126,2.17002,3.9172449146764894,1.2241965484335322,0,0
4.840299999999999,0.006680000000000019,0.4965904723489591,2.14141,2.167965104031978,2.0020400746084426,0,0
3.487099999999998,0.007240000000000135,0.46306938189933444,2.17276,2.3174751373385907,3.2783744636659287,0,0
7.040499999999994,0.007454999999999989,0.49181474424143934,2.105625,4.868083773212319,1.2572701772534667,0,0
2.9200000000000017,0.010970000000000146,0.4810549528026255,2.16316,2.365682905407134,3.0913016201055465,0,0
10.954999999999998,0.004110000000000058,0.42826304984877694,2.09394,4.652535884298671,1.4613217643572938,0,0
13.122039569725402,0.008501282696130152,0.4980608715894349,2.33000425826063,2.046165525805524,2.2442172770152915,0,0
11.553050000000013,0.008095000000000185,0.4795356691552198,2.162885,3.050046794977339,1.5737286849852627,0,0
13.184890898535798,0.008269669817940084,0.4683497039075578,2.26763015354725,2.4014432889964548,2.0133596718559743,0,0
6.510748346500492,0.008801576353259843,0.4609211818695663,2.62406732772612,2.351140705211159,3.460228073361935,0,0
13.012799999999999,0.008289999999999909,0.4597706947058025,2.0286,2.1835676879745547,2.2871384133049206,0,0
14.121013235988002,0.007929506762740068,0.461369645078447,2.06302299164429,1.3708176572547532,3.158435503819769,0,0
2.168149999999997,0.008015000000000105,0.4954536592112504,2.10667,3.444327358782161,1.7077944311516373,0,0
2.995599999999996,0.007819999999999938,0.47166836078055496,2.22922,2.348792252835171,2.7549713530796014,0,0
5.15911849876629,0.00865433990002007,0.4649716232984197,2.14783714237132,2.5902213293667486,2.2596994831861674,0,0
3.122124778770896,0.009764489372829921,0.4767087383927954,2.60709678056312,2.123782154055227,4.610089521347932,0,0
7.036199999999994,0.00843000000000016,0.48738836478577674,2.28921,2.1252584823953784,2.4230030369640847,0,0
5.502689541835409,0.008789429132279869,0.47671758110857354,2.88294935129939,1.6754732578128833,4.243007792252535,0,0
4.766999999999996,0.012329999999999952,0.4858053110535163,2.32578,3.087871619537991,1.854179577984359,0,0
11.885000000000005,0.006079999999999863,0.49234643472870615,2.25517,2.1792625600814532,1.8222429709501076,0,0
11.88300000000001,0.006399999999999961,0.4761550653116104,2.14785,2.597771788511599,1.9247832343283031,0,0
13.215704693412889,0.009048035710500058,0.490865429227427,2.30560753621889,2.451863875581124,2.0220915937030535,0,0
1.9350273684210464,0.008993684210526265,0.48885789397933155,2.295266,2.054190341851269,2.462821282409622,0,0
19.108499999999992,0.008334999999999981,0.4798781885817154,2.15754,2.2588784350382367,2.5337380801699076,0,0
6.264219351535829,0.008766764505119484,0.4746360617823479,2.360657866894198,2.2661480380289603,2.7272712151575527,0,0
4.941535165174201,0.008984498989740075,0.4848921433940482,2.6173748032798,3.0907745399505964,2.9641378303635,0,0
7.361839813331343,0.009599807642129976,0.4807896666094072,2.33879140857448,2.1458488694441433,2.8797018950615665,0,0
19.769999999999996,0.03351596033402915,0.441955670797078,2.69952,1.0789786874868115,4.9897446480540095,0,0
19.142901435179994,0.011346424263670052,0.46265558882987623,2.43299466458742,2.567536156048443,1.8768708337204438,0,0
4.583177283836889,0.00754401861859999,0.4690557963314022,2.16024447442541,2.241735921501683,2.3003215867196163,0,0
1.969623571817806,0.00792094107621999,0.47711404770859017,2.66233114390415,2.182202566110783,3.0800810977864232,0,0
6.2926280223981905,0.009065041371950189,0.4733863388977325,2.20692159284591,1.898083640001288,2.8471240324652505,0,0
2.244457664139091,0.01374748625074007,0.489027927568558,2.44780263450529,2.916887579497954,2.869965436698547,0,0
5.8761717136161025,0.011542540038479876,0.4727557614279378,2.46554246784864,2.8793918415544892,2.66309839590896,0,0
2.7038954311160097,0.009347284134209932,0.47354567355287025,2.26034686090943,2.4045844577554045,2.2670477883768587,0,0
14.221850000000003,0.06089000000000011,0.47822064919546503,2.17795,2.5899754688552163,1.7169634134708687,0,0
7.701999999999998,0.006969999999999921,0.4788414815332716,2.23464,3.7172319425962415,1.8636947196382485,0,0
5.1791999999999945,0.009039999999999937,0.48639288334485853,2.18433,3.078727055956608,1.447282012710592,0,0
7.764499999999998,0.006189999999999918,0.45965742101396034,2.07166,2.371587367156108,1.9188061594333436,0,0
2.999026956858998,0.008652461085630003,0.48897838941756544,2.70842495486729,3.1356322116119832,2.5238300128317515,0,0
7.301851598231899,0.009066568706889822,0.47791815568888124,2.3061218434926,2.4374431282879754,2.44597509683836,0,0
2.870695884378293,0.01253367661055993,0.47966011908309913,2.47441925999837,2.652249681284823,2.5485132349815682,0,0
11.432000000000002,0.00859000000000032,0.4855508848409362,2.34637,3.4528956032489027,1.838510629967503,0,0
1.9416999999999973,0.007710000000000106,0.47786012440501524,2.19448,2.253050706566916,2.5300110201643773,0,0
8.404605596917008,0.009371611744170005,0.4962133061171262,2.35509672276172,2.6592579949740704,2.0306533750252695,0,0
31.045000000000016,0.017430000000000057,0.5008691220982694,2.31541,2.541335693317216,1.6037386412808308,0,0
6.216850163423899,0.008859196621520127,0.4812954954656012,2.43311896283198,2.9630014753073532,2.721883032067781,0,0
7.200767181473694,0.008923891230240066,0.48784113193951756,2.33551133676661,2.4093471474520514,2.551454100508691,0,0
4.7492284916201015,0.022787541899441432,0.48728187387700306,2.242546536312849,2.3879039838161598,1.3556992895707243,0,0
6.820899999999995,0.004929999999999879,0.48101901971495253,2.06207,3.8555372230863005,1.77912395589397,0,0
3.1733489926444776,0.05873982921794951,0.4835340712174271,2.5811054792897803,2.6884015015828546,2.578058467902762,0,0
4.9535308802174,0.010406083630980056,0.48832965287622127,2.38022754127219,2.531028443630788,2.3105515261578025,0,0
4.6464,0.0046399999999999775,0.47585759438120634,2.343195,2.6799632912019127,2.158041349624892,0,0
6.533233521582304,0.009646807524089862,0.4805837658886915,2.43217064508003,2.602254756333329,2.338713746179311,0,0
4.9780803161645935,0.008307472748769973,0.4807849155945519,2.46585732729991,2.2591026528264537,2.8622764896358035,0,0
29.75779999999999,0.007550000000000168,0.44490830475622484,2.16129,2.383378118072631,2.8264600948145255,0,0
49.93199999999999,0.00890000000000013,0.480484246666978,2.17324,2.6583164301150415,2.483546036755151,0,0
8.687168239616199,0.00833448219849009,0.48531302922577535,2.27033026262028,2.449328020945648,2.3408844287200865,0,0
5.4144000000000005,0.006129999999999969,0.47156174753824964,2.05134,2.106356590224532,2.188504086675537,0,0
5.589444424826105,0.011561647475049952,0.4434964428111158,2.70040849186739,2.0105625394760835,3.6076928294388257,0,0
2.486361586638509,0.010022763689820025,0.47373629960966757,2.52644842840815,3.1420830323705564,2.469746570278834,0,0
4.455576244421394,0.00918588044059998,0.46252846966214173,2.43997234230298,2.8349373263374944,2.7680620702918417,0,0
6.834467815699668,0.009019402730375603,0.4731907324328372,2.354184590443686,2.288651905539089,2.8719905248751103,0,0
12.17430227401016,0.13351554917474306,0.46316454588570893,3.4012876709178435,1.495721903293307,6.764515536927399,-1,1
4.913694152904199,0.01833740917384996,0.4798578307733353,2.5043641086253,2.8154770135803857,2.4130251198326884,0,0
8.437261669614792,0.007581485457500037,0.46221517904929205,2.14705293897555,2.581984806980646,2.250937261279709,0,0
3.580553454448392,0.009286938243759923,0.45630474798511067,2.45516597982985,2.66182209340269,2.7118991000628254,0,0
10.34599999999999,0.007260000000000044,0.42468642599065887,2.07828,5.229294047630922,1.469376090047046,0,0
3.0414095399146106,0.010604362712020032,0.475658484208641,2.49652214515742,2.5276423856270944,2.7810201527621556,0,0
8.965999999999994,0.015619999999999967,0.4668126749593208,2.1631,2.0291483828647547,2.999874097700185,0,0
14.596444705623114,0.008481275518779974,0.4922580207561781,2.2193504490814,2.207011354031467,2.172557811135607,0,0
4.442000000000007,0.08065000000000011,0.48889875496120977,2.16574,2.578674220696973,1.5116896414979313,0,0
19.12644390957051,0.009172543547415035,0.47027706582177176,2.355278217716335,3.0597693879209964,1.6122812550686598,0,0
15.875797374375509,0.007344025262559839,0.46094800353064824,2.56280933929025,2.860319739284187,2.7158232562564137,0,0
5.607600000000005,0.008654999999999857,0.47405313736574334,2.27571,2.456486794071262,2.5900540984968754,0,0
3.636035673302402,0.007347469820089936,0.45640968034604856,2.07580596777071,2.279668110111839,2.772359215083605,0,0
4.355124306834597,0.03382529105064003,0.4813992828741805,2.56153159830029,2.668290934430209,2.9419762660233615,0,0
11.994,0.008110000000000062,0.4707008107339728,2.21346,2.497995609072585,1.5422492892966926,0,0
10.38500000000002,0.007300000000000084,0.46231790384328547,2.3553,3.049172027521892,1.7481508418986975,0,0
6.119115839085694,0.011538642582329839,0.4819462864642549,2.48763439188287,2.6093454756271997,2.8098736421539483,0,0
2.951156326550503,0.008875962749210098,0.46493316913037674,2.1488244970221,2.300354049818672,2.3441695730916203,0,0
6.435000000000002,0.0038200000000001566,0.4810737167919043,2.22064,3.749885343799634,1.6384691137328107,0,0
6.484206656563899,0.009440979910180003,0.4810305942388308,2.31718090436868,2.229752091187344,2.2771666530912236,0,0
18.66248160840101,0.008662696530949976,0.4851185515778944,2.45822531892696,1.9862497496531932,1.98259687549409,0,0
4.118849999999995,0.007554999999999978,0.47689022692006744,2.058005,2.6662709753354643,2.07711016874652,0,0
3.8913888882462047,0.010033338681270099,0.4702581133892811,2.4409783178743,2.654481178800347,2.795577770571257,0,0
13.895899999999997,0.05166000000000004,0.4851879436397075,2.12236,2.7842593517870826,1.5763192438960356,0,0
4.705100000000002,0.005619999999999958,0.47778451898936813,2.29737,2.810199421582191,2.0870718981245155,0,0
9.615000000000009,0.00702999999999987,0.49687001241354856,2.29362,2.8637670774365693,2.1666680285672264,0,0
14.145499999999998,0.010419999999999874,0.4666213029737474,2.16732,2.1875469908505196,2.539363701975528,0,0
12.132000000000005,0.006659999999999888,0.4709770476835162,2.18701,3.9614313328564252,1.705198136508939,0,0
20.170999999999992,0.007510000000000128,0.4657834103668834,2.45557,2.802298076045681,1.9775616222537626,0,0
28.524,0.005929999999999991,0.5038187707422798,2.14103,2.967946620908457,2.2874832333215673,0,0
14.834000000000003,0.006340000000000012,0.4403965486157825,2.19172,3.6439513603947993,2.0950282950517924,0,0
10.760333333333335,0.11516414663461538,0.461973894957839,2.046037777777778,1.0284311768060286,3.6548655475817102,-1,1
2.5457392720276886,0.05319422850234834,0.4796928612639922,2.7516974156047906,2.2437381935102114,3.3513360638611256,0,0
13.010999999999996,0.03678999999999988,0.4804529581961489,2.15704,5.188535538601354,1.2695034878612574,0,0
5.006117091769312,0.0091448972671202,0.47051992438434354,2.20186977718598,2.326821364997688,2.4034450491238997,0,0
6.249862866894205,0.008704409556314019,0.4745030157970419,2.3600615358361776,2.2682138949654496,2.7399456472175068,0,0
8.301199999999994,0.006729999999999903,0.4934169515518533,2.26292,2.477539317366854,1.7619035620925323,0,0
6.512753999009902,0.006198379735000037,0.453295630737878,2.1905989362498,2.0779562493642065,2.9379503909115834,0,0
5.5389478388193965,0.016719361575010083,0.4671149800777686,2.39543621896548,2.728697936602914,2.429798233159891,0,0
12.50200000000001,0.045949999999999935,0.46811995103530407,2.29511,4.009296751231844,1.7894332414421847,0,0
3.8304137506214033,0.00911396298407996,0.4688054534786968,2.11893235235203,2.2082747210831983,2.513179801050463,0,0
4.366,0.059190000000000076,0.48510067890757597,2.22026,2.745216317827283,1.4198222191871253,0,0
4.431200000000004,0.018429999999999946,0.47117770755167343,2.2629,2.4148333202948025,2.1011752082716164,0,0
2.8307999999999964,0.008639999999999981,0.4607386901494722,2.43018,1.6151661575134535,3.483074184075008,0,0
14.251999999999995,0.029429999999999845,0.47897108784580184,2.24379,4.12891480025312,1.4511118888750898,0,0
5.536000000000001,0.02363000000000004,0.424964219772536,2.31146,4.04300126984586,1.903807514106152,0,0
3.9685438543830003,0.008603415044549978,0.470231944561001,2.37616904250041,2.70796710391476,2.78078294325604,0,0
3.3976620915173044,0.0083197404256099,0.4719879178045571,2.40259545308392,2.739808669215872,2.738746926547695,0,0
6.648675082328609,0.009020410861479977,0.48195272020284535,2.24817108680503,2.282986891129676,2.6118199817407017,0,0
4.9342354498957945,0.009925704872910002,0.488288965640832,2.18534237620505,2.3727700188004954,2.6013017338845166,0,0
8.370966891950104,0.005967680695500022,0.45977040929612967,2.06497631845247,2.377903205492432,2.638642139217387,0,0
4.3940000000000055,0.0842299999999998,0.486666717099888,2.31206,2.619926815509768,1.4918639995127811,0,0
4.304620522388049,0.01902140858208945,0.46964654144738427,2.1480696175373133,2.771152100135069,2.5675801188999534,0,0
5.707599999999999,0.007749999999999924,0.4751707500469955,2.2325,2.1574536782948353,2.351869744410392,0,0
10.385095238095232,0.011122020202020355,0.489064417328301,2.1803148484848487,3.9979724928717695,1.6398326613788285,0,0
7.438471040284895,0.009706676786294999,0.49061544158978637,2.718406608355885,3.1322405776191307,2.2454434740789706,0,0
7.318946038070791,0.007907308917250111,0.4701879277484195,2.51609584610303,2.7217544857146665,2.4876103529212745,0,0
10.129918913149496,0.007751918230129995,0.4762593135975905,2.4987281965134,2.642203475184465,2.5712176032562817,0,0
5.476668636391409,0.009800042631999961,0.4824514901210809,2.30505476171034,2.1058095790897737,2.477827841788581,0,0
64.35408854282537,0.06618693143817778,0.41448970002388213,1.6888131924360401,0.5321398937505274,9.98000195123859,-1,1
10.537500000000009,0.0052000000000000934,0.4930199917297538,2.397255,2.875258903163824,1.9867622244398078,0,0
12.457283378601701,0.008995438480740026,0.48951309081218974,2.2975635310117,1.8706959962390992,2.8612084274122322,0,0
6.833709808388306,0.00985643049971996,0.4972030326724427,2.63826378762587,2.9924770110634626,2.4412483998476535,0,0
2.8105000000000047,0.006310000000000038,0.48871121221582886,2.18832,2.748353827846093,1.6896499723530103,0,0
3.6854000000000013,0.008680000000000021,0.4843355402361614,2.22501,2.1948567363335973,2.303668224647961,0,0
3.7177737209808015,0.008424855725750025,0.46160129010287043,2.62120656269839,1.313712450270372,3.4270127296952393,0,0
5.6063000000000045,0.08275937500000019,0.4870644810941346,2.11512,1.2762924270442708,3.116632926021882,0,0
8.031709701954298,0.009118416472729818,0.46642869559622596,2.72432967977791,2.5690252408430614,3.216516500492844,0,0
5.683800000000005,0.005279999999999951,0.4931164745931505,2.20333,2.3551191498137705,1.8914433269819677,0,0
8.244199999999992,0.003970000000000029,0.4776909994653252,2.33145,2.847619385709401,1.963998312019522,0,0
6.8371154064169986,0.008961287554040132,0.4738448132118259,2.48156521253676,2.6453838786927246,1.9891344630271603,0,0
8.293259582103389,0.010001655801840093,0.4534719095504434,2.50393618727737,2.228832948309098,3.5825152228278143,0,0
7.430000000000007,0.0047000000000001485,0.4948054673861424,2.25148,3.9082778861583574,1.5182840989717659,0,0
8.908768986222995,0.009000301040670067,0.46360806800701365,2.44017437377867,3.4476749029982097,2.2104675512523366,0,0
22.849999999999994,0.007980000000000098,0.5011743722534409,2.49966,2.4022497914536776,1.9292490501197939,0,0
6.718448999633708,0.008263496928160086,0.46895372878885333,2.10271081481462,2.109041326184422,2.6279671477788713,0,0
3.51297059473805,0.010279608452004929,0.4769430021838471,2.311553207007805,3.162168450615864,1.7819416783507078,0,0
14.049820643293003,0.008936946897490028,0.48912051208349056,2.15056156986955,2.2738850021744903,2.4652216783819436,0,0
18.864000000000004,0.00934999999999997,0.46179363574936627,2.11429,2.287657906659034,2.3469760349481756,0,0
3.066440863010712,0.008839988497180151,0.487680093963672,2.27059265427982,2.4808075083644767,2.32953203184872,0,0
5.839600000000004,0.009050000000000002,0.47985688160279544,2.14605,2.282953380816632,2.417891115664618,0,0
2.2525465011596992,0.008714906491880114,0.49113274297480375,2.33482296479497,2.376998038126036,2.1356383689015224,0,0
8.58036469209081,0.009547278005599846,0.47828741249940293,2.46348828601248,2.601827321070418,2.081003649414771,0,0
3.7920000000000016,0.015810000000000102,0.500622218649926,2.38278,2.941317759903447,1.2679943215569405,0,0
7.668999999999997,0.01142999999999983,0.495329752545656,2.12122,3.688033412021064,1.6992674751351557,0,0
2.105115031482967,0.008931297725731202,0.4600930840623432,2.256092164687655,2.451267640362947,2.8976773059878127,0,0
11.306000000000012,0.029169999999999696,0.4690310150572763,2.32692,3.2260852555350628,2.388603086664028,0,0
3.5612999999999886,0.006299999999999972,0.480085455147985,2.234425,2.8765208846831896,1.3555156965730293,0,0
3.809100000000001,0.021260000000000057,0.46702496723099984,2.1302,2.2500252417647673,2.5291457112436486,0,0
7.452625507477791,0.008445485507670103,0.47968975722950935,2.27932849748418,2.5469470001966457,2.215962058242729,0,0
4.827132368642694,0.010088608476189975,0.4783946083637378,2.47904967881068,1.991143115677718,2.3623421518375745,0,0
3.6583282464295053,0.00799323354118009,0.46094142037408686,2.17756984896715,2.5359240652607387,3.055585656344251,0,0
7.701800000000006,0.009909999999999863,0.47912549082849226,2.3035,1.9692679537851676,2.5511440433414627,0,0
4.849762801247394,0.007040254760170006,0.4688314583541944,2.23398840180029,2.5398188020810033,2.3621847132641594,0,0
8.308695906110103,0.009367503185510051,0.4738852730752142,2.43754767617728,2.8777155342063465,2.6838027856387168,0,0
3.922399999999996,0.009600000000000053,0.4765898989589771,2.08161,2.432190453824928,2.584771804696688,0,0
7.770622996277993,0.010127124884129923,0.4770893196959621,2.36748488227697,2.405160566950121,2.3967265468859766,0,0
6.385999999999996,0.0047599999999998754,0.4925511632837545,2.13467,4.462167508044756,1.19076160511838,0,0
5.325000000000003,0.009199999999999875,0.48149890487122876,2.16732,3.5915231190931265,1.650209148723144,0,0
10.797135574674499,0.00862790470496999,0.4752038756395966,2.27634320138914,3.0856363605034685,1.904498674012625,0,0
8.013999999999996,0.03178000000000014,0.4235133623800696,1.99513,6.076965142891863,0.9956441952852447,0,0
2.224068071753294,0.00967864775722993,0.47099396561108664,2.57815732477673,2.989305290700702,2.808134887169312,0,0
5.8150269309008,0.008422625286880203,0.48617446929356717,2.61567081450524,2.589290022512342,3.2160575879293307,0,0
6.40286358187501,0.010832737437029838,0.4809423950964497,2.37136403621708,2.4191969997155174,2.573349561838607,0,0
2.1720858795201963,0.011593221522870012,0.4747322607964443,2.47903005712833,3.194834322807016,2.383520172679492,0,0
6.276840754210994,0.008782944790810099,0.4801709132953039,2.23227935743316,2.5206705560147937,2.289920281901189,0,0
10.557566955964603,0.01170469592933987,0.46698238421498245,2.41856560327075,2.620734512033307,2.492136591086278,0,0
4.719269926635846,0.009116414257055006,0.47746081406172713,2.14072671214593,2.39671633181201,2.3804222311686964,0,0
6.512599999999999,0.006599999999999939,0.4723130432767421,2.21202,2.3444369910587675,2.42656573232344,0,0
3.6957477208945875,0.006844465560309931,0.46907727952690803,2.22505786550012,2.093691989196289,3.29360280294157,0,0
6.574999999999989,0.015699999999999825,0.4353014624764187,2.06048,5.355749915437345,1.3251220036498186,0,0
2.206148515796002,0.009036207196720047,0.48189088047077877,2.5733537589129,2.9644909196986453,2.8620021171001224,0,0
10.600000000000009,0.0208600000000001,0.432568366730115,2.01479,5.187182862322742,1.2322899012206188,0,0
14.8792880326545,0.008728555532780069,0.49038851260424493,2.26227223606782,2.119513375574304,2.245101854167326,0,0
4.960955173259393,0.008172696142319857,0.4834298248116677,2.34069299978294,2.5109153554880717,2.454494458734429,0,0
4.742367017632205,0.008928019270129983,0.4694840230553215,2.2102498049194,2.703633715883098,2.598249285208127,0,0
2.0523000000000025,0.0069749999999999535,0.4711050761961254,2.258805,2.413350306240972,2.170111243396086,0,0
4.716750000000005,0.07679999999999998,0.4937764213111187,2.21205,2.352657695587013,1.8096284666041613,0,0
4.391999999999996,0.008750000000000036,0.49394225864811314,2.28573,4.186507780546407,1.2835062467421097,0,0
9.637814247155305,0.00528143365840994,0.4696123380124631,2.1928939616621,2.5096524788185275,2.71850605347194,0,0
9.752400000000009,0.07347000000000015,0.4783172043630883,2.14533,2.893626946442213,1.4341430930037011,0,0
15.454999999999998,0.007009999999999961,0.4893731995400053,2.23618,2.311317593978245,1.8840695589120735,0,0
3.989699999999999,0.007130000000000081,0.4722996130036868,2.15518,2.131624489795918,2.583723176735102,0,0
8.963999999999999,0.00723000000000007,0.4841140449327584,2.27191,3.2366832461845854,1.6890455811816065,0,0
7.403210116731529,0.0035229571984436436,0.48397109771458696,2.1053014785992215,3.2676819752715556,1.8560436034599292,0,0
6.6152000000000015,0.005950000000000122,0.48336889862929433,2.20267,2.9320107004283145,1.3500138901219754,0,0
6.336571598888995,0.00936535629040991,0.468218475355544,2.31581862692357,2.6578108875729214,2.439954560227952,0,0
11.807500000000005,0.008839999999999959,0.48619658294751505,2.29374,2.350435491741365,2.0718781810249913,0,0
6.283699999999996,0.00981999999999994,0.49510992666353215,2.28634,2.5340066732798268,1.698053111438468,0,0
3.13215000000001,0.0063549999999998885,0.4733810492625498,2.22288,2.2378584268224815,2.7507810306484894,0,0
7.911000000000001,0.008389999999999898,0.4913696705597241,2.17957,4.3948718946148775,1.512396728944471,0,0
6.116366074917593,0.00856538953861996,0.45820389536217193,2.19198419422783,2.4597356673048005,2.2483406011772815,0,0
4.397840258591231,0.007587484047054005,0.4578606388400051,2.694701281977671,2.192385372988815,3.717749233310455,0,0
20.72800000000001,0.013239999999999919,0.48396276622450723,2.30549,5.072115456831366,1.1730569984705492,0,0
1.7960000000000065,0.005229999999999846,0.49249345796151334,2.20387,4.222764339066676,1.2223130555397343,0,0
10.8523,0.005600000000000049,0.47155117639987865,2.07663,2.8295591399972357,2.0565373667609776,0,0
6.642849777918698,0.009593736476070092,0.46762126609234983,2.18939069086964,2.230125782461382,2.7414063693427813,0,0
4.975400000000008,0.009600000000000053,0.47043833997252216,2.41086,2.4179118482614914,2.072823608316566,0,0
7.010200000000005,0.009340000000000126,0.47144427346669593,2.00063,2.8110683721436853,2.1655057905057906,0,0
8.979799999999997,0.006349999999999856,0.4868102401987072,2.17834,2.917742083055835,1.3938093515151875,0,0
18.998999999999995,0.04844999999999988,0.469022502849462,2.47113,2.020460147679383,2.7222574697886888,0,0
6.427326843612491,0.014878490752670004,0.4728195905114323,2.44508898298219,2.3637005578483525,2.8866385634844214,0,0
5.453400000000002,0.007810000000000095,0.48199855532228564,2.15819,2.4651882879998843,2.284893091221661,0,0
2.0949651980306925,0.014019799698140156,0.45729872217549267,2.19268305363115,2.826646043276538,2.3802565311809354,0,0
7.440858176616999,0.010053652659430146,0.4688731274221222,2.26360330170398,2.709987136284142,2.191895072669725,0,0
18.120000000000005,0.006750000000000034,0.47873863338508377,2.3966,2.9180022103017684,2.0797345744294993,0,0
2.6276770035599952,0.014705792435049991,0.4663929422717264,2.436590879722,2.689415236133394,2.725905375454826,0,0
13.765071373062398,0.007857884992040098,0.46207253657911995,2.36203412295202,3.4784042115406626,2.176094141282809,0,0
7.534999999999997,0.00835000000000008,0.43944263943683765,2.23439,5.134382431573015,1.6682186835343749,0,0
5.361999999999995,0.0046600000000001085,0.49728869185488855,2.11535,2.6959974056348823,2.167215433042693,0,0
7.524799999999999,0.006099999999999994,0.4950890646551152,2.11709,3.3977472454784268,1.6573379480995414,0,0
17.290999999999997,0.01918999999999982,0.5014191323129742,2.22822,2.343380774888451,1.8050053355728006,0,0
5.588332283865,0.008195267764720127,0.4649066169623821,2.34189269080353,2.485676046835001,2.1129542990983534,0,0
1.0999124288689046,0.009594408102840069,0.4653934101089254,2.26720485123393,2.373000773367669,2.5491331161230635,0,0
26.432250884574998,0.008899861657579944,0.4706936271545625,2.46972371286424,1.9726462027191047,2.2022320829397626,0,0
6.220997475646996,0.00936803131552999,0.4613192126553776,2.43680044746634,2.64954864255615,2.3886385367351037,0,0
11.440717451523568,0.020373074792243928,0.4811428367038826,2.1422169252077565,3.66442535665426,1.5667222989707559,0,0
5.992000000000004,0.006680000000000019,0.4609721997380389,2.12792,4.053277804751239,1.733109401689805,0,0
3.2357043478260934,0.4583287356321839,0.4724809057699259,2.168345760869565,0.32522390504843646,24.207437123054145,-1,1
5.361083578328902,0.011692026626529906,0.44556268221365036,2.58220697638367,1.5085713718523592,4.917786225828502,0,0
6.917093446088785,0.011499746300211111,0.46540768195286375,2.142445475687104,2.4828152451781293,1.9381509943798003,0,0
9.185999999999993,0.0050600000000000644,0.49285178865079815,2.31022,2.346235325197165,1.8432567559604116,0,0
4.485652485779198,0.009198033608230016,0.45859048172244765,2.34573877609127,1.886491237239481,2.955482682932114,0,0
3.89185296645951,0.00692263214453992,0.459844009390912,2.03672917891913,2.6819735977769503,2.505121835625746,0,0
11.991,0.006440000000000001,0.4885227463322711,2.17233,2.8902672799268707,1.6884995157030669,0,0
3.3957465476871107,0.012661732015380123,0.4668740581365094,2.39044699329109,2.4333242414055425,2.9087823060809193,0,0
9.485100000000003,0.02841500000000008,0.48127071213785233,2.1047,2.6542706674116636,1.3634888011439066,0,0
4.483835654802903,0.009262958997910076,0.4734868093037129,2.1973687845772,2.1917738465984984,2.460884326055597,0,0
6.211701399253741,0.03471342350746265,0.4780135059989837,2.2312541697761197,2.3494009341858577,3.161566585269801,0,0
3.8796141314424943,0.009809503846170076,0.47262645309153795,2.23379684627584,2.623780382022829,2.188447559991205,0,0
9.62299999999999,0.02750000000000008,0.468321240738608,2.15135,2.2520030696155344,1.5146755836629464,0,0
15.078400000000002,0.005659999999999998,0.4912272068259334,2.3096,3.1967394145453882,2.0745487561896274,0,0
6.225680421191399,0.009787928281180136,0.4808047670903414,2.42377320130704,3.003313080118215,2.7869473910144156,0,0
4.735848068831601,0.008301966289690155,0.4620391144832512,2.07828287287391,2.2838058076108863,3.099399346146475,0,0
4.687300000000008,0.006410000000000027,0.4795369082712217,2.31756,2.676191740233093,2.077535035715749,0,0
48.122000000000014,0.009929999999999994,0.3600357057843371,3.60466,2.8654365029063977,2.0567327460347413,-1,1
52.7385,0.04727400000000004,0.48863948882765823,2.20363,3.2519994206279925,3.6821791111079074,-1,1
4.427999999999997,0.008160000000000167,0.4920567851074229,2.1226,4.904563158178286,1.2163540486157691,0,0
3.5480335755475068,0.008748111859210095,0.4665085894506375,2.41693748174617,2.6666800715356627,2.5277587167474906,0,0
8.918400000000005,0.010929999999999884,0.49208290745798494,2.18587,1.923766203252245,2.309365402483917,0,0
19.413999999999987,0.006720000000000059,0.49475705969840533,2.27815,2.4841832456742132,1.5375115104500934,0,0
3.960000000000008,0.007735000000000047,0.4843807777116534,2.10489,3.7440379013412723,1.5471714186094425,0,0
12.999365914127253,0.14180497146145443,0.46162513102021846,3.4556685065117114,1.4620339861524887,7.089701820981404,-1,1
4.701875848632497,0.008018009054739927,0.4751038235466262,2.45705766808274,2.5736524135108065,2.6352000640816873,0,0
11.516499999999994,0.02558500000000019,0.4233259140498521,2.151985,7.390512909925499,0.9515349829191283,0,0
15.156906287019297,0.010567619710379894,0.48413022575073444,2.2892596251179,2.561991875201289,2.007631029710836,0,0
15.88199999999999,0.00619000000000014,0.4682944497624795,2.26421,2.7842322404166264,2.1326612790133943,0,0
7.481999999999999,0.007489999999999997,0.4808725360548865,2.050665,3.6271097086325583,1.8329056687518204,0,0
4.257771565465305,0.009021265038740012,0.46879195175534005,2.55427608873505,2.4555952631780436,3.3221761740498694,0,0
26.125999999999976,0.026129999999999987,0.48862615036014023,2.09107,3.1381416432518696,3.338945339625583,0,0
16.771,0.006319999999999881,0.4500151797718697,2.30126,3.100367444496855,2.1691967068635667,0,0
8.132099999999994,0.006799999999999917,0.4942688399743555,2.32823,2.244456313240692,1.8291867097562062,0,0
3.5925807146923887,0.010033932905940013,0.47218515243549947,2.80703381322949,2.8191194775358777,2.988969632294244,0,0
18.645999999999987,0.006550000000000056,0.4320884876277066,2.38623,3.034204465282263,2.3836297792449304,0,0
6.346894440966096,0.009206649318640014,0.4783081426528672,2.17532447114526,2.1496588890769828,2.7139996690117933,0,0
19.33601459797201,0.009309611371030035,0.4903106174591511,2.57062383393325,1.9345245046159065,2.371169429209554,0,0
9.110200000000006,0.06386000000000003,0.4832263630416853,2.297,2.647881615158351,1.4230541165562485,0,0
5.248809619272393,0.008480713208000257,0.4886339064167623,2.55987864484885,2.8935111112742096,2.4507608406154766,0,0
2.1227625976967204,0.009224099084687465,0.46881458869878684,2.5489178913954587,2.9432168742712017,3.25639898063074,0,0
14.227000000000004,0.006520000000000081,0.48130139449236764,2.16842,3.285629823113884,2.017042825104126,0,0
3.2534928160232965,0.00845945316935004,0.47766068870254264,2.10162501465377,2.4837182040430874,2.7645545724015044,0,0
9.924899999999994,0.006049999999999889,0.4888762191275656,2.30876,3.1551720409178396,1.19340926512377,0,0
5.626399999999997,0.007169999999999899,0.46782534011678184,2.12205,4.250973940220979,1.7020065088618859,0,0
8.935523470358703,0.008590216738569856,0.45978650071748867,2.26729261682191,2.6584167747829306,2.985670077772013,0,0
10.326000000000008,0.007130000000000081,0.47525872844576605,2.20548,3.856032951854775,1.7132546514035556,0,0
9.842283271167005,0.014789363026399993,0.4802754248837358,2.43289548266978,1.7317924559189268,2.3764568984093573,0,0
4.479056860290996,0.009288356065280112,0.45876239966535565,1.97364673956253,2.786124128353097,2.967803400511419,0,0
3.2208217697794055,0.01035317608076003,0.46990890099588456,2.4696000849111,2.3076738619380293,3.5079389602597777,0,0
4.876552991150703,0.01500253134663998,0.46489517109868905,2.6264339787647,1.7127231357350823,3.551985030194629,0,0
9.244900000000001,0.006350000000000078,0.49374625382204995,2.25257,1.935951437824865,1.9539379439252338,0,0
3.4432892677127995,0.009526777831559974,0.4598624894365206,2.13844502495497,2.281428618277395,2.481577614252605,0,0
1.822100000000006,0.008340000000000014,0.47678750662506875,2.23095,2.2593336858804864,2.6973381026575085,0,0
1.8858703435804642,0.007429981916817319,0.4930838776167351,2.240639692585895,3.28079475388801,1.6262738900987075,0,0
2.4462264843000128,0.011929867294229846,0.4530368022942386,2.37335699602889,2.4754860279644233,2.888414115643054,0,0
12.8255107853698,0.010123622407000044,0.4848477326706888,2.21359753247507,2.3332239253489733,2.214151321145237,0,0
2.921597232025192,0.018318804849949855,0.44976669319444773,2.37842430014311,2.636088955826236,2.6733657712733314,0,0
3.7715357834348993,0.009092033771589847,0.4908067063463472,2.25645728651973,2.2099000083483795,2.391789266453984,0,0
8.862722991689765,0.019242622345337024,0.47391412303823044,2.2720407109879965,3.1044889613028364,1.9714805742022499,0,0
1.0548657062171003,0.009804097990160132,0.46242015048586377,2.34314465134371,2.648592915696884,2.801670569224637,0,0
12.438299999999998,0.005880000000000107,0.49082754978178483,2.22569,2.0716700627226885,1.8256794389915145,0,0
8.367234925796609,0.009779664629230078,0.49266978200935463,2.29840249996258,2.464606340909059,1.9259547319316157,0,0
10.544250000000005,0.06896499999999994,0.4766267130846265,2.18702,2.5782767036863636,1.614292993354365,0,0
2.9260856308773953,0.00987137070522004,0.47433426149235725,2.30833127248951,2.263466865371179,2.4885364995849115,0,0
9.763499999999993,0.008770000000000167,0.4678187769761151,2.2283,2.227444403610207,1.6189764547153418,0,0
5.653700000000001,0.010089999999999932,0.4776749837175732,2.23819,2.149838262658921,2.664524146385494,0,0
4.434583621929008,0.00841164083806989,0.46419991045912495,2.30240660266082,2.2257870355443403,3.3065477625948434,0,0
4.405900330319497,0.00996258180989007,0.4790247318722171,2.37096381460728,2.799730872399708,1.8803398979670711,0,0
11.385999999999996,0.0040999999999999925,0.4422475433177465,2.13253,4.0423319993529,1.6306939813433319,0,0
1.8099084694262189,0.00933301843663159,0.4662981392311084,2.5368598415763626,2.9636930140476703,3.138049526358252,0,0
8.25515,0.00865999999999989,0.4803102350288649,2.34761,2.3508452124879993,2.2070482927317725,0,0
12.877300000000005,0.006440000000000001,0.48611924196709505,2.30646,2.634057485636033,1.5211937324517708,0,0
7.189304995351904,0.008859769874560053,0.4630834540800399,2.09477108446473,2.1665441836851103,2.7057101125234997,0,0
6.407600000000002,0.006399999999999961,0.4858638121387981,2.12749,1.8545705610519627,2.0670132852435197,0,0
9.496499999999997,0.00890000000000013,0.4669539545282145,2.13071,2.334089027900878,1.7484782991530985,0,0
14.956999999999994,0.006739999999999968,0.47860668370432513,2.3714,3.816826127308077,1.858499592919314,0,0
4.672000000000011,0.006460000000000132,0.4571548718515681,2.10766,4.030143818572259,1.7085332435065232,0,0
7.989999999999995,0.0040000000000000036,0.4992245452209836,2.09321,2.338479378789767,2.2610022053418284,0,0
5.848073127663298,0.009215087929060006,0.4824145515176017,2.38078517772732,2.325233118040405,1.9985461175372101,0,0
8.677915010192805,0.010034954491360049,0.4901649972502836,2.31893791297966,2.2750163460381603,2.639544964825628,0,0
10.103859928685594,0.008533524838030049,0.471409200720993,2.35816500585639,2.9456656452163474,2.511299259009094,0,0
6.709000000000003,0.008110000000000062,0.4823028267880029,2.20294,2.1736444191529145,2.453262174570315,0,0
9.206500000000005,0.01818999999999993,0.48738716198634935,2.20321,3.9742646634032117,1.4646312891810478,0,0
8.623843568462604,0.008179350393849871,0.46427937864985647,2.16424679361861,2.3959434008644056,2.230705083880265,0,0
23.485,0.009090000000000042,0.47179257690135556,2.16187,3.227213712983361,2.1163364399953974,0,0
6.579700402646594,0.00995864715483008,0.47710456853393146,2.28523622058678,2.4406393165516898,2.096498628251097,0,0
6.1926230063806,0.008761393754550095,0.47312996309727035,2.15361428473283,2.7658445418264974,1.835999798627738,0,0
8.161184143901707,0.009671108539429873,0.4852457819038957,2.71850104727992,2.9261558641236123,2.177773947104969,0,0
1.8374761504843917,0.010607046505370032,0.4702064370054711,2.48359183380603,2.64625406669776,3.6841074819809694,0,0
11.027535123861,0.03267858039493987,0.4727511380439681,2.53849544658124,3.2432088631457243,2.7271677817262465,0,0
14.556755522422193,0.012373913614279974,0.47603943706646484,2.33061841673943,2.6341296460011563,2.749084103060789,0,0
10.229913762171904,0.008914600260329975,0.47683733345021906,2.12660113741258,2.2389116093202106,2.5455546207318505,0,0
6.301000000000002,0.02812999999999999,0.4742504857181981,2.15639,4.473681940390781,1.373699189641313,0,0
3.5267000000000053,0.07166000000000006,0.48307994302791674,2.07615,3.484813448216925,1.363146407732395,0,0
11.325400000000002,0.005360000000000031,0.48622730015751797,2.18166,3.302390075324595,1.1280021248282968,0,0
8.150499999999994,0.006280000000000063,0.4873142865674205,2.16326,2.906511705948444,1.4541273919972326,0,0
7.2112976096859995,0.008641018771839981,0.4791727870341948,2.38209360470007,2.52745571217404,2.3325148388436627,0,0
2.3822490850112104,0.009845192034400041,0.4886650532445193,2.782750744072,3.078745328381404,2.6952449354268055,0,0
4.1877944672827,0.008138108516430043,0.4737326194703216,2.37173722015853,2.241465229540665,3.2192517797198223,0,0
32.08699999999999,0.02317999999999998,0.4260222143053632,2.07074,3.634773901256579,2.365968241494083,0,0
7.834551660397906,0.009588128720685152,0.4787901531773631,2.263313248613065,2.5385502693926996,2.204313478372838,0,0
10.752411454448591,0.005890207778369794,0.48454067215015006,2.096168534896111,2.661013950058842,1.902828316834792,0,0
7.349016766306804,0.009123132573289894,0.4866990037041962,2.58372530617516,3.320408210173389,2.6434236800865403,0,0
5.567326364060008,0.011046497122940035,0.47147854828323404,2.55363891621129,2.29176056862554,3.1229504593338078,0,0
34.36626162402668,0.036708216742783684,0.4188462016716229,1.8550865183537264,1.063564960885237,5.054597621502902,-1,1
8.97564943025941,0.053685298913640045,0.46155589768429456,2.53927335132528,2.8913097231372027,2.9124152280858313,0,0
4.204599999999999,0.09262999999999999,0.48514400309175476,2.2451,3.523353885735618,1.2267972369050537,0,0
9.31580000000001,0.006490000000000107,0.4786211967474263,2.20319,2.9444320214669055,2.2010485285005514,0,0
13.763999999999982,0.024350000000000094,0.48977337665772314,2.398325,3.1341698658491146,1.5281211216391355,0,0
6.902057154714299,0.00821156167882986,0.46140764911324056,2.26164279573002,2.2163724856876623,3.324367679839697,0,0
4.589539590741495,0.017484880865849872,0.46246343886878905,2.4107398778972,2.7499004126418196,2.603529982905344,0,0
4.6664981412639435,0.02169905824039664,0.48050193085300663,2.231223680297398,2.58293396023748,1.4464428776095732,0,0
2.248192634380999,0.009403036141689913,0.4564105697107758,2.33020667156379,2.2412305294427846,3.3150506501118633,0,0
21.54260006632046,0.2266296077378014,0.4441837590008531,4.012140892657182,1.2185425257772986,10.864781088324037,-1,1
14.956117852807012,0.005343847729299966,0.461656989862763,2.10367037399433,2.3965721956634174,2.007032840264437,0,0
7.819149299899394,0.009338112963890088,0.48169397298323025,2.31400354966927,2.3602131035863003,2.409266950326108,0,0
6.2690000000000055,0.008070000000000022,0.4888861212163607,2.28242,3.5269553153361466,1.3322582235119431,0,0
21.158000000000015,0.005870000000000042,0.474988036335809,2.34233,2.9127958286212134,2.019268181472756,0,0
0.8609501957800063,0.009858283247059951,0.4694467814708166,2.41456986773208,2.723470391288074,3.0640664318225244,0,0
6.859499999999997,0.008680000000000021,0.4850119881368579,2.43276,2.155399376426817,2.3766988323911877,0,0
4.802899999999994,0.04581000000000013,0.4779435299497028,2.19212,2.3095847509554575,1.3809482668807918,0,0
3.4488999999999947,0.006519999999999859,0.47484254791388103,2.22616,2.5239410507198397,1.4480211920239534,0,0
5.203800000000001,0.006940000000000168,0.4860375813398182,2.32851,2.8825386080632214,1.429643674991982,0,0
2.5685459794656964,0.009059014681299882,0.4827001317811142,2.5865382455389,3.019337310351612,2.3675225641347657,0,0
9.082400000000007,0.007709999999999884,0.49079467279568034,2.2158,2.6167444995426314,1.5356804873720946,0,0
5.981999999999985,0.00649999999999995,0.48844035049005724,2.27453,3.439785730617222,1.952106473511271,0,0
29.237543624161063,0.0071524496644292945,0.4874724109097951,2.2427684899328857,2.8997002490951966,1.4004248791543747,0,0
6.387799999999999,0.007470000000000088,0.4793591725348753,2.1937,3.107178423416959,1.5089819180455344,0,0
5.4410726859048,0.015966517796649926,0.4605084486496429,2.29804980533227,2.9543345923031525,2.6191345587000274,0,0
4.8910999999999945,0.007319999999999993,0.4864165738231359,2.12708,2.75540656308696,1.9166454676503009,0,0
25.286661063800295,0.2596737431546916,0.4364308380641858,4.228919292079313,1.1556211239547531,12.598282052808793,-1,1
13.482598161394307,0.023565265705159932,0.4765625161278357,2.57032443147178,2.4476306774002206,2.3193572978416768,0,0
5.832044455258995,0.007848406445940093,0.4680120887855382,2.10934798893385,2.5711842868193355,3.4295461828452756,0,0
11.941500000000005,0.020815000000000028,0.4457834151605283,2.019245,6.44704368091873,1.0337417567157334,0,0
1.5692879395163004,0.009051035325070123,0.4893295365291495,2.75720979012205,3.4017329211098892,2.8917639061527116,0,0
2.4639999999999986,0.018690000000000095,0.49605271626296316,2.20474,4.5425686323884324,1.4339947986189157,0,0
2.6492000000000075,0.006969999999999921,0.4777753618686712,2.19429,2.2765137469988472,2.4688852712985634,0,0
7.580104145202412,0.01008003472468011,0.4789095504316802,2.31924638641731,2.54350269481972,1.996840036027885,0,0
5.632999999999996,0.10948000000000002,0.4883477185124942,2.28821,2.552208157368919,1.4936919210291344,0,0
67.43399999999997,0.030499402219290594,0.3411855755071341,4.778368279970216,1.0856613654890461,17.44893775341301,-1,1
7.947148626469499,0.008010132785500002,0.4588951643845351,2.58029086373989,1.8904509980398432,3.285298898799795,0,0
12.125000000000014,0.006490000000000107,0.4943429292549677,2.20389,3.2865778392527294,1.8641415212885748,0,0
8.954999999999998,0.0182500000000001,0.44642189398896887,2.05065,4.93589257764231,1.2151151151151152,0,0
15.820145942299689,0.008723675207860104,0.4677876107111204,2.03423730099111,1.9149381634174705,2.538377504614774,0,0
10.097874292831904,0.008613358830270146,0.4549178034222525,2.2596651721357,1.7144689594051943,2.608621819786971,0,0
13.942999999999998,0.006429999999999936,0.48368418400765856,2.24373,2.890670803205003,1.4774072470044752,0,0
12.40525000000001,0.011479999999999935,0.482852235845827,2.11236,3.647497607243595,1.4252071364646786,0,0
2.137541888678797,0.010149002069969937,0.48526266220434094,2.63435254900217,3.16785422773134,2.5267471397206926,0,0
12.345198789218102,0.009198629874969999,0.4708976651497982,2.61272903391081,1.6060640234951493,3.859002445948349,0,0
5.1356605416603,0.00892949537949983,0.45455383462770754,2.09626335095993,2.5208458568194057,2.7135943506250566,0,0
9.186000000000007,0.007159999999999833,0.5026204332855967,2.22302,3.4502913086894487,1.3808905445931223,0,0
10.935082594974688,0.019899345936849944,0.4806334445950909,2.25290236637595,3.081379686651483,2.06868418821323,0,0
28.805375838926167,0.007150335570469624,0.48769430759031646,2.245190067114094,2.8898818143462255,1.4013990887888328,0,0
2.0367999999999995,0.006520000000000081,0.48125346750588277,2.15581,2.6827105026056355,1.5542279899075901,0,0
1.929735611504185,0.009291300928434998,0.46725243015485063,2.5414782292474585,2.9557907202976588,3.182689924866653,0,0
8.168290858725754,0.018919953831948222,0.4718709310241854,2.3090967128347186,2.979824190534023,2.0917979909960644,0,0
1.182231561858302,0.01506853024110999,0.46345459301882447,2.34365570817015,3.375391591242296,2.0840368754592156,0,0
8.14700000000002,0.007060000000000066,0.4946784208874463,2.37082,2.9366395692174967,2.121429191287266,0,0
4.125825136060101,0.008850024784230026,0.4568952149177335,2.18914314700766,2.231330188648293,2.238529489201118,0,0
5.468499999999992,0.0052400000000001334,0.48663612463725814,2.1999,3.1056811476857216,1.5832651446962878,0,0
2.821399999999997,0.006850000000000023,0.48706024027295924,2.26682,2.637584894818321,1.545057621653826,0,0
25.153599999999997,0.00753999999999988,0.4591130122194201,2.18529,2.0638974779747814,2.361317486703381,0,0
3.2243522727272733,0.007128181818181867,0.49350866630853724,2.2052525,2.8564623636561204,1.4614126984083562,0,0
3.6477611624986963,0.008864530874439946,0.4824804173962932,2.80334224775684,3.4776421063456393,2.5334043675221674,0,0
1.4629999999999939,0.005610000000000115,0.48684605114119317,2.18146,2.659459205745107,1.6478736158199374,0,0
12.882999999999981,0.020589999999999886,0.5018704330921531,2.2033,2.2680462832339527,1.713539841299796,0,0
8.984054114394098,0.00838721008266008,0.4794222127330243,2.43857662913525,2.4721692527484547,2.6711256662882916,0,0
5.771551839710199,0.009831563872860105,0.49027143925905986,2.61326292327753,3.4233395120842247,2.9314385208767124,0,0
8.8544078873187,0.008695120474450091,0.4720642611047741,2.19259434407986,2.246246174189685,2.4090423794009515,0,0
14.09699999999998,0.010319999999999885,0.49411211054900156,2.58192,2.8066640029185415,1.4747605176252367,0,0
7.691484236037894,0.00802819292778989,0.4663844017591406,2.17623377411404,2.3434010799901035,2.7893232748990755,0,0
6.910377859780809,0.007383393096619839,0.4603863387593445,1.99764688294279,1.6176062497446675,2.9493471339653516,0,0
12.04666713690699,0.015576420200219987,0.47788759614242743,2.38627396162165,2.0659098105978257,2.3297660456358225,0,0
4.876999999999995,0.006350000000000078,0.4829103523071128,2.26504,3.343343365063109,1.7508965884051362,0,0
1.3473499999999916,0.009244999999999948,0.4858659529258238,2.264105,2.143319690524624,2.3728228930770525,0,0
2.648407687337695,0.009522495422900068,0.47037065120566424,2.48742258483706,2.7192034710847843,3.551775743941813,0,0
15.354,0.009759999999999991,0.4858947322413925,2.37171,1.9620635857769106,2.3799981672114123,0,0
7.798000000000002,0.006999999999999895,0.48951531914955826,2.05181,3.083241275364393,1.979890375539046,0,0
5.666800145464791,0.00910257067693987,0.4828383389704154,2.14381525769237,2.204759415776598,2.703322911884161,0,0
3.47829999999999,0.005009999999999959,0.4947652744386151,2.337385,2.293251555776125,1.9137321551027933,0,0
11.34205699941809,0.006448029714630099,0.4617679206433077,2.14656827461709,1.838174388526375,2.6229864703855763,0,0
14.692881476665605,0.008148610968290004,0.47191391184627635,2.48188368791996,1.8330372216547293,3.1955164837557346,0,0
5.416499999999999,0.009139999999999926,0.4800243149724118,2.27427,2.4436671800682577,2.4143633511755813,0,0
11.522746211317198,0.010760036037460008,0.48809754070675054,2.3823597345212,2.0923207708097467,2.690292683350826,0,0
9.03836726367841,0.011635477217809997,0.4598401873707778,2.55177572101766,1.9302338479441208,3.164288992615991,0,0
1.623814487133501,0.008699726252400009,0.46749231943624375,2.37269441733333,2.9073373207732724,2.5932207536690157,0,0
11.043999999999997,0.02193500000000026,0.43586628045984216,2.060575,5.599358154213579,1.3793177824129337,0,0
10.061299834075854,0.009664885346615026,0.4780449666413389,2.227358152560055,2.807136933048865,2.4536267806006133,0,0
4.7134943256164945,0.00840239470039994,0.4676727555985093,2.24265291176165,2.5736441094763234,2.315223969637284,0,0
6.8079620444677005,0.008752707851809927,0.48217037838075033,2.18109442157198,2.3157010806500695,2.213170218255659,0,0
12.862200000000001,0.09172000000000002,0.461796160043781,2.18514,2.050482028624725,1.67947363554081,0,0
6.572700000000012,0.006839999999999957,0.4697657817564439,1.95164,2.8955697242220677,2.637994591846168,0,0
16.88300000000001,0.005069999999999908,0.477698737745433,2.69762,3.0175113942857905,2.0159068524939623,0,0
8.639599999999987,0.00503000000000009,0.4786957816634659,2.32749,3.1211926868013147,2.1198259814686997,0,0
6.974490810862889,0.00996982347157016,0.46139640995033177,2.31200244508447,2.447004517824998,2.8475895375680045,0,0
27.15299999999999,0.008249999999999869,0.4812204573878249,2.1257,4.125337575578662,1.459709210463316,0,0
18.093000000000018,0.008859999999999868,0.47002920896273803,2.32984,2.2627288674224952,2.193551436554231,0,0
6.65401257370479,0.00880910991578987,0.46008372843416134,2.05289911899738,2.3095347840815283,2.770689002627099,0,0
8.322699999999998,0.008829999999999893,0.48842829363696644,2.25845,2.2077403698597244,2.6058055693684734,0,0
7.877400000000009,0.013409999999999922,0.44019257971674147,2.02472,1.656069726149516,3.05686680780145,0,0
10.914094592434736,0.00578422749067653,0.4841007566533786,2.084655575386255,2.754709367643717,1.8874150890476915,0,0
3.5527689903559008,0.01056050622594995,0.45236612571090223,2.358553219966,2.74365600695323,2.6254842843649033,0,0
7.149799999999999,0.00714999999999999,0.4815838397185241,2.21386,2.6133239363897274,1.7776664880075035,0,0
10.226380796945122,0.011652764213370581,0.4856659612243559,2.3169703795867687,2.5143886560752904,2.200195533518181,0,0
1.7687962282111727,0.009347331556598615,0.4659734059220728,2.5352752901578275,2.966421570183364,3.122925234685587,0,0
1.668522469150119,0.009382241605298436,0.46518704063290245,2.5314105306004246,2.9731140586749145,3.0864391128149444,0,0
16.975499999999997,0.005090000000000039,0.4847525942002306,2.21107,2.1158345889619667,2.074967671795287,0,0
3.136602737127106,0.008299913147430171,0.4634604398648457,2.13320896773329,2.3521800302348,2.5154594988024734,0,0
5.951287263327899,0.009051721718549954,0.4653567647089054,2.18017967491493,2.4339596903056266,1.9947252663670072,0,0
9.653942631346695,0.006316953397500047,0.46187175048511764,2.18557807079873,1.8638728941567437,2.4742656036603448,0,0
8.788746787446101,0.008857854822430067,0.48705601120235237,2.64840733777949,3.0451774828610025,2.410045017084807,0,0
10.008399999999995,0.006259999999999932,0.4895632853113834,2.22304,3.238730856242157,1.7014735706660065,0,0
8.158202172600198,0.008059304193890116,0.4807949007229421,2.22808785432841,2.6130687109214192,2.522745127045296,0,0
7.584894684193287,0.007571388085680031,0.47360607316959613,2.14325778694328,2.652032304067337,2.2485705985326607,0,0
4.061282506356804,0.009602215093980071,0.47683300316187227,2.52787366367707,2.512595655492771,2.1495568080248475,0,0
16.830678794908692,0.008690886577239931,0.4828754378083951,2.38281477145547,2.4826481392194895,2.2679659108860486,0,0
15.520999999999987,0.004944999999999977,0.5019833794576725,2.46629,2.5335345744322852,1.6225996289637603,0,0
7.222386271200705,0.026256240368630168,0.4702939319722423,2.27174658667864,2.819257027526704,2.2139770163985126,0,0
9.562647472872996,0.006717075087679936,0.4690028656103838,2.34141517217031,2.4312214203424025,1.9216860453958517,0,0
6.263099999999994,0.006589999999999874,0.4908567539099783,2.22183,2.718433419132406,1.5324007201165213,0,0
20.741000000000014,0.00714999999999999,0.44221532276599806,2.20299,3.265722906541175,2.197854162152997,0,0
3.3233143102252,0.008619247895489845,0.49999566214445146,2.30217637977918,2.5056722119267385,2.155101087161949,0,0
1.878642913385832,0.007383188976378019,0.48783386014367053,2.289822125984252,2.029908590867124,2.5376755161776385,0,0
13.027379211815997,0.00935995105100984,0.4645160891006386,2.49087979102419,1.8006221254307495,2.1825583643671327,0,0
5.619700000000002,0.005079999999999973,0.47588888802385426,2.33118,2.6709679496005996,2.009172564940897,0,0
6.624796412797892,0.009048509989380005,0.4863221995250002,2.15857457893357,2.244576199578006,2.244146184746623,0,0
6.6175112050739955,0.010039788583509512,0.46323260130483707,2.14702289640592,2.4426492998696516,1.9865719323746576,0,0
8.0231,0.011149999999999993,0.47874516979544257,2.20304,2.215295061898546,2.802652985176366,0,0
9.09088088642659,0.018770858725762007,0.4709298215328229,2.326219141274238,2.926243749790851,2.148143835624441,0,0
5.241,0.006319999999999881,0.4486400494929185,1.9314,2.850124658056027,3.0319160104986875,0,0
10.989900000000006,0.00698999999999983,0.4899540817781665,2.20635,2.6278681798476495,1.5570877531340406,0,0
8.123785767589595,0.008727272317930135,0.4684733976618613,2.17726065009072,2.25458840726918,2.544910587372906,0,0
10.163502453494402,0.008946275485950173,0.493448433547203,2.3743689407388,2.521533134583948,2.219973870888188,0,0
6.5836173639144135,0.01338859212957999,0.4739345548931726,2.4403997323385,2.5856484783875895,2.4640150848159075,0,0
19.154700000000005,0.004269999999999996,0.4775530195998845,2.36934,2.7338385737182658,1.8929004358485428,0,0
10.273515235457097,0.019861255771006503,0.4778563193455126,2.2009954108956604,3.383222096114139,1.7468315020467156,0,0
17.5616,0.008510000000000018,0.46416847884505663,2.25373,2.0743522834880626,2.8027940636814392,0,0
12.165499999999994,0.005859999999999976,0.42644749807794347,2.11529,4.590755815933785,1.4826117408897994,0,0
3.28367071569501,0.009495912195649936,0.46870369058583233,2.16982930703209,2.554250118246699,2.1923398982270346,0,0
4.467550000000003,0.007529999999999815,0.484926146173029,2.37728,3.203224208769906,1.3632103113154401,0,0
5.171599999999998,0.017480000000000162,0.4844017734338382,2.11899,2.7335981423393205,1.546942222250655,0,0
2.5297999999999945,0.01756000000000002,0.46935546128600475,2.18169,2.3056133020793848,2.482180001603315,0,0
8.3357656798173,0.009121080800920112,0.4862210560786911,2.775366891946,3.0314814049764145,2.92384692273996,0,0
11.84532504444141,0.01033187178756001,0.4569461733671835,2.34823896607642,2.6395391797364014,2.812088954092139,0,0
43.77000000000001,0.00939000000000001,0.3560326572867159,3.72402,2.9737967736406716,1.6179884447494632,-1,1
8.940999999999988,0.007800000000000029,0.4778664723985422,2.55791,2.517628659913384,2.3393141269640827,0,0
7.770310303706594,0.011025357993589946,0.482449559389061,2.44043399453958,2.083045107664072,2.3471437986513353,0,0
16.3224077436916,0.010942427268750166,0.4871145422756255,2.34309794757578,2.375205308371907,1.9519308870695957,0,0
7.1111723029053024,0.00800690143703009,0.46872326461643465,2.32063206434305,2.555030439333784,2.650059832143017,0,0
2.5587132336246867,0.008973789675299937,0.47468282761733693,2.1546292765771,2.5684078813694597,2.329535357791417,0,0
14.152900000000002,0.005759999999999987,0.49327366195683586,2.19305,3.131174060437836,1.3994451677949906,0,0
6.180507041548211,0.008805968438170053,0.46857518644026136,2.39113180460984,2.6037780406576387,2.5015146584649792,0,0
5.064551645628001,0.00922382000762001,0.4683802420318248,2.29512777043075,2.592934102674843,2.659190742076396,0,0
5.871795589741595,0.007715143440650163,0.4745490317673093,2.1968158412514,2.633246731391933,2.374424293693142,0,0
10.763999999999996,0.01536000000000004,0.4457394265029816,2.1206,5.378284631393716,1.2521769713508453,0,0
1.6903218868686878,0.012769521604499845,0.4656914810304501,2.36048851251817,2.6137420508671942,2.6094159837792343,0,0
6.1545618047177015,0.008524123819810159,0.47378839304538944,2.32467809132742,2.75671777721529,2.5083639104094564,0,0
16.996154951701598,0.008642590974569986,0.4959419686435927,2.27793789153286,1.9214516767297076,2.3023928321932883,0,0
6.796533292936502,0.012547620955499994,0.49343480643695564,2.45849797039905,2.7267041331430018,2.815583426294368,0,0
4.182651215930804,0.008001084312680096,0.4549975214774896,2.09979583668107,2.232728691091208,2.60655971083415,0,0
2.1630454203487943,0.007405517291519947,0.44647240533838006,2.66505873732951,2.0802601879131593,4.440363984538286,0,0
18.299223566448603,0.010565803866929402,0.4877231292554303,2.4395753627877768,2.338573653662039,2.3812591365891524,0,0
10.9680897870779,0.010619033642569997,0.4904410227204441,2.35318894304606,1.6805151755855585,3.1672741848366424,0,0
1.8369204513580968,0.011783682635619908,0.4653593022306777,2.39672936564869,2.549482302873721,2.720575459853361,0,0
13.737602582778592,0.009624541249289909,0.4980689130077762,2.24300911793523,2.372387031235077,2.2361625156338985,0,0
10.70713883273801,0.008475763927029867,0.4793225237988992,2.56721124018164,3.137842389722348,1.572661517409201,0,0
15.749031770372397,0.008832846094890101,0.4965389086734299,2.28015129809456,2.3329025969231303,2.2892760350855714,0,0
5.006181741459599,0.013645150189919963,0.48893733921058397,2.52098682023015,2.4541656416360196,2.904211395008174,0,0
8.709999999999994,0.01195999999999997,0.48249693613386185,2.06129,3.9164849825908696,1.485618060815057,0,0
4.03588724522929,0.008673982793429902,0.46121749958886904,2.55972587226633,2.396760037959383,3.9045172745708316,0,0
6.575497376774209,0.014578683725180008,0.47561520682935293,2.42909461775388,2.6480475606448586,2.5266211795076994,0,0
46.517123263891534,0.045208398060858856,0.45479370566284366,4.710921623368078,2.003697882526695,14.721211710273458,-1,1
16.676000000000016,0.008070000000000022,0.4872074826218292,2.48237,2.558995810382735,1.8743199953044536,0,0
4.530291055777909,0.010278098721679951,0.4696286200556669,2.51986096716928,2.5306981185550557,2.641293924300621,0,0
6.839838936129496,0.009783064136460018,0.4754591595219022,2.81027172531678,3.389736876267845,2.220868572613389,0,0
7.7411499999999975,0.005735000000000046,0.4734869506309396,2.036685,2.869980924469014,2.0806224013831143,0,0
9.784599999999998,0.006380000000000052,0.48671061403915333,2.20556,2.170730931547255,1.9177410655811387,0,0
7.461915715229196,0.008640613929210117,0.4680193636237466,2.73593977431341,2.5718574852704035,3.7166772423907934,0,0
4.275900000000007,0.007339999999999902,0.4952180977189365,2.24209,2.69801817519164,1.3032891560636028,0,0
10.189999999999998,0.007640000000000091,0.47862370658626613,2.167955,3.518540341898431,1.4379170405874835,0,0
4.763747654887695,0.007845466075889984,0.471822787075634,2.39367433903388,2.2380831432536885,2.9271992396998585,0,0
4.952943857254894,0.008878493330991333,0.465546052485616,2.5113587674305387,2.861287332141782,2.335182048567962,0,0
3.6454000000000093,0.008629999999999916,0.489714276951623,2.14129,2.325380982180627,2.394346390320056,0,0
16.608000000000004,0.006109999999999838,0.4767537244840475,2.25803,3.4381364060385486,1.9373239436619718,0,0
8.052000000000007,0.010110000000000063,0.44054501782449457,2.04431,5.369747459783537,1.3219227632348944,0,0
4.059569558467103,0.00925749936217013,0.482296165426376,2.38792249052872,2.3522794945322336,1.9342874176236529,0,0
0.645444154629601,0.011030371053569965,0.4681298206883284,2.6775668879401,2.58585676625658,2.566470517729628,0,0
4.601942449715992,0.008701839775069997,0.49051834057972754,2.30921079799372,2.4220939811777376,2.0176781505318475,0,0
7.454001247064696,0.008256587253580028,0.47166074391933277,2.29611699499758,2.5871244540079585,2.216160190468138,0,0
3.6699187900418053,0.009367532932959888,0.4950935701408022,2.16229997749168,2.3482439083303914,2.1802969557183824,0,0
3.124126060704995,0.006585567661080205,0.4661265070457556,1.99491160360975,2.0835700298704682,2.7021931965375923,0,0
15.692999999999998,0.020300000000000207,0.4657068345209617,2.55477,2.3245877886265527,3.069412585142917,0,0
15.282499999999999,0.007889999999999953,0.44445559138009183,2.25369,3.4410298112668,1.6839380772341666,0,0
7.325479285874508,0.007824627481400004,0.4607646690841997,2.27684789467803,2.4933909683774096,3.196760199279979,0,0
3.078910164219508,0.0050315822668101085,0.4687741944771889,2.14851504943278,2.1539282553052432,2.3835243987021175,0,0
11.470175154236642,0.009868888138870435,0.4821970418103555,2.388247324507043,2.3661608052958143,2.305424355860314,0,0
9.251455595517598,0.05613744570802992,0.4735166856910918,2.60310164880707,2.5216035077955095,2.969787342145618,0,0
24.834000000000003,0.008199999999999985,0.4624064081882406,2.33914,1.5426116677347588,1.9831731328092912,0,0
4.823592192267597,0.008831416648549917,0.4502130018733635,2.49755375028923,3.1831758429249732,2.447556684442888,0,0
19.519999999999982,0.00827,0.36625473703000583,4.272005,3.8851132716204506,2.4022886221761137,-1,1
13.36800000000001,0.01071999999999984,0.46738787316877545,2.11546,3.5530784786687133,1.6621175060340498,0,0
18.262500000000003,0.011859999999999982,0.4764790643292759,2.27575,2.4691895051459856,2.5141488879965137,0,0
12.69449999999999,0.007394999999999818,0.4841992769014014,2.2445399999999998,2.5355712500629353,1.7423075205430514,0,0
6.514499999999998,0.004890000000000061,0.4763735700234017,2.21792,2.310943409533717,1.6674065667850508,0,0
6.038598562855412,0.011031318898179876,0.47416586390012694,2.52763331051069,2.446136682730216,2.857595665491665,0,0
5.6527544878421025,0.008455458536160032,0.45817612009784686,2.48389628327983,2.712746157686223,2.6443204247651737,0,0
3.9422671120220087,0.009649962541280033,0.4635966302109596,2.38765092149322,2.3466780078486593,2.048942334576155,0,0
17.099499999999978,0.015490000000000004,0.48160590444736995,2.250535,4.998271773763865,1.2576385145139368,0,0
2.7456626001721958,0.019955836552580042,0.45774745086442375,2.31546718148641,3.439278418756517,2.221891211509775,0,0
3.078965934264403,0.009211786860249926,0.4824268109166502,2.27171341432373,2.5701333647340525,2.4648781593294498,0,0
7.746972988464989,0.007725253593219961,0.4679310391697078,2.12936928358585,2.111570343715784,2.4877805896999754,0,0
10.705013931806079,0.005921275972296192,0.48466946100491404,2.099543566862014,2.634542225782412,1.9072287236876817,0,0
21.013000000000005,0.006429999999999936,0.47712630017984287,2.37244,2.9730993804728305,2.328084896774026,0,0
5.105499999999992,0.04114500000000021,0.4908298881829028,2.142235,3.7129013153495656,2.481962345117401,0,0
6.480576757679188,0.008923566552901274,0.47338186700402696,2.3550400170648462,2.2856681151245337,2.851925143076997,0,0
24.774,0.019629999999999814,0.4825145745199805,2.21695,4.994730169398323,1.2878686538037833,0,0
5.556116416065393,0.010957847066320081,0.4728330500308661,2.61438291780253,2.853366501777496,2.8054925786093787,0,0
3.849046397515096,0.008483788679121806,0.45938564350998184,2.28137816072528,2.4785795002995057,2.735599207062129,0,0
4.849722508072702,0.013191135601789972,0.47755557034782536,2.42011933377823,2.7754240313457395,2.5638058824186025,0,0
13.073300000000003,0.060840000000000005,0.4861111385449237,2.16926,4.07785903790166,1.3178141743228244,0,0
2.1871321140886977,0.013188376610419716,0.49092553344908657,2.43762177568773,2.7683521798756754,2.6876911575229814,0,0
10.930000000000007,0.006879999999999997,0.4846106921029282,2.26653,3.2383972755813333,1.7061837699643383,0,0
17.28,0.009039999999999937,0.48466366677179623,2.37028,2.5951253816335633,2.1259093146638954,0,0
8.212900187542203,0.012040237110859664,0.48741842895126974,2.41154937671325,2.862549060914088,2.4152693517130297,0,0
6.2668881597641075,0.008574863038240066,0.48674353050681246,2.35253975864029,2.244819485470782,2.1994592442666954,0,0
3.7489999999999952,0.012599999999999945,0.475358671882799,2.27212,2.2263840613696377,2.3635162632490054,0,0
8.749499999999998,0.007239999999999913,0.4992824897036321,2.31753,2.3142452132746425,1.6249721022888521,0,0
6.67388909541512,0.020599603469640515,0.4777465725354143,2.221952602230483,2.477325565862934,1.5187498884532689,0,0
3.6755999999999887,0.009040000000000159,0.47296329980842006,2.31669,2.228292054109713,2.4175300046365615,0,0
6.0028090229317,0.00899471911099492,0.4751419188477623,2.25192914569922,2.2690779959020433,2.601362806360674,0,0
28.428999999999988,0.007630000000000026,0.4801830224955642,2.32547,3.369330597452433,1.2581886254732402,0,0
5.8887659396298915,0.008657007844210085,0.4681652686503425,2.35759297990857,2.667108465880834,2.659785976933488,0,0
6.2710510580204755,0.008796436860068368,0.4746993661560024,2.360941638225256,2.265165489223688,2.721284145093062,0,0
3.5859999999999985,0.010420000000000096,0.4826675161145255,2.34944,2.33942894721034,2.6696461353421537,0,0
11.078355597754694,0.009700988897539897,0.4889054069763775,2.12099746171264,2.3130498150473717,2.432137081773919,0,0
8.371498054474714,0.004911673151751117,0.4838759271909547,2.1304320233463034,3.1609411569858543,1.9411338354248135,0,0
10.629899999999992,0.006240000000000023,0.47085477902715756,1.95243,3.942689754820066,1.763173345805925,0,0
16.35346714838286,0.0117052335121699,0.47717648626140563,2.3728342978259,1.782617965583502,2.457440317644397,0,0
1.1030000000000086,0.006750000000000034,0.4887299510240338,2.2813,2.346707542327608,1.5722061346325396,0,0
25.781850000000006,0.007630000000000026,0.4625926280105933,2.23556,2.3425155618554365,2.0834549007244165,0,0
11.9478520651748,0.008828496499330152,0.4854755465284067,2.35856067694364,2.3528990959112233,2.079162996442249,0,0
4.992559032719001,0.011030968739720315,0.48316707097816325,2.51737997685249,2.5845720055341777,3.294968116411734,0,0
10.454678473808002,0.00870352856227008,0.47191054628100365,2.31071399428674,2.3810801494875133,2.08208033342738,0,0
4.784702174398703,0.00890060073799992,0.4666947361507143,2.15108466260023,2.0883818143922754,2.572953151601295,0,0
2.067030360378695,0.00716423263644983,0.4662406482235118,2.30389242941519,2.4308748862499736,2.9755147534177704,0,0
4.698143681673102,0.055390796103239825,0.47212623300519024,2.47384513224472,2.564597803241578,2.942934044514339,0,0
2.269140961267496,0.010746740861730109,0.462350605882857,2.37458910221483,3.233507831026958,2.443477486279002,0,0
6.835825844653698,0.008813391957269934,0.4651230400147909,2.10817285612417,2.170146452001132,2.754277994053061,0,0
3.5956999999999937,0.007030000000000092,0.4924954166127818,2.25746,2.4423275353773586,1.3942352155371731,0,0
2.646618909740994,0.010696764513850265,0.48205288454284495,2.45253148843398,2.722488025977322,3.28134068370214,0,0
10.622621976558335,0.005975282365476842,0.48489315097566454,2.1054104448588173,2.5895463333560147,1.9147552943762334,0,0
9.287339008549893,0.009027058434490032,0.47287865097915366,2.33618138039407,2.3037108410606066,2.303446157899217,0,0
5.8498676613571945,0.007078623024729946,0.46895539397377956,2.20871006609035,2.5999911660815553,2.5551399082060184,0,0
5.571881079653295,0.013686257472250052,0.47572194375092797,2.44272872089438,2.702981308615192,2.4835640955036595,0,0
13.143799999999999,0.00904999999999978,0.4382578432790735,2.18262,2.8326532545125924,2.110540124099446,0,0
6.1655160732555885,0.009340265224340172,0.474436389035018,2.26671496671219,2.4744021330208357,2.7269863764035147,0,0
4.33563682094929,0.00924064110157019,0.48294345265594185,2.1692230537956,2.38891009125809,2.1750544969587606,0,0
8.057150114333808,0.009760615578509935,0.48565280649000364,2.30963970382989,2.3829509024008813,1.8951390222045499,0,0
11.189599999999999,0.010585000000000067,0.47377280808458877,2.297785,2.4766353543687742,2.2293169731347717,0,0
5.85260000000001,0.007910000000000084,0.47370017955045174,2.30137,2.452233637676943,2.3904808998882374,0,0
10.123753274447793,0.007945980068309932,0.46158228713775,2.33500628656886,2.5842690383421774,2.954650710267815,0,0
0.3552167667286028,0.00908888590533996,0.47271946929144754,2.56898616635873,2.7473568747956003,2.8456878734803586,0,0
5.018299999999996,0.00658000000000003,0.49196414305312974,2.14048,2.254453032011934,2.2027416394118298,0,0
8.2613299830696,0.008052844661309955,0.4668258717709359,2.24198887171355,2.3746470723215904,2.3897095764074776,0,0
5.286277034520992,0.009595073348029892,0.48580612384281385,2.27137684644203,2.662101078350676,2.3862920542447132,0,0
3.903670240223093,0.008759449931450058,0.48356778214652985,2.3063061324486,2.248778375678185,2.2468419045056063,0,0
7.047817401939,0.009145331682779867,0.4826671790400761,2.30869279440919,2.056957619750187,2.453272820449592,0,0
2.7679387096774235,0.005978387096774451,0.4829973969074082,2.129434193548387,3.020937268006509,1.559413877181671,0,0
9.165584422309891,0.03352781746069011,0.48283322995680156,2.5537057833814,2.553375421826532,2.5376308161769465,0,0
18.419086423192,0.009123467919420092,0.44579918080929837,2.43495081081219,1.4752780596893353,2.874733688187532,0,0
6.153599999999997,0.008639999999999981,0.47970906778188216,2.30954,2.072270135857291,2.5341352479901427,0,0
9.048079474805292,0.00796831673913001,0.47715353019519924,2.16998943824278,2.0524827969610486,2.3047879931914297,0,0
9.775534634739103,0.009818560622369965,0.46378838413276674,2.73504926551954,1.899143959677265,4.204727559301871,0,0
4.759999999999998,0.020730000000000137,0.4722691782168533,2.174075,2.6923502446016867,2.0404279334543847,0,0
2.6030000000000086,0.007639999999999869,0.4531838695588878,2.28982,2.51660411517611,2.739733789093341,0,0
9.64431168831166,0.03886454545454554,0.49106224380590174,2.210340909090909,4.72069811212267,1.2515972407841351,0,0
3.5255549673653945,0.008485230087059925,0.46532324095160904,2.34175503730562,3.04603235491949,2.3062722970167684,0,0
6.9146494183558005,0.008547867363700057,0.46534582349781495,2.48894100413033,2.775488978151273,2.2596456109481764,0,0
4.700547010672395,0.009029703543500078,0.47344702157866253,2.34537595880016,2.395838739809688,2.7563580160887335,0,0
10.793449999999993,0.0043600000000001415,0.4777118315163191,2.345745,2.8368123976847386,2.0611474522686057,0,0
7.335000000000008,0.08250999999999986,0.48091740851128123,2.13386,2.5538560071608667,1.7761867560288644,0,0
5.440000000000012,0.0044199999999998685,0.4935504860034828,2.29985,5.211037849213317,1.0541096632133704,0,0
7.083545613244397,0.013225193778150013,0.47911694199868177,2.37525092895449,2.811079962652947,2.5773858585581166,0,0
5.615600000000001,0.07305000000000006,0.4986001561889887,2.28884,2.411602580753132,1.732977048962415,0,0
1.4268,0.006529999999999925,0.4805491550350441,2.18841,2.805581702382553,1.5347510811343232,0,0
6.253692403880592,0.009324658038360134,0.45784484309941953,2.36442392084862,2.727710756838209,2.8585682791597415,0,0
9.172699999999992,0.05858999999999992,0.48115192326544154,2.13368,2.4974632312116376,1.704626450661201,0,0
10.326499999999996,0.00778000000000012,0.46635535347506274,2.33266,2.2205961120388165,2.20395947475505,0,0
10.446799999999996,0.08435500000000018,0.494017188598554,2.187985,2.409595242199303,1.6024682422451992,0,0
8.45667931092909,0.008869972266499992,0.4777760800200826,2.5822806555813,2.6761504523830126,2.7304155491728306,0,0
2.1640000000000015,0.009560000000000013,0.4814300263362493,2.2902,2.140685295517911,2.9179179001469078,0,0
12.838999999999984,0.003770000000000051,0.4847585537889873,2.78096,3.025990769693666,2.1158191606969887,0,0
1.3700224053332022,0.007900721042349845,0.4789300073079711,2.62755080537451,2.907451076109882,3.08143220669537,0,0
18.6635,0.007025000000000059,0.487381647068829,2.089525,2.131889657973161,2.306595270706403,0,0
6.096400000000003,0.009970000000000034,0.490055003731127,2.26536,2.0554064625563946,2.4280605891645757,0,0
5.853741925804499,0.00946457087669006,0.4706655030061174,2.25964175814204,2.089468134369323,2.612330161658767,0,0
2.7253240556837994,0.020827184892450168,0.4594150639122522,2.11708839081559,2.9789594389105756,2.261736023654649,0,0
10.680999999999997,0.020649999999999835,0.45470700249015117,2.04515,4.216999590218339,1.4605204373224536,0,0
5.3262619799292,0.008510873561349941,0.48229730588755965,2.25027339793687,2.2331028587615323,2.4179987919875923,0,0
4.874512000062907,0.009609724056200086,0.46378554211284573,2.11073343235093,2.1583431742620807,2.483404662515943,0,0
3.4801575846107085,0.007628493047389995,0.45849723252291724,2.55622583046763,2.5310397500407147,2.890741629791077,0,0
9.023049999999998,0.00814999999999988,0.48043518457309775,2.136745,2.4818554947171654,1.5527954314774086,0,0
10.214251764705878,0.009054823529411893,0.469870066958914,2.3988550588235293,2.295577892336343,2.604420282107168,0,0
9.89700000000002,0.00649999999999995,0.49225466648436755,2.29451,3.0023195602636457,1.4654689519797004,0,0
1.033949909584095,0.007383688969258451,0.49420390504013234,2.251852712477396,3.2725491956418664,1.7403260960030755,0,0
22.877399999999994,0.008059999999999956,0.4656368712614834,2.24203,2.291398375473417,1.7107746447634962,0,0
17.646000000000015,0.041590000000000016,0.49520878071596103,2.17994,2.3847436850318258,2.1981296977744913,0,0
6.234853824652404,0.009325516248910093,0.46880143298799604,2.0026554420083,2.1833433733612218,2.738006936625203,0,0
10.883099999999999,0.010149999999999881,0.48032217494645907,2.29762,2.3229532406818785,2.368208331242352,0,0
7.755115824494098,0.01092108251488999,0.48398930689900754,2.35478711059494,2.4035346837323917,2.164444125963695,0,0
7.623999999999995,0.006699999999999928,0.4473964515647232,2.29697,4.883945868585391,1.7390069188079114,0,0
11.577299999999994,0.012250000000000094,0.47644809326642074,2.08083,2.195882327573815,1.8416675766991963,0,0
11.448099999999997,0.09387000000000012,0.48071019420417666,2.03726,3.8347131430111823,2.243804560866809,0,0
4.68610000000001,0.006280000000000063,0.4745795753610807,2.15177,2.4203336986788315,1.7747052715969878,0,0
9.861099999999993,0.008280000000000065,0.4400927521866018,2.72678,1.994492358904524,3.2658841853919256,0,0
7.6953346235743965,0.008162260852390135,0.473440347758695,2.11817917927276,2.5046570079539756,2.2502911830738688,0,0
0.9279999999999973,0.007279999999999953,0.4846324110744321,2.20203,2.892667770927874,2.360034233900814,0,0
6.167646422659601,0.011257502702700206,0.4852609171203077,2.39573546710175,2.2878806911519565,2.3550746401149456,0,0
6.507489433118195,0.009248231225019943,0.4713852020557791,2.30251384033274,2.348538966109708,2.5200252146945106,0,0
17.397094861145547,0.015691873625945707,0.4680467534078686,2.4050615073430466,2.359790457865846,2.7295263891925114,0,0
3.0878740344435016,0.019909682395389927,0.47191943079785126,2.27577987363677,2.710393694197954,2.632393265359228,0,0
1.3468000000000018,0.00943000000000005,0.4789874616272113,2.30103,2.214696586893896,2.772585106107995,0,0
7.073699999999995,0.0093700000000001,0.4903820914211717,2.36441,2.648203816755829,1.7777566714472506,0,0
3.8548660191959954,0.008772852562250133,0.4839798417132446,2.6701702402184,3.3717445196832565,2.5773599196315407,0,0
13.265945302943308,0.006025992409339986,0.47698852729361974,2.48789122349535,1.577500803572587,2.28557951744051,0,0
4.346211956864302,0.011648704525319964,0.48249490039527065,2.52600654259483,2.4184756807841588,3.44253431212889,0,0
4.1913539997495945,0.006830461746969885,0.4617122003535985,2.01414326966116,2.5341139340413865,2.3916749920096856,0,0
8.514550556696165,0.009567261741760591,0.4799028107690933,2.3660324560028525,2.378669515749827,2.2726078784072485,0,0
3.901332543410902,0.010245657101759953,0.46041531110041006,2.49440722936844,2.532045744614871,2.876562048724629,0,0
2.6559352277197945,0.00861435079817996,0.45881763970313333,2.5163549566733,1.9563286749501723,4.091647296305749,0,0
10.766043659525593,0.0096212339083801,0.4653344188113282,2.10786992952752,2.2807134526064385,2.6600446336477095,0,0
2.030727278914199,0.009242854447140125,0.46788802473371555,2.44256822102616,2.9123223946408148,3.11040567662005,0,0
2.4640251035918936,0.008346702246149862,0.46999010722217893,2.30991300843363,2.6648746414525535,2.5520333432296294,0,0
4.26400000000001,0.008990000000000054,0.46772123535636273,2.3771,1.9450867172141877,2.8652535476828422,0,0
10.159999999999997,0.03512000000000004,0.48731501691531137,2.20982,6.1161955770051355,0.9875759249033682,0,0
9.911831937859802,0.008562845692979826,0.4577281469032483,2.74988027699927,2.0243554280991036,4.177333997097583,0,0
8.95250658216419,0.011029244961910045,0.4892925702539112,2.3213517305356,2.315987705926907,1.9925769264040234,0,0
43.48949999999999,0.009264999999999857,0.45946856746047954,2.539825,4.503287188121686,0.9803212805898327,0,0
3.913118587279996,0.007497760876779891,0.4659600420247033,2.08109256808772,2.052943733836334,2.627411214632465,0,0
10.354626638252526,0.006150948321790084,0.4856191157098348,2.124493569525839,2.451566526182839,1.9382104304214003,0,0
6.909999999999997,0.007269999999999888,0.4668662827292889,2.177965,3.9693875354129173,1.8276132634025082,0,0
18.923000000000002,0.00882000000000005,0.4799913794809656,2.4742,3.0579880422821333,1.8216257835183025,0,0
13.570999999999998,0.009279999999999955,0.481845771675225,2.02261,3.30497251255276,1.9454044160237252,0,0
10.83290000000001,0.005810000000000093,0.48832022491763877,2.35038,2.3909424461027506,1.990507341231243,0,0
4.157721767829699,0.013774610944669918,0.4584304382929301,2.24956294322414,3.3398132843307833,2.229077560176296,0,0
5.474999999999994,0.006490000000000107,0.4644241259787782,2.20433,2.1980222806358745,2.594969121220302,0,0
3.8204000000000065,0.007060000000000066,0.48781702750472644,2.18689,2.704222072696921,1.636777919166995,0,0
37.67133333333335,0.008796666666666786,0.4850337529559386,2.500706666666667,2.3503139221576186,1.9291760803754143,0,0
1.5410000000000252,0.00706999999999991,0.5028025922957714,2.3983,3.2486992933786967,1.2943170639835022,0,0
7.268282804986413,0.032180234146809816,0.48384177780672877,2.67115515550294,2.285426788433386,2.882225939624662,0,0
8.084400000000002,0.00383,0.48906005242179384,2.28115,2.5208848267155073,1.8655003350383803,0,0
4.049964027118662,0.009768348788171455,0.47283185731456234,2.3691653643906445,2.1239910827590043,3.214947826573265,0,0
13.928999999999988,0.006860000000000088,0.48150778164193436,2.28349,3.0550922563420575,1.8568818787031984,0,0
4.847020690560996,0.011480098824990126,0.48816991091830225,2.44756556113194,3.0564985177596373,2.338559882622947,0,0
11.303999999999988,0.02546999999999988,0.48701883565908205,2.36394,3.3250670938481703,1.679536814446246,0,0
18.598000000000013,0.009619999999999962,0.4551217156677948,2.56041,2.3829846548035567,1.5927211953403677,0,0
6.164912081911268,0.008756313993174336,0.4737153328165812,2.3565329010238907,2.2804681129311755,2.8176182187821213,0,0
9.164758638560002,0.011459783646159849,0.4662605066930211,2.33356622927068,2.4326251333313507,2.464798287642929,0,0
6.532096386240099,0.008575977805709734,0.4878765030008258,2.60886046919748,2.522349989565376,2.7993264938365265,0,0
6.080614082170612,0.008551498631560017,0.4629139850414112,2.22140999538557,1.9650280391077086,2.227114064239003,0,0
104.14099999999999,0.02544783585794952,0.32989143441613766,4.7453392553983615,0.7503787811398825,5.235250831688884,-1,1
4.829401964952709,0.008670134267039886,0.4660139512076322,2.3341412170479,2.1418887185676736,3.265482535337878,0,0
5.2763467500259935,0.01036817274401991,0.4654178502680064,2.363444436572,2.3905982481742103,2.528521383072285,0,0
8.876999999999995,0.004229999999999956,0.493117960382609,2.20842,4.229800701160872,1.2573495612560632,0,0
2.6870173007329043,0.01504322535585012,0.4624910296989186,2.43797656431877,2.9276508538696913,2.317898673225489,0,0
6.113699999999994,0.009539999999999882,0.48860694490830925,2.31005,2.526007530330498,1.997110581190928,0,0
5.078400768146807,0.011533721225340132,0.4741472840318095,2.50410244346368,2.763639669122757,2.673710816429395,0,0
4.557000000000016,0.07745500000000005,0.4714139131702449,2.17613,2.998438974252724,2.370586790708425,0,0
2.7584295261430043,0.03379378287341006,0.483565754500413,2.60180094448817,3.184702535949286,2.6021747772682553,0,0
6.159772717026101,0.021066977571950085,0.471239393274638,2.32573536196051,2.8607804720283583,2.340268270499662,0,0
4.585799999999992,0.0041999999999999815,0.4766259195839675,2.31988,2.7563479534129165,2.183722046566245,0,0
7.659998874507394,0.009994544321029863,0.47113075213362327,2.19937855488871,2.497087704990282,2.410400592187598,0,0
8.091999999999999,0.008979999999999988,0.49053946925515657,2.21696,3.3605409867580374,1.530350542011048,0,0
14.077999999999975,0.015169999999999906,0.4879630810665005,2.37905,2.8954855185406885,1.617515006812909,0,0
4.374964022971113,0.012382461536650125,0.45981180601813626,2.26749353036589,2.5774788533607005,2.4769895168296197,0,0
11.386409618672701,0.010493747266000053,0.4798801268273543,2.27476154859616,2.3942366996576565,2.329229963343403,0,0
3.215757093577409,0.008541421537979987,0.4722676900980776,2.14488482643564,2.3674245958620883,2.5950892907256584,0,0
12.096305916137908,0.007874484842540053,0.45641604924701235,2.00222517742111,2.98174020595899,2.124724649610542,0,0
6.4517738733499925,0.008018023419830156,0.4687118608384734,2.27148198527057,2.3847474229279633,2.1043546480029502,0,0
7.250999999999976,0.007260000000000044,0.48228870757373027,2.37027,2.73875414932485,1.771129557741849,0,0
19.384537134708296,0.009921415102499997,0.4903528155066852,2.32905080097017,2.133888944210668,2.2747783400139348,0,0
5.663640194602493,0.01979231676403992,0.4606281632263075,2.45656640418358,2.8590432906047063,2.2877633607827064,0,0
11.259999999999991,0.007839999999999847,0.47922735839806513,2.215,2.3864809796733035,2.2234583928839715,0,0
2.6700000000000017,0.008299999999999974,0.49888992148703515,2.03796,2.5168753984134717,2.451243922012935,0,0
11.584000000000003,0.008319999999999883,0.44531498498398875,2.15151,5.142148585563099,1.3330272368887504,0,0
4.813755629385412,0.008721148668439982,0.4808501169345294,2.50994624094395,3.2378105341228447,2.413169809872342,0,0
11.384000000000015,0.01963999999999988,0.47859157897666615,2.31333,5.481933839003579,1.1487890031553114,0,0
9.317650201589004,0.007255799068059954,0.4651101393882062,2.1346664394636,2.2812019843870357,2.2335067110299462,0,0
9.109899999999996,0.006790000000000074,0.4847290013543115,2.11574,2.2800901179484914,2.1796609908372777,0,0
2.9740843840752973,0.009440329747419929,0.4919878973703107,2.43513833733163,2.303655202829332,2.142049734744273,0,0
8.2256,0.011849999999999916,0.47374543605158687,2.26543,2.3720579401024615,2.218681322795497,0,0
6.7248489432703025,0.003674265593561321,0.4236658747129758,2.051950189098999,2.636325584294014,2.0542118898322665,0,0
3.240000000000009,0.006770000000000165,0.4920937237011118,2.30004,2.3519111877914023,1.7097655907055689,0,0
13.600999999999999,0.007809999999999873,0.48457753766816924,2.21724,2.1141980710301307,2.422712958073307,0,0
14.57423333333334,0.006046666666666756,0.49219252658570617,2.2430566666666665,2.989456265838077,1.3572217726060798,0,0
4.334793653048095,0.009209484689419956,0.4865747168079347,2.6482509261972,2.61533722652498,2.8502708689235767,0,0
11.890900000000002,0.008529999999999927,0.4714738087402044,2.22772,2.4194262987615143,2.4622891622303875,0,0
10.03410000000001,0.006960000000000077,0.4925543672380938,2.2944,2.249864131570806,1.7033685397867104,0,0
10.327399695731813,0.0064098621848101,0.467157012148153,2.52672873540084,2.2082386974558896,3.250431800169887,0,0
1.4614285034454042,0.009967185234559972,0.4705689581030793,2.42681065363289,2.7804665558997246,2.538119741245166,0,0
6.757999999999996,0.006760000000000099,0.4566194603809332,2.14728,4.663241273449493,1.5951068164401996,0,0
5.741199999999992,0.007460000000000022,0.46333980551557513,2.18152,2.1169159716776194,2.5252035231255947,0,0
31.658999999999992,0.031030000000000113,0.46709783105872843,2.09595,6.2002798321007395,1.1679229273942653,0,0
12.712999999999994,0.003090000000000037,0.43166086220805544,2.14408,4.936792750831511,1.4205909266884877,0,0
8.688940151632593,0.012046542822410133,0.4798511057040509,2.26987051111423,2.175596822641838,2.7110290766265375,0,0
6.665000000000006,0.0589900000000001,0.4926420061921417,2.20603,2.4850173798393866,1.546812671098944,0,0
3.5382270914575003,0.009381095175539977,0.48209586204623006,2.37915967663558,2.771712441856443,1.7213791119382411,0,0
9.6203,0.007479999999999931,0.46790969465722226,2.27453,2.2419538108228614,2.5442528431846925,0,0
11.112389018744906,0.009832375469746468,0.4819162812675401,2.3855581562144303,2.367656100106815,2.301451675708774,0,0
11.442399999999992,0.0053399999999999,0.4927252099275061,2.21508,2.8450172966683986,1.3500986634319223,0,0
14.747020093793594,0.009311063967909927,0.4713661889446317,2.45192431384068,2.2212423621792037,2.788567215451733,0,0
10.649396396396398,0.007590360360360204,0.48031939334966217,2.211378108108108,1.989392269725322,2.1593724433392265,0,0
6.3410174517436815,0.009586898685629786,0.477195111221972,2.386275440784442,2.413137303808466,2.0812448961812593,0,0
10.577882258923822,0.006004608417687907,0.4850145182231509,2.108596222695791,2.565639748513405,1.9187784224839453,0,0
6.9010000000000105,0.01088,0.46375089041220285,2.28545,2.252265398827877,2.9951358210358117,0,0
22.733000000000004,0.006269999999999998,0.49095809665852186,2.23777,3.0391376136801216,2.117260131299248,0,0
5.153000000000006,0.09863606138107439,0.5137114659702112,3.41653,0.23153994510568443,9.375243567783595,-1,1
2.491614585722303,0.010248436990770049,0.46743916394803325,2.25508435463838,2.209491290561756,2.4520802267897155,0,0
6.0908000000000015,0.0046999999999999265,0.48749808223008967,2.29926,2.4457130793522337,1.6685600389829214,0,0
4.562799999999996,0.007940000000000058,0.4700862040997044,2.14071,2.4277581691904815,1.581340079039997,0,0
3.0817119606081746,0.009065093521895218,0.4571288863294907,2.2812570748646084,2.4532205692727276,2.8756024519601016,0,0
6.721669565217397,0.012188260869565148,0.4787173975920568,2.2074378260869563,2.854070224541794,1.50084927959551,0,0
5.21621948564129,0.00803874610641997,0.46368944430251424,2.31526858771658,2.2097241737844784,3.2348177165954928,0,0
6.2746434554033925,0.012561931006330074,0.4731311045948571,2.65797843668238,3.269740619446184,2.452539815254233,0,0
3.1616983013624917,0.012129021456980027,0.4566421434406894,2.47684639906533,2.804391625412625,2.560449561642844,0,0
9.269636363636351,0.030213030303030353,0.4904397558528684,2.2009772727272727,4.4735419941031305,1.3618592118166397,0,0
14.15100000000001,0.00611000000000006,0.4874066636839125,2.23377,2.779127586663164,1.9823725076504912,0,0
14.949100000000001,0.005810000000000093,0.4866166930783435,2.20516,2.750379355184981,1.6628746366016762,0,0
15.7469753494684,0.008504815263540078,0.48290092169858545,2.23284853702962,2.171874316310548,2.3788739910529335,0,0
23.620499999999993,0.009039999999999937,0.48176346163734296,2.040605,3.24882009230787,2.0920216709714627,0,0
3.811288194400497,0.017899038654899835,0.4622406740084655,2.35966939279793,2.2047310381667167,3.2691401818574897,0,0
14.675240544610006,0.008250573290999874,0.4568054071767907,2.44950070852639,1.566144432664994,2.4876073796884315,0,0
9.065007757540002,0.00928762546082007,0.4776245781265414,2.55895011287012,2.33551867344074,3.163855107843394,0,0
4.688747179566498,0.016362052363900093,0.45628619433471695,2.20047791453121,2.894484589821182,2.3942778769762048,0,0
9.623999999999995,0.006449999999999845,0.478137972217114,2.22617,3.258239155875463,2.131276735395967,0,0
5.826299999999996,0.07957999999999998,0.46982316595423934,1.97333,3.6021214948681433,2.0068624959151813,0,0
15.087999999999994,0.010509999999999797,0.4767095928599663,2.31889,2.10920615974464,2.593652034554196,0,0
12.470120042424298,0.05584348814326989,0.47438234685171604,2.57711588507461,2.706429485268268,2.5926650642773073,0,0
2.791725086788105,0.009438230296469952,0.4653869531915123,2.68084059001152,2.292041916399397,3.2375015443700743,0,0
11.867000000000019,0.0917349999999999,0.4514351845993321,2.8099,1.8960496715558357,2.1041211464837906,-1,1
4.781000000000006,0.004390000000000116,0.48486940132240547,2.20486,3.3394596541153945,1.9920390523847848,0,0
3.677099999999996,0.008179999999999854,0.48481773373046205,2.2284,2.087771258439844,2.616386229374618,0,0
7.972000000000008,0.05622000000000016,0.47112433428537404,2.44807,2.991260860320962,2.1862827674435237,0,0
5.191400000000002,0.007329999999999837,0.48498597435849156,2.24594,2.1058631160943704,2.550957577394738,0,0
13.356000000000009,0.009540000000000104,0.4867319175237235,2.58802,2.416167951931495,2.156832820300577,0,0
6.071026950751602,0.007866133617379978,0.4539087107590787,2.51989737159037,3.03666599472915,2.9445565814705263,0,0
10.593000000000018,0.006849999999999801,0.4989621178124354,2.31105,2.2443989643192026,1.4831281246542132,0,0
13.501999999999995,0.00757999999999992,0.49298535526812715,2.24288,2.3290518592454443,1.6708799648891817,0,0
3.561863121212795,0.008714186385180067,0.4797245993730215,2.53353496752146,2.462757582502684,2.655120038340946,0,0
2.557283034301804,0.008686048586840078,0.4664484284701215,2.17765045815376,2.7397915407438513,2.3416142609123196,0,0
8.763879037633103,0.013803349307150103,0.47894267115986827,2.51105147403376,2.5220891625093906,3.013839325386258,0,0
12.105099999999993,0.007530000000000037,0.4839797509582958,2.13802,3.495617764721798,1.4939565972159563,0,0
8.198976213576003,0.00784140754890994,0.4817588243078728,2.67537986066292,3.1917192384502138,2.545848533071011,0,0
2.53769583380749,0.008826023532359839,0.48003426961054185,2.35942418212237,3.1087364621017786,1.8847853572493478,0,0
10.263000000000005,0.006759999999999877,0.48745319588784225,2.27794,3.3516984870473525,1.6780849884795987,0,0
7.606663276531705,0.008813387071939793,0.4808272544173644,2.45972498753254,2.4337025701735184,2.079711037753358,0,0
9.141046369744302,0.010096135860309996,0.45911062885368276,2.38759323895948,2.2031729470917636,3.0937084137876822,0,0
4.512956388837608,0.009303184000040154,0.46528862676188903,2.24091611867124,2.2301641442514977,2.3579914763793,0,0
2.948599999999999,0.00590999999999986,0.49448168406018206,2.26926,2.95234573987347,1.4072513159378062,0,0
3.7444862318776018,0.006740664318459988,0.44298224997616525,2.03098299409709,2.5426335981823995,2.6131376725339495,0,0
15.0,0.008750000000000036,0.4852723034541217,2.26273,2.185611340815121,2.6424608443388173,0,0
6.042872529329699,0.008679811321490094,0.4611430623560034,2.14436728422286,1.9959675114368232,2.969988683639556,0,0
1.233000000000004,0.008050000000000113,0.47963981058712907,2.18667,2.4823067728586876,2.421830308416416,0,0
6.322311442033509,0.006575470523330074,0.4683163646440134,2.25454910075385,2.581227933021129,2.127498016988385,0,0
9.697599999999994,0.005260000000000042,0.49208399763485894,2.27234,2.4760255965432503,1.700737919832584,0,0
5.8035,0.009600000000000053,0.48621452676569615,2.144175,3.4352513826973237,1.913866959323114,0,0
1.922092572704294,0.00870888673883985,0.4523167808178026,2.23442127861354,2.74709074290004,3.461458646798451,0,0
1.483943656779502,0.010488039009540095,0.490692824090474,2.55777971294133,2.7345565194932444,2.5332902011691023,0,0
5.935907230957795,0.008582333272069809,0.45760968715807987,2.70152150369207,2.079647593788957,3.684047699955228,0,0
9.80557492274869,0.010361740980930012,0.49386116826561055,2.42515923282354,2.048352988673955,2.4441388633591097,0,0
8.776780312927002,0.008350248915409919,0.4775116378927089,2.25437227633978,2.4567020834285778,2.4642889124806975,0,0
5.388816909219997,0.012167111054280033,0.47624780098187014,2.48448724654025,2.967109824652057,2.51581961666342,0,0
8.766999999999996,0.017439999999999678,0.43999522855980727,2.03536,5.636509792458346,1.2496290106799262,0,0
7.195999999999998,0.007330000000000059,0.49410959957540695,2.28454,4.599934285439126,1.147231050192699,0,0
36.040464085888175,0.03452440718056615,0.4576525999349359,4.091985353365072,2.0708773550670276,9.345719667979019,-1,1
4.748149506529302,0.008987141061920001,0.46324721996352863,2.06545378198137,2.0263466289032968,2.602940572071293,0,0
4.885672324689807,0.009641789560239866,0.46248496581091375,2.54454549619021,2.6788201888015712,2.5843462425146986,0,0
6.665499999999994,0.008294999999999941,0.4835728050096144,2.34119,4.554467123066199,1.5302510732616406,0,0
12.844000000000023,0.008929999999999882,0.47720186847206425,2.41653,2.920181400021833,1.8148034975554719,0,0
5.0375000000000085,0.01045000000000007,0.48447728291735165,2.1902,2.0500301794851996,2.4899133976605206,0,0
5.791799999999995,0.012299999999999978,0.4728794244212746,2.30972,2.2911201643085644,2.3579983313106796,0,0
6.5319999999999965,0.05822490909090905,0.4891992925387569,3.31389,2.9392975266938848,4.3213357263283845,0,0
4.7899397299958935,0.009067245182240002,0.473799218600838,2.84277509835786,1.979338983731042,3.7708791312356014,0,0
7.413451288454198,0.008383110073070021,0.4736544670454174,2.06257071823341,2.219509764096662,2.7288471285137703,0,0
7.158000000000001,0.005170000000000119,0.47537176387168223,2.22342,3.523163882311034,2.190426884026323,0,0
16.8955,0.02190499999999984,0.4907651450518361,2.41537,3.4194499720537443,1.6952760501084652,0,0
13.028999999999996,0.007050000000000001,0.4796532530060418,2.21622,3.488655176931598,1.264804688088459,0,0
9.316000000000003,0.00933000000000006,0.47113813312320635,2.30702,2.265769164192656,1.9926459342754779,0,0
3.374819045471696,0.0060845396039699295,0.4598181411851036,2.03313030402874,2.4606054366745727,2.2364797638308933,0,0
5.731032329223098,0.007371901614309895,0.4712933025209302,2.25838064532767,2.5785671392181255,1.7837137588949465,0,0
6.317684880546082,0.008998982935153776,0.47513136395907857,2.362878686006826,2.2584673669253217,2.6811598277631785,0,0
5.47420000000001,0.006219999999999892,0.4921140460145762,2.20698,2.529444215880615,1.6729157770092178,0,0
3.8832808968191017,0.01180759881080995,0.4786322448510602,2.45910147563857,2.7754791973043336,3.1001013547046474,0,0
8.125540883988904,0.01374303485063999,0.4655860730480379,2.50261052242001,1.9505507752462856,3.332957795196424,0,0
9.061000000000007,0.007589999999999986,0.4828434897955922,2.26532,3.6951167532572256,1.905534384658612,0,0
6.327813594182203,0.008059284182529991,0.46788408961956945,2.27294435267828,2.1813564844687856,2.0977638908821787,0,0
7.456000000000003,0.008059999999999956,0.4863494410298066,2.26813,2.5172425841165578,2.2466697542251146,0,0
5.897199999999998,0.005639999999999867,0.4740549424747594,2.21638,2.931976770545249,1.5746866826327097,0,0
7.435867561271195,0.008888056333959948,0.4629486435885543,2.25352122343685,2.311232772360322,2.818235499470073,0,0
6.567040859372099,0.011561352163130145,0.4710898644989023,2.42720061518969,2.731384917743753,2.6031490178855,0,0
18.89699999999999,0.005530000000000035,0.48352012520257764,2.32334,3.1547432599289875,1.861374630425133,0,0
9.022500000000008,0.005454999999999988,0.4945821404134208,2.201715,3.782742995046173,1.524959035690743,0,0
10.011899999999997,0.006079999999999863,0.4901237386244041,2.20139,2.4124342332316755,2.156039892637629,0,0
7.040626899887499,0.011815181377800243,0.48674690109835944,2.52551173473345,2.5632032506016595,3.0497742727678356,0,0
6.388300000000001,0.0379799999999999,0.46530348869189925,2.32801,2.9169343363968863,2.7179077969832655,0,0
4.614624339040404,0.012258107948289965,0.4704101494314806,2.48092774854382,2.4852522561137182,2.5833965213727317,0,0
9.184754358742993,0.008259480831730004,0.4542883670016323,2.02546859302926,2.0200557457402213,3.522734497335261,0,0
10.459000000000003,0.007360000000000033,0.49345781369748487,2.2389,2.5896529483030197,1.4379558226963238,0,0
12.3375270698903,0.00907614092419018,0.48664502382475006,2.26261985010787,2.2022256416149877,2.334198876213168,0,0
18.548000000000002,0.03271000000000002,0.4817805173048463,2.15146,2.6669673348407374,1.4208188289084014,0,0
3.652455753067798,0.010077578015019961,0.46914413145138567,2.47110969101997,2.539825528922276,2.6479121411862896,0,0
9.925000000000011,0.007939999999999836,0.4474255661727153,1.99946,5.707110390953078,1.2344516482343495,0,0
9.038000000000011,0.005170000000000119,0.47870373266196503,2.29238,2.8322430972845516,1.8979356142630288,0,0
8.3902085266553,0.015697781636859975,0.46089716468582975,2.35695706097058,2.799748338950078,2.298896468136226,0,0
12.841134531091086,0.14021521924208513,0.4619224324328024,3.445239305164942,1.4683070301614514,7.026800851370236,-1,1
4.911959821423608,0.008262570688710058,0.4528157731784763,2.36957172965181,2.3403978488967603,2.7198070261187977,0,0
5.930923954102894,0.008463840842749981,0.4803867229891203,2.14294280166788,2.644251725418819,2.6989644814123572,0,0
13.8934,0.006320000000000103,0.48171702919479925,2.34945,3.184609989689877,1.3351509867194489,0,0
4.031000000000006,0.006760000000000099,0.4957019468312136,2.148625,2.559917077758796,1.7719013324036836,0,0
11.527500000000003,0.00546000000000002,0.48365776369397917,2.31285,3.1107507773436485,1.9914960041944045,0,0
17.950450000000004,0.006220000000000114,0.4883653190050425,2.25174,2.515349909477858,1.5363976451258026,0,0
12.182900000000004,0.005530000000000035,0.4787870792657646,2.09206,2.4998117596705995,1.548944502759209,0,0
6.417718348037994,0.010431715207799952,0.5043034196918087,2.38212762701401,2.333432641522056,2.1313218394645275,0,0
6.647824045229605,0.010762935010269814,0.46631490013942134,2.36719950192516,2.8085811743482334,2.936412679354148,0,0
3.8016000000000076,0.006990000000000052,0.49462481798325447,2.14094,2.47744493827536,1.689141631452535,0,0
10.466736094968809,0.010548760350019837,0.45935792340003523,2.48799839314154,2.6951208457573737,2.9586716194089937,0,0
4.240741849105987,0.010438284721559832,0.4796784281957843,2.49196863380894,2.5213225815783233,2.1257795863962117,0,0
16.80800000000002,0.00878000000000001,0.48137387039041957,2.34276,2.452978743464331,2.3814413903397855,0,0
3.9913999999999987,0.00924999999999998,0.4769349553618885,2.3115,1.8713100121437327,2.7630232090671534,0,0
3.586771647942797,0.00964410790234016,0.4732765410236371,2.20913468642647,2.285645890364402,2.5128085325181817,0,0
6.6003830819344955,0.013120246629589882,0.4858136464876716,2.45706340189995,2.468681448613929,3.012032199844455,0,0
10.463805576208173,0.018819293680297333,0.47332369545233477,2.2069402602230483,2.3184667187093377,1.6422389333196705,0,0
5.198962658125694,0.008580802087889916,0.4686804044070102,2.22442860402675,2.2759261338231784,2.555695861742483,0,0
10.679280648173204,0.009672369053250085,0.48613227695481187,2.32598505618666,2.5667235958522467,1.8966816508829323,0,0
10.106121870005325,0.006313838572189701,0.48629006488931936,2.142188830580714,2.333996346954132,1.9586543481623715,0,0
8.979000000000013,0.009079999999999977,0.45091311047357535,2.08223,5.89799468776659,1.1653035709634567,0,0
6.7599084858918985,0.017936320143699946,0.4619497074593377,2.5136569549694,2.4478518506448457,2.435502871862274,0,0
3.519022192933008,0.009263357408280104,0.44870496438407775,2.75518127846126,1.2899767769251131,3.03649666055843,0,0
2.769350000000003,0.008289999999999909,0.4877620228564516,2.137555,2.632299165496421,1.591022036588634,0,0
5.91729178256395,0.008420791263050065,0.48624068131337744,2.20003746783794,2.440014614332511,2.432177346428421,0,0
16.28399131539399,0.009842953010640088,0.4887165495179365,2.34311632497265,2.6478921625543426,1.7963667387674014,0,0
14.029786101213404,0.009572126452009888,0.4807989812677102,2.45124209035743,1.9340115934283264,2.4511885817011834,0,0
10.155975341796903,0.007793935671309926,0.4567700579725039,2.27843952354401,2.9189300855151052,2.6885144928162967,0,0
8.107,0.007039999999999935,0.4767657792519104,2.2529,3.6458748253020232,1.847419777452615,0,0
26.199000000000012,0.017650000000000166,0.4807408731399973,2.39889,3.622235402322563,1.8777130821096975,0,0
4.838801056825204,0.007283281394129926,0.4651150433199527,2.5343873754148,2.4162358584870813,2.7234868434816146,0,0
16.289999999999992,0.01042999999999994,0.48930011275325713,2.27821,1.9469730511526313,2.400909934873041,0,0
4.325599830002602,0.012111715403049894,0.4691608073746597,2.50688413259473,2.187514296662483,3.0996341089100667,0,0
9.947999999999993,0.005249999999999977,0.4861282108816327,2.22766,2.1774725935047554,2.0412978458850017,0,0
4.412766280073313,0.011127640792909954,0.47550363356155645,2.63851798203776,3.222169389313206,2.7484683633934055,0,0
6.938483162750899,0.009157760926469916,0.48018204454160857,2.41797546005025,3.0132448568937225,3.1272946994306667,0,0
2.7261000000000024,0.006639999999999979,0.49062526877096413,2.218675,2.7806987411343935,1.423664550352831,0,0
8.848902079213701,0.011333083525070009,0.4785445805108562,2.4634304863544,2.795902763783124,2.874087392708304,0,0
4.999865615356001,0.009950731408910007,0.47962454838311097,2.24756051133653,2.8350310718761116,2.041482565358704,0,0
2.664060421813204,0.009623526475430078,0.4689486423691289,2.52434409777757,2.8648083952130174,3.3080362666817327,0,0
34.02799999999999,0.043915037474000274,0.37434835649752163,4.866084705882352,3.280401926833988,12.009414319163243,-1,1
11.863200000000006,0.005770000000000053,0.48490482583695727,2.289745,2.488117696058015,1.92725874611724,0,0
7.115748968492298,0.009321007106259938,0.4749999458013353,2.44510638759041,3.020335203507444,2.291277408573668,0,0
1.9891597086966897,0.010043571589350098,0.4708783953237666,2.65142128071957,3.0446496422743206,2.850560739042402,0,0
3.5169491784536007,0.010249288485889796,0.4674270185041949,2.23221651201813,2.480696395222567,2.14186500970944,0,0
41.77099999999999,0.008180000000000076,0.47553554040895807,2.47874,3.0205980140206368,1.7680604260441746,0,0
1.1799027349613027,0.008903049314090028,0.4556146310436413,2.29892549418957,2.6353294116933923,2.6569461328218664,0,0
16.12585,0.0059349999999998015,0.4930848260709056,2.045545,2.848136834867238,1.5149696000427366,0,0
3.387999999999991,0.008240000000000025,0.44742144694415703,2.76649,3.2057818384122263,2.117189010375271,0,0
7.4910526036578915,0.00998228595553008,0.47590040224524954,2.22380240104086,1.9410557821399095,3.102442545556215,0,0
2.8371901812998033,0.00956336692765003,0.4885079111980406,2.61596535980619,3.020351054440628,2.9215597049514384,0,0
11.283458910433978,0.018541652816251197,0.4694867051507406,2.3525416805170822,2.8483357088051586,2.235709432703593,0,0
11.265316258759796,0.00874761273793001,0.4680910926191037,2.54172862242136,3.002581689799262,2.323616459845488,0,0
3.314700000000002,0.006329999999999947,0.4765937809628514,2.29225,2.940652772439543,1.8041166356515645,0,0
8.38515772705449,0.008873474297139916,0.4678855084288875,2.22837755874203,2.2644888451997325,2.5635650104606675,0,0
2.2342559568000127,0.009564861745330111,0.4728043554379077,2.48526657887617,2.470673832534713,3.0234529889784034,0,0
17.342399999999998,0.07474999999999987,0.4794313178585181,2.27398,3.1109250122885905,2.0453496069507655,0,0
9.8737,0.005519999999999969,0.4899773165496753,2.37038,2.16924410456648,1.4898786304650085,0,0
12.750199999999992,0.01191500000000012,0.4892378717567613,2.18535,3.70622530227442,1.2788039559825484,0,0
4.955100000000002,0.004690000000000083,0.481303205220274,2.24986,2.671648328804549,1.9832294066979306,0,0
7.592500000000001,0.007810000000000095,0.4816540681974603,2.24888,2.33917058663065,2.4906310717821882,0,0
6.97933765603041,0.010250596345509955,0.47546223879042476,2.59160664627278,3.165184007142159,3.1837625556478812,0,0
5.333298349791491,0.013218465475320018,0.4839773688097232,2.47820476078199,2.333547962600849,3.187146602818855,0,0
4.76227949882724,0.005944719301214985,0.48179215337757564,2.182435137766785,2.485338696951354,2.527267634065324,0,0
2.0472409209670985,0.032085207327019916,0.4796557824049231,2.58138901189306,2.2111443429032924,3.1964041270745307,0,0
4.161314796356308,0.009045202709830003,0.4681967051044774,2.37100135739812,2.6925101310017805,2.4286636359025255,0,0
4.571899999999999,0.005519999999999969,0.4859829813279645,2.22014,2.902406746594705,1.437415901594446,0,0
2.1092256402234852,0.009228811941262238,0.46870401687907304,2.5483961488552094,2.9440924817041174,3.2511556700324173,0,0
53.343999999999994,0.02917440120647985,0.35773339311785046,4.769704929262844,1.1323482926622621,3.593049295956103,-1,1
8.156999999999996,0.006240000000000023,0.4816272678171755,2.23231,3.4596720960519507,1.9302412672449045,0,0
5.491,0.008070000000000022,0.4581860372364533,2.43353,1.5688388342975805,3.61559631863974,0,0
1.7641605246083003,0.011334098534869996,0.4666842659670567,2.48633205084367,2.39730672751914,2.451447959712051,0,0
3.359799999999993,0.02821000000000007,0.45636323946736523,2.23929,2.7811517020150114,3.113200444862692,0,0
5.317643237113188,0.009820124964950105,0.4720138256800966,2.28014638653682,2.530328248603759,2.2078584597404567,0,0
6.125200000000007,0.016939999999999955,0.4888628704694529,2.18818,3.4367883416897054,1.4494121801968227,0,0
24.236500000000007,0.008284999999999876,0.4744280146380649,2.21464,2.353068270734682,2.1676176437660932,0,0
15.713300000000004,0.007390000000000008,0.4744959621248658,2.17103,3.7721689641963456,1.5916211711515544,0,0
4.472198253715504,0.013007156005510279,0.4827437051778781,2.44048934428924,2.998232989547967,2.5988083288138126,0,0
7.289410770172495,0.012108911931719923,0.48473414532142167,2.35653794710926,3.248381720746769,2.45532488395825,0,0
5.805099999999996,0.010930000000000106,0.4716559025234703,2.32687,2.321140241095109,2.217209240468565,0,0
2.8220000000000027,0.007869999999999822,0.49066976012176783,2.09865,2.414280824107825,1.8763803453642627,0,0
5.2214755094449,0.008573476684640147,0.4768877778176105,2.28562546215925,2.6205117462593734,1.9357042789901528,0,0
4.0516860195498055,0.008501347236079981,0.4687708090761301,2.17386313176812,2.017223391682121,2.74088301272499,0,0
9.819724740503304,0.008628407085869982,0.4673700910820796,2.24164949670705,2.5024489901673577,2.801373093477442,0,0
13.915654822581601,0.020229799549549954,0.4743820330475149,2.63846202518473,1.9577517982984982,2.803641557225731,0,0
9.397741794813797,0.009400971219940102,0.47345576898213376,2.15912921726436,2.3254409072517794,2.0332544907029515,0,0
17.6488569416871,0.008164161818349891,0.4619366550659381,2.3420983422865,2.3946667572700844,1.7329353779539154,0,0
6.0432174603326985,0.008693814156540025,0.477705805419232,2.19740903811339,2.2133409076510353,2.5270469486436755,0,0
3.8831519975337017,0.00839874545217989,0.46032577541518377,2.50017535640014,2.2514766394264103,4.120309481496235,0,0
23.855999999999995,0.009910000000000085,0.48753560878289476,2.23402,2.798313648758025,1.693536635270868,0,0
6.8464169437149,0.010694503835109836,0.460139699331326,2.21262441922162,2.255560759084975,2.6892789586450774,0,0
8.989094744154897,0.010331520771740044,0.4962043077170377,2.42514633456968,1.8147184589019993,2.501719581461749,0,0
22.377999999999986,0.021569999999999867,0.47898800342074344,2.25008,5.175068933392524,1.1621597073110472,0,0
8.228699354454093,0.009064252839640075,0.45725636553679266,2.30650207201666,2.322258273409521,3.1969199807437167,0,0
12.820899999999995,0.006959999999999855,0.4882464086772543,2.1602,2.4274614132400822,1.5561289111976357,0,0
1.5758377414482965,0.0076013995344301755,0.45598388628468695,2.39247975162758,2.772453364625942,2.9188684050769544,0,0
6.5883988818332,0.008163782123870034,0.4794832996105478,2.10850764695276,2.3506467778902524,2.3986487554294085,0,0
9.601931559840892,0.009195294149650035,0.48300999557281493,2.28311569092831,2.5953491483425153,2.2791484023397945,0,0
14.60299999999998,0.006469999999999976,0.4901392135028532,2.30716,2.5870936545266723,1.5655330618799106,0,0
7.06568905027153,0.08218926323510622,0.4721353273381285,3.0645734560078663,1.776340467688686,4.894470073283271,0,0
6.0283605652967935,0.009171907806629909,0.4799079177814819,2.32785139912491,2.2298415128673508,2.540520512576087,0,0
12.970672159320898,0.008943825631190006,0.4566301274029339,2.18743545627524,1.99970870881523,2.4096487677465,0,0
4.1632425092251,0.010520883971639972,0.44621199667471145,2.67913596337265,1.752012905008703,4.263014972025221,0,0
4.176249660294289,0.01090008969310996,0.4771091603865428,2.65990865014564,2.648811599600114,3.186576110192396,0,0
12.546999999999997,0.0040800000000000836,0.47328105268575005,2.41957,2.831309046564436,2.452932201568712,0,0
8.413599999999988,0.006440000000000001,0.4811827553608139,2.1911,2.9019528907563727,1.444729189385678,0,0
7.799205163944791,0.009159352375520013,0.4857742168091362,2.65304732784472,2.7071485263187913,2.942154293942526,0,0
26.662000000000006,0.005579999999999918,0.48052746812549646,2.05112,3.5076491096937894,1.8673737373737376,0,0
13.595000000000013,0.03160000000000007,0.4706440703536541,2.418345,2.348177225029149,2.430743185794559,0,0
4.84147007448901,0.009734595892860076,0.46211215584956206,2.26607610104818,2.2815118733965187,2.5563585235677055,0,0
9.804503643603098,0.009708373413320093,0.4523817387180904,2.41829043432185,1.9092755802157175,3.389143378508854,0,0
3.6845032052021054,0.009514307934400001,0.48261121628501114,2.60932766382844,3.086575199619128,3.162862808290673,0,0
4.830616443815501,0.00898720483293003,0.47028929207907866,2.15789930383122,2.057759567552888,2.383597674685453,0,0
4.9010000000000105,0.02844000000000002,0.4989435421482121,2.06506,2.7757985016385094,2.0034631065102255,0,0
15.785854239170796,0.007421506073530093,0.4653878668594956,2.45433028092025,3.148300931793852,2.4758958942975315,0,0
4.996250000000003,0.006959999999999855,0.49058848650166775,2.276315,2.6240302546336887,1.447043220171608,0,0
11.122047087091403,0.011129371683998635,0.4485605247632501,1.7704385337394384,3.1856987178848795,0.11115585790393069,0,0
12.03365454482801,0.007813578311270053,0.44935129633658183,2.12525402498336,1.875032108884555,2.2073433149944837,0,0
16.76400000000001,0.008759999999999879,0.4799697057761574,2.37524,2.376197285360541,2.5666563588424856,0,0
5.600712937372194,0.008222333405390136,0.4731111706477637,2.56183904413432,2.9928419326676208,2.5686492886218546,0,0
7.371800097885199,0.009343712453520059,0.4663331024854533,2.4513033839691,2.841964608387198,2.3917763995291463,0,0
3.321742683341199,0.010026340596650085,0.4774214449538546,2.67787022824559,2.9527953357303143,3.1127008538299714,0,0
10.666032791688863,0.005946827384123665,0.48477532223341696,2.102319294086308,2.6130947785494247,1.9108088954129663,0,0
5.209538328389499,0.009529603147949928,0.4837749085032753,2.26831205484093,2.5492830396210038,2.488653270714376,0,0
6.262999999999991,0.015710000000000113,0.49545028350303727,2.21191,3.8006711269103697,1.565064189533767,0,0
6.9354999999999905,0.0068349999999999245,0.47198264960944075,2.271175,3.389885450252278,1.870496098376081,0,0
7.677800000000005,0.007179999999999964,0.5082203828149653,2.32247,2.4857955305171013,1.5273923923787638,0,0
3.2870999999999952,0.08178000000000019,0.47005897354160026,2.00836,3.870731713902321,1.8124106950615593,0,0
3.664856240721406,0.009101746098040042,0.4681398890036039,2.20923169922805,2.6034123325583,2.5998120883422335,0,0
10.076018098488305,0.009565759796060114,0.4711993294048195,2.22668810905306,2.6897759356329263,2.000550740825068,0,0
10.732123024993797,0.010393118006429836,0.47963740976680413,2.22345713431668,2.632197483272621,2.262947986895932,0,0
9.510500000000008,0.011374999999999913,0.4787610410745663,2.19216,5.748856154350089,1.149215877751617,0,0
29.62599999999999,0.007050000000000001,0.47308250958666154,2.27183,3.4038687429279593,2.0271096839023963,0,0
28.243799999999993,0.008989999999999831,0.4905920118139553,2.39105,2.465056470580517,2.1912980347618567,0,0
4.072000000000003,0.00822999999999996,0.47737102548705124,2.25008,2.203420722403409,2.348431818181818,0,0
1.2075746141334918,0.008324368561839934,0.45486027537469836,2.69757004623423,2.290610362231316,3.8043416283463274,0,0
5.646199999999993,0.006809999999999983,0.4852961727408565,2.28537,2.209242059700652,1.739050180553236,0,0
8.817045924081995,0.007932721981080082,0.4598100793474535,2.04428547461424,2.428351414093569,2.4788865563382614,0,0
3.01804857118681,0.010002042310039982,0.48646387769238875,2.18127605834449,2.436246176084722,2.0562009506239085,0,0
4.518000000000001,0.004934999999999912,0.46959558449790406,2.245305,3.1692503002657273,2.0476712328767124,0,0
2.872320236333195,0.008548465863499999,0.4849309612554198,2.31320597659189,3.3227123241784127,1.7187923846829978,0,0
7.5009000000000015,0.005759999999999987,0.48218109776347584,2.06514,3.2727298168368324,1.840374256958304,0,0
6.001801898914607,0.007639816767329943,0.47203013859344545,2.1788848464413,2.6103291033334055,2.1343445780484354,0,0
3.9989499999999936,0.010340000000000016,0.4743033693444764,2.27401,2.2400291663161096,2.4725506589426804,0,0
14.626000000000005,0.007249999999999979,0.49511251815466956,2.31688,2.237507630592134,1.5431660727271788,0,0
4.387600000000006,0.006839999999999957,0.4638179339773603,2.01495,3.9019288742790676,1.865244049776489,0,0
2.775014779144101,0.00916793045202513,0.474562312916053,2.605835922190985,3.229127171731983,3.1254612281291863,0,0
7.598950660725407,0.009243347077549924,0.47057987363194664,2.40534051847278,2.6150190222913725,2.390642313843473,0,0
10.642700000000005,0.007449999999999957,0.4849900598327138,2.21354,2.749587475188725,1.511204806577422,0,0
8.739746605174005,0.012618820813980136,0.4251962128936185,2.44313543336177,2.736777652314774,2.770874500905723,0,0
10.894000000000005,0.010790000000000077,0.4781368124212505,2.40068,1.866538706717197,2.012555828746729,0,0
0.9195645281578066,0.033484692507950164,0.4781271891675804,2.53246472315117,2.9222950722478713,2.791032447459202,0,0
4.323986757435904,0.00978229534572006,0.46698111740838344,2.1458778251364,2.084714175712269,2.531119234076885,0,0
4.638499999999993,0.008070000000000022,0.4929616307581116,2.23224,4.364916438763918,1.1441200171398238,0,0
6.459048861679491,0.009580492250190087,0.4658753043864134,2.14438197653645,1.876658575207449,2.5180745114989533,0,0
14.152900000000002,0.006839999999999957,0.4704813111949532,2.17584,2.332114097355752,1.666697790695923,0,0
4.133665981980997,0.007969724478289919,0.47918161239307916,2.33515755729571,3.250384922884664,1.8278861009208964,0,0
8.31298377550901,0.00849370692348983,0.4772087421807836,2.38068774707493,2.3035033852303073,2.3325071691434864,0,0
11.780000000000001,0.01167000000000007,0.44660956196197205,2.05793,5.539877167942564,1.1398826642125848,0,0
12.643571136514097,0.009868729208720062,0.4609895503276054,2.29489297888905,2.671330283877646,2.3940656167672363,0,0
6.227669214123495,0.006850091980570072,0.47178581230859695,2.14575078263877,2.0239594285837863,2.2530181865313974,0,0
5.728499999999997,0.008639999999999981,0.493739838285521,2.29869,2.66313920170829,1.9577401202245237,0,0
5.585764893607703,0.009329889713149964,0.4856468959848838,2.34668116266091,2.6397554451683085,2.4305107547012015,0,0
1.0656000000000034,0.00774000000000008,0.4530817684693504,2.35315,1.7903287797950582,3.629401778916856,0,0
14.386499999999998,0.006909999999999972,0.43253410009259435,2.22053,3.350226338745325,2.0960543337645534,0,0
11.655289427559111,0.009756556230559932,0.46439093384748237,2.15132159646834,2.4129589468871755,2.0857645752845486,0,0
4.81603940403739,0.012810695589470011,0.47071471317204505,2.40516037127308,2.5412909540492183,2.696791561366134,0,0
8.421000000000006,0.005194999999999839,0.486987324714365,2.402725,2.8875731578756043,2.081496068205335,0,0
5.468957050560192,0.009481087440180058,0.49510770207151034,2.77106639680828,2.9349250207654385,2.730420720208792,0,0
3.6377675127520064,0.009084208277050143,0.4606608280778813,2.54345239140678,2.3239326820339388,3.9868592502574556,0,0
9.2896326620874,0.008948100458820107,0.48074397553058085,2.21730361824891,2.631153535629257,2.112219692831606,0,0
5.8673,0.005659999999999998,0.48213429783235967,2.24855,2.6991417751246938,1.8321296642178226,0,0
12.934981337149196,0.009898799413630144,0.4779445173093045,2.422377394019265,1.8452457559075353,2.504659963283971,0,0
14.46799999999999,0.006729999999999903,0.4829723374562695,2.27707,1.9917912744402122,1.888011982761641,0,0
8.624073016278004,0.008888426214060052,0.4517434303684902,2.28052833522782,2.5123341779474275,1.8168469532077869,0,0
3.034173081349408,0.0101258912209099,0.4642573872948633,2.3124312621061,2.380619600377878,2.220631346350229,0,0
6.188115720123108,0.008124781979709894,0.4703596996499459,2.1190981065834,2.252285388759253,3.454357377066639,0,0
6.777999999999992,0.006699999999999928,0.4837646747139569,2.35473,2.996231857177735,2.1725313312062102,0,0
1.7958701431576714,0.009337905843449512,0.4661871017726252,2.536318775238326,2.9646237166027967,3.1328742394421485,0,0
9.959999999999994,0.009489999999999998,0.48369591380344074,2.23242,2.3828737112964027,2.43137076645895,0,0
9.278300000000002,0.006920000000000037,0.48512301405956915,2.18674,2.59858433402075,2.01069971866632,0,0
3.4410807824040006,0.009634771236189943,0.4690728270603989,2.49672882353398,2.852072614857558,3.6383908659648836,0,0
30.534046979865778,0.007158791946308529,0.4868070201714205,2.2355037583892616,2.9295513104331223,1.3974712837711756,0,0
4.037290643780494,0.009369300215360088,0.45999196479257876,2.29370695359364,2.677139766272297,2.6983963697168334,0,0
5.714042310185505,0.010573021061609955,0.48215143339978217,2.33619712866008,2.1690881623417435,2.3783953111624667,0,0
2.2775999999999925,0.007949999999999902,0.4737230620899525,2.25604,2.238097605807525,2.62853300279942,0,0
7.343603320315211,0.010301527674810185,0.4796402644765484,2.46470417640539,2.3872584219300577,3.4100834308591574,0,0
9.642999999999986,0.005680000000000129,0.48284152180990875,2.16552,3.188798118319088,2.7836431661405356,0,0
9.30114804865849,0.013560512457559959,0.4792592382549955,2.65511983091286,2.3366893134589226,3.1042254391919406,0,0
10.573030644774903,0.0068179158250998295,0.4654568282218248,2.14736174819497,2.4522268017370656,2.3424034974330645,0,0
3.930012502951101,0.009743910385189958,0.4531785545663716,2.4174941399775,2.7992974003239732,2.5509707579664065,0,0
23.151250104165,0.008334805583620097,0.47957621626834596,2.15031447979038,1.60907814068043,7.028318534680459,-1,1
10.265449843499795,0.009672772016469988,0.4865927257236452,2.63981859497903,3.0378092111434425,2.8924861784657354,0,0
4.314388562250201,0.01091369466126002,0.4621456318702678,2.39912042312664,2.7954477009336265,2.5679904462558274,0,0
13.6751,0.007900000000000018,0.4776767373737181,2.14511,2.198160324505555,1.8929588487921656,0,0
6.128,0.006220000000000114,0.49447357973167266,2.24997,3.95521510953493,1.2601323940396927,0,0
4.733057916902496,0.009710379475009967,0.4737728638042643,2.44003946437632,2.353161979136655,3.1420153931305115,0,0
7.2167499999999905,0.06477500000000003,0.48115038448937114,2.16455,2.699756873772314,1.4392484995120125,0,0
5.890599999999992,0.006690000000000085,0.49221977037839565,2.20364,3.314897421079246,1.5178520031249572,0,0
19.837000000000003,0.0062949999999999395,0.48692301446108643,2.180195,2.3671409549035243,1.7653153691184316,0,0
7.800550000000001,0.007565000000000044,0.4889691936414769,2.27807,2.9506602445047654,1.4370054492236763,0,0
13.355999999999995,0.01476999999999995,0.4914637262907257,2.4299,3.5671770804958145,1.55147019673615,0,0
7.307999999999993,0.013369999999999882,0.47825993366143854,2.21471,4.152793787459387,1.5699366413341431,0,0
5.891609423090998,0.008861293835420003,0.4835107055709135,2.77710197754628,3.418333455273913,2.452854240820461,0,0
10.134706408397406,0.008367023528659923,0.4547484708330517,2.41015960604285,3.186606151180643,2.15536483252309,0,0
7.653135157227197,0.009451046237670013,0.4937065800029925,2.40906964448494,2.464124650003361,2.4334904329770355,0,0
5.433399999999992,0.007139999999999924,0.4921295641841682,2.21536,2.646071890963914,1.7661550549498517,0,0
3.6555999999999926,0.006180000000000074,0.4833092181941595,2.30543,2.804966125778165,1.3894457836581988,0,0
9.174143013691207,0.018516533605200003,0.4684645802672278,2.41682113348335,2.720636825671029,2.587406155685873,0,0
6.108899999999991,0.008050000000000113,0.47149713259301534,2.33896,2.201868792899022,2.3116993684755043,0,0
4.522610881754304,0.008214278205640024,0.46386010368445085,2.05752970411434,2.54109709068345,2.588157721583491,0,0
3.4503631636229954,0.009364329730709997,0.4635313139929097,2.3618002174916,2.4167510034925397,3.236570095627031,0,0
7.959999999999994,0.02721000000000018,0.462571699012112,2.30342,3.1353899313912494,2.145241319027868,0,0
8.177000000000007,0.011070000000000135,0.4969772693365431,2.17973,4.373438841484932,1.4643245112598409,0,0
5.765199999999993,0.0064150000000000595,0.4879069136049575,2.330125,2.7106516595452317,1.271754216956183,0,0
11.079000000000008,0.007739999999999858,0.43284148984827087,2.35358,3.931000611598124,1.9195887383320953,0,0
8.451799999999992,0.005960000000000187,0.4713997024357322,2.13757,2.3647704919231582,1.8414273691297764,0,0
5.559859249308602,0.00978395629465001,0.4770420280319569,2.29978657391317,2.669551435045074,1.9282060229684055,0,0
4.191302652435809,0.0063117582859000265,0.48213681453925433,2.17747704505416,2.4292527749817623,2.6185740762852516,0,0
2.676939130434782,0.2219925152129818,0.47371046373774933,2.097373097826087,0.6246685202386653,11.731295108394944,-1,1
7.5177266923925,0.009565578148900133,0.46496762487124504,2.12295222633855,2.3890985890893743,2.1495996126810546,0,0
3.760376558876402,0.010367067699409871,0.46533122476987865,2.27571922822029,2.384468476669902,2.1207128637474684,0,0
8.265027259585011,0.008686872139489932,0.47668848368323213,2.4884662386268,2.475726413099035,2.075992952129953,0,0
3.880210254613999,0.009532880609909977,0.4875990426555019,2.5031924635352,2.6731928811577776,3.2701818316237174,0,0
13.13900000000001,0.00723000000000007,0.48395924077509994,2.39447,2.59673535194117,2.1007885156113226,0,0
6.656599999999997,0.008245000000000058,0.495159562681849,2.41089,2.029466196452769,2.3588908392703587,0,0
9.3329705634998,0.015501645280469933,0.4801342125345076,2.51169280378929,2.538522919415197,2.9571406003546157,0,0
7.720500000000001,0.018715000000000037,0.4823706079623324,2.24161,3.50358276009554,1.5694440945165296,0,0
6.622,0.00395000000000012,0.4406544168870761,2.07224,5.0635569362840895,1.2500113850421246,0,0
10.722000000000008,0.02939999999999987,0.4734190235494071,2.12748,4.396179070430567,1.4886599513543113,0,0
5.018726469758391,0.007719981620200045,0.48871767437002994,2.32840219242476,2.1218170575024122,2.3217607905751962,0,0
5.9466284895290045,0.01230040729380999,0.4599567791228177,2.42298326972301,2.9393775575346943,2.179033260417763,0,0
6.661281782164707,0.008464143329950158,0.4600579925028518,2.43106973862709,2.637460522142658,2.658983119843356,0,0
12.300058402840108,0.07005012621981987,0.4815487989603305,2.54281714644197,3.0951484136093925,2.3175720430502826,0,0
11.912899999999993,0.007980000000000098,0.468525929142267,2.27507,2.2482776169110803,2.4060338581121137,0,0
8.901999999999987,0.007589999999999986,0.460734988898824,2.31637,2.1076235249322153,2.228683271342392,0,0
4.474000000000004,0.006510000000000016,0.4812468302578707,2.22484,3.7334665976027024,1.4772014527270965,0,0
22.97,0.011260000000000048,0.48685922827538425,2.23145,2.947366097232034,1.883185305567104,0,0
3.9138922074178026,0.010278201752260019,0.4712961977388112,2.52896300806875,2.4388811401340464,2.9044196585996302,0,0
6.359499999999997,0.011130000000000084,0.4857434551054666,2.219205,3.398151035188414,1.672595379030922,0,0
1.7890000000000157,0.005649999999999933,0.48747715575674927,2.40633,3.3136190537145787,1.9950361118869957,0,0
24.474000000000004,0.00930999999999993,0.4894251579572032,2.41636,2.088396308882269,2.798075963913351,0,0
5.1839999999999975,0.0030800000000001937,0.49346377458908824,2.32547,4.531924873718545,1.2943742542289605,0,0
5.103800000000007,0.014999999999999902,0.4804375705297074,2.17873,2.7464387924388167,1.5365850632958498,0,0
7.798302790394004,0.008124514911490133,0.44907778149929917,2.56347602690072,2.1619898387744527,3.9085734867739723,0,0
2.5251104309827,0.011665759478019844,0.4558629719646888,2.40401116361242,2.965632001836573,3.083413006232615,0,0
3.7734999999999985,0.010019999999999918,0.47921902479083744,2.25098,2.1651165802487493,2.304851084529153,0,0
4.235400000000013,0.006559999999999899,0.46877182854668786,2.2144,2.3616976941568706,2.565890023907846,0,0
9.07698908443551,0.007535391241660028,0.46720709152948164,2.68623439839971,2.8074784130640347,2.7616277326945866,0,0
2.6831999999999994,0.07494,0.46444429264294007,1.98998,3.6526290854974177,2.1226642473397423,0,0
9.975866452037991,0.009715499481029788,0.48260870257688593,2.23781613328101,2.153941829230477,2.4001081535529725,0,0
10.7012,0.00878000000000001,0.47936860061875497,2.15263,2.6994303839080964,1.6966686385531984,0,0
3.276168167941293,0.009326346025860133,0.47964638973490153,2.35641971887715,2.4723471745663486,1.9422233717341375,0,0
3.7119607521940026,0.009745838211389968,0.45677345027044974,2.39167691667731,2.5749716828341667,2.965509992218411,0,0
11.350000000000009,0.00607000000000002,0.4686491174846173,2.17411,3.8701779409475114,1.6967711147281141,0,0
5.897599999999997,0.006729999999999903,0.496497604618477,2.13702,3.1452878001689393,1.5884720782632153,0,0
2.7536801012135044,0.00892845296879985,0.4886207032630217,2.61034207248908,2.9752048176139847,2.601380633680252,0,0
7.300000000000011,0.008989999999999831,0.4667254152489745,2.30337,2.1370960625474313,1.7904581062719223,0,0
4.499752089838196,0.009089522471550149,0.4741983394932746,2.33488943917352,2.2492968431061158,2.563881406609046,0,0
17.692000000000007,0.005919999999999703,0.4790910846214038,2.37599,3.9996120739614107,1.6114204907128944,0,0
4.3952414646003035,0.008747079035779981,0.4868679899580452,2.60223190547376,2.6718783381360085,3.2159654953830765,0,0
3.2665609431719957,0.008076549332760141,0.46668994638827505,2.38224779511377,1.967059423403348,2.8771863347013245,0,0
8.174697462458312,0.011459642630309963,0.4892727231576594,2.3576364281896,1.9092016723542369,2.3841161892875413,0,0
5.2538281127960005,0.01933332197624016,0.46870743123554987,2.34879855504628,2.488843247382517,2.5770052996892905,0,0
22.88199999999999,0.006799999999999917,0.4827828425682808,2.07616,2.2533644129266697,2.4886587187879265,0,0
3.9953000000000003,0.006115000000000093,0.4828720420239079,2.19626,2.808124111989882,1.4260233062013232,0,0
16.546000000000006,0.008519999999999861,0.4790010246566104,2.29472,2.071580932571477,2.4553298566520376,0,0
11.62769999999999,0.006390000000000118,0.4882137810965676,2.2132,2.2228928092437843,1.716441036629096,0,0
8.147021717063694,0.008513183793279921,0.4690955849191347,2.42005476108651,2.6063670225366944,3.3851407037762313,0,0
53.8248203180036,0.03323568238443797,0.5009234357708696,4.93166372914348,5.108280547190636,7.473803377311216,-1,1
6.747545500190299,0.00912324201364001,0.4764132211321377,2.62806260039535,2.3939772838511724,3.1812665788356913,0,0
2.7650000000000006,0.016619999999999857,0.49473728580409426,2.284,2.6977917417727455,1.8124022278562952,0,0
3.8832083627604987,0.008983028936309978,0.4865735584860625,2.71731077177438,3.1116447425707645,2.6939939587657276,0,0
4.992599999999996,0.059330000000000105,0.44014019622959394,2.07299,1.672908170203681,2.7913686977533962,0,0
5.234500000000011,0.008190000000000142,0.49794552876124365,2.26286,2.6638934087961323,1.6556743891125694,0,0
3.3059999999999974,0.00735000000000019,0.4889301052540341,2.23498,3.3024797831589794,1.4202992615500132,0,0
5.642494004654608,0.009427275250129874,0.4899713020406742,2.23450720275784,2.3384271603587283,2.28788203877913,0,0
0.6396939139008992,0.010480828477570148,0.47445888781429973,2.50897705561886,3.1522885726858103,2.62025013782571,0,0
8.930700000000002,0.010580000000000034,0.5039284441860901,2.2501,2.9166143362408796,1.5590808314963016,0,0
8.601500000000016,0.019124999999999837,0.48242458285738105,2.217585,4.266421964272558,1.4765478349793593,0,0
2.0130078289228948,0.010186274475070034,0.4507269140465428,2.68491958451298,1.4665800337880028,3.326659080959429,0,0
1.3704000000000036,0.008839999999999959,0.49417473985291743,2.33826,2.6064898615165233,1.5868333889201964,0,0
6.571968222402106,0.010000531488539854,0.4762992802453499,2.05068579279541,2.3705736741468857,2.392652167759733,0,0
0.3209196806378003,0.008780098402630054,0.47702115169520265,2.61562088052482,2.524250456230012,3.085578720390451,0,0
6.941999999999979,0.04858999999999991,0.46885399421395,2.49313,3.1348695036173075,1.9973447022167095,0,0
10.055999999999997,0.006340000000000012,0.4971598819944113,2.36158,2.1882557832814777,1.7757016729542356,0,0
5.010342939722989,0.008782006335670056,0.4775249507190306,2.2731335634961,2.1663969519155923,2.291214487615928,0,0
63.513244019138796,0.020132839248434342,0.5044297547354425,2.9456359968102075,8.255967616988972,1.7437335358484376,-1,1
4.860815051171599,0.008397300188960122,0.47481126304907,2.24557090754497,2.4165115990976553,2.4637889723704087,0,0
3.0713501191148964,0.007064953444099853,0.4733721051862338,2.2998639159767,1.7991126799138355,3.419702448008329,0,0
19.806999999999988,0.008839999999999959,0.47962006026788273,2.2302,1.8664934272173246,3.1796410172689016,0,0
3.0678269061181993,0.009091771010240057,0.47911290200508994,2.18412359328073,2.360626077697748,2.4304089352203584,0,0
9.520535935473205,0.009968430222009994,0.4905641692515905,2.27591332859047,2.4485517915463566,1.82970032515011,0,0
8.677831039496908,0.01088752079382016,0.49068807847065826,2.32656800928972,2.2177034493142744,2.5366167058689086,0,0
10.789973585053403,0.008482113069149921,0.4950206719620289,2.31596223152624,2.2183712758346203,2.3640586597898356,0,0
9.662222839837199,0.008920439962960103,0.4862661697553436,2.24964557235566,2.642385308834894,2.2188366655775438,0,0
15.342300000000009,0.006310000000000038,0.4681399659485151,2.15618,2.5302300278285546,1.7508150970290173,0,0
10.330400000000012,0.00611000000000006,0.4967824967824968,2.31888,2.2202293360551093,1.640566068409416,0,0
3.9321987453447917,0.00927039388235018,0.4799037951696789,2.35527353367301,2.454099472087742,2.1777794285575403,0,0
9.87935915915915,0.007547417417417268,0.48056524997242056,2.2147018918918917,2.039015185771767,2.098428554662146,0,0
12.159000000000006,0.04057999999999984,0.43449484628641805,2.08043,5.701636647038448,1.2394880188907076,0,0
22.00799999999998,0.006909999999999972,0.49853827383783017,2.35402,2.2686722060711695,1.5469884477834668,0,0
3.74989854685721,0.011212690216660048,0.4440105167349734,2.66727593910254,2.1528488055848265,3.3503254739385904,0,0
4.262099999999997,0.006790000000000074,0.4932231373226593,2.1848,3.2811095934725567,1.59413822864776,0,0
9.621300000000005,0.19157999999999986,0.4800078974219313,2.47906,2.755375499676007,1.4399167754358306,-1,1
19.3194,0.07030999999999987,0.4775909532825052,2.26045,3.3467452929386567,1.9841692923443754,0,0
3.8877999999999986,0.008179999999999854,0.4707715124890562,2.244,2.347576332758454,2.530018187726028,0,0
8.401665392643494,0.009352647898720035,0.46228875095593347,2.12036194932824,2.4239814623565192,2.2049724552175314,0,0
7.641600000000011,0.011059999999999848,0.4784475297546018,2.28868,2.276138198256377,2.3874682968570524,0,0
13.457399999999993,0.008410000000000029,0.48721277324954665,2.21862,2.6274532451657,1.5532336047314772,0,0
2.6820999999999984,0.005319999999999991,0.45753010432457236,1.98086,3.8209895004432672,2.1345143234955484,0,0
1.6259061215491641,0.009397078375996015,0.4648552469378282,2.5297680077885287,2.9759745801123,3.0711029023596392,0,0
10.656488682773997,0.009050096500699878,0.45150822240848004,2.31707911918887,2.465957336307638,2.116850512185249,0,0
4.617067881780102,0.021151468894119896,0.4723810358862549,2.3696157234796,2.7571067730909005,2.263825193018385,0,0
9.880651411827387,0.006461630261054951,0.48689698460811537,2.1582438891848694,2.2349902081817916,1.9762077273581027,0,0
11.951999999999998,0.015900000000000025,0.48328849128207946,1.96071,4.067988952458432,1.4057504412898092,0,0
4.757913104003833,0.008987595478005872,0.4711297655588075,2.2320922532819045,2.3619700103300585,1.9645204426309284,0,0
8.049722260063888,0.009975937338200014,0.49102249357882954,2.2520840817923,1.850898860353034,2.2999564697377584,0,0
4.972039356094399,0.009444761568169868,0.4721063164250398,2.21656908456116,2.4738581450669854,2.6140966511151675,0,0
8.359000000000009,0.010869999999999935,0.5023018207126092,2.29445,2.6370542285034237,1.6228644659773592,0,0
1.6351176993303937,0.008731829407689906,0.48040570822654305,2.41026117973974,2.470567719942911,2.245149119760043,0,0
6.992499999999993,0.008645000000000014,0.47338394849163296,2.184405,3.698476645338486,1.6429432835105682,0,0
17.215102047876172,0.1841605127346504,0.45332209615044283,3.7335322281077765,1.321648077475628,8.865778719606633,-1,1
8.939499999999995,0.006290000000000129,0.48022779737570714,2.20142,3.400441288347801,1.9574177263834545,0,0
8.764366036338899,0.009875922410439886,0.46376858657171555,2.52560781032678,2.7132992463836674,2.700429628614955,0,0
7.511170138845088,0.00887775691180992,0.47810715304557533,2.31012035997649,3.080809840768088,1.8396962572638538,0,0
3.4731000000000023,0.06794000000000011,0.4704701491942236,1.97769,3.7355109096681085,1.851070343942125,0,0
2.3180286900260967,0.008780383464000119,0.46204405111390456,2.79675554110828,2.187512759436055,4.33242723397639,0,0
12.043999149455104,0.00861592321118998,0.48151499600694636,2.4292876516726,2.4814767062816796,2.4629038952620936,0,0
7.710799999999992,0.008050000000000113,0.4716818991780192,2.32536,2.265515055892797,2.4658799853640687,0,0
8.255554256588908,0.008902886723749948,0.4548355257243202,2.08337800646335,1.9053366250528003,2.7083107711052428,0,0
4.5456999999999965,0.012639999999999985,0.48328844615228583,2.22822,2.3188504825319307,1.4526294068325658,0,0
11.596767231411405,0.009074823818759903,0.49190230771948,2.22204261569216,2.2210580297839733,2.5804127590081682,0,0
6.25,0.005809999999999871,0.4928679455755755,2.21607,4.317670023685168,1.1966327974960294,0,0
5.7184118017108005,0.013360288211739846,0.4775182521210199,2.49689573727039,2.983950250357746,2.6751509567821095,0,0
10.242000000000004,0.0030400000000001537,0.4814433173588452,2.12462,4.327663954235543,1.400893796004206,0,0
7.142399999999995,0.007640000000000091,0.48665729409433583,2.31094,2.154034994672515,1.9396591021092056,0,0
22.904499999999985,0.008249999999999869,0.48611430662468313,2.2805,1.8503083159596632,2.538364455101238,0,0
16.469154099277176,0.1766659665576238,0.4548470246211483,3.684365993187293,1.3432465645687777,8.536755569619201,-1,1
9.31445314322049,0.008210146335899893,0.4689242353601756,2.22894504062814,2.3302542638590906,2.1459466977101784,0,0
12.1357,0.007240000000000135,0.44483320921393904,2.38021,3.150862366844043,1.8271305188573739,0,0
5.580335318526906,0.009062203176310124,0.4750146115939178,2.5009650196912,2.9672577706649466,2.5443043420094544,0,0
2.2370890927777936,0.011802842684749848,0.47667291417016416,2.53795600963866,2.8976231219968573,2.450814139811669,0,0
7.0682000000000045,0.009690000000000198,0.4658295670986407,2.17217,2.3984118460089268,2.3466693661011626,0,0
7.8688999999999965,0.011740000000000084,0.48750469356251824,2.13511,2.164690734724795,1.7530545026312887,0,0
26.022199999999998,0.009110000000000174,0.4754072965371885,2.46618,1.9595500442772664,2.3788985560178966,0,0
6.346999999999994,0.006549999999999834,0.4758267793415256,2.33158,3.12542363557419,2.1902936101177795,0,0
7.258755333670507,0.012374939901280024,0.4669686530798342,2.35403659490258,2.6318392632482235,2.762768204981548,0,0
4.254890940081694,0.008823950782240075,0.4632433643781205,2.50947267343037,2.3225562152682158,3.5700637294968804,0,0
8.1464,0.010240000000000027,0.4796262522333119,2.33564,2.3827744447469503,2.232751454696592,0,0
4.5272956147136085,0.021507411582220026,0.4744728086124801,2.35531344999624,2.902116950394063,2.8242034576266537,0,0
6.431692248574706,0.009331419241040084,0.47445844843723056,2.26908877225568,2.2581507726909344,2.4817221012704387,0,0
20.5377,0.008019999999999916,0.4721819570957791,2.14652,2.294247862471572,1.8921834246547646,0,0
18.996240593312805,0.008378201887720094,0.4506622570257706,2.7605973074903,2.26471828927242,2.4241452516303,0,0
4.852848277702307,0.008514968879600016,0.4658943823819421,2.21408071943563,2.2653596148214645,2.6666012859659367,0,0
4.668819557785696,0.009935012531259835,0.4900859823071312,2.6374695649169,3.3001030721416242,2.5128599751283445,0,0
5.865599999999986,0.009000000000000119,0.4679835890599023,1.93887,4.0691933210545885,1.9256634122786083,0,0
8.395631534515104,0.009420449992469937,0.47900816705702404,2.09014363532586,2.1722231560623735,2.3698501390739715,0,0
8.411054679921904,0.013210632886530016,0.48219904354557064,2.49505984775082,2.640497790918426,2.548389009497169,0,0
12.515999999999991,0.006529999999999925,0.4750909933814028,2.26654,3.0513668443376973,2.3739209811815374,0,0
17.391000000000005,0.023419999999999996,0.48829059287535836,2.20874,3.2890343043732693,1.927916857146452,0,0
9.418000000000006,0.042179999999999884,0.48350556013764073,2.06055,3.406447088364246,1.5469045749551456,0,0
22.96799999999999,0.006859999999999866,0.49041392022698543,2.24313,2.158583051862698,1.7431088888373283,0,0
5.569000000000003,0.006559999999999899,0.4452625444607439,2.29684,4.868461161993987,1.8015487550508358,0,0
8.143863206696011,0.008147976431490012,0.48206166634788505,2.43103865115659,1.8139925929329617,2.2459948957507727,0,0
5.013569616083089,0.012841693958310252,0.48306664554536577,2.4560130142623,3.5805014314671584,2.6849651416851956,0,0
3.7912145394896015,0.006964435505860234,0.44953848398365803,2.06798290942478,2.575960023190869,2.421132059885228,0,0
9.030684541905075,0.007485084269787112,0.4675595984928567,2.525200883681698,2.7220889917370026,2.5789291670378405,0,0
5.558775622629099,0.00910745717978001,0.4678321139058244,2.779718551164,2.5384100216283314,3.284389250792712,0,0
3.2602457768937967,0.008288592158349983,0.47169346642036497,2.48313446454,2.7868587882882356,3.1680261970214,0,0
4.9857000000000085,0.008979999999999988,0.46163194153438714,2.33392,2.7602619938815587,2.3946426504691645,0,0
7.107531659352901,0.00884691513711,0.4671928924980343,2.35430415815175,2.627952301320072,2.8018490733819355,0,0
9.271789464727,0.015070015675459958,0.4711735589439303,2.52860212805279,2.8040192889144593,2.6001458117645266,0,0
19.167299999999997,0.009520000000000195,0.46878517604025527,2.11523,2.237250096505166,1.7826873219601194,0,0
6.059699999999992,0.007689999999999975,0.46933472846637525,2.22031,2.148084270728562,2.5571211960642053,0,0
7.548031488042895,0.007852103770480179,0.47243396083276074,2.41422593730057,2.1441397178540957,2.801264880814604,0,0
3.4234572054836008,0.008410829059199987,0.4652376653951631,2.78738780526435,2.138594069329231,3.202944958656443,0,0
2.8482408370151973,0.008672710462799937,0.46294012286201586,2.15542252039398,2.319255050494938,2.2051152848681648,0,0
1.9709873402140232,0.008409979291172265,0.4586756815188164,2.7038818374412723,2.214224892056129,3.7399276433495574,0,0
6.3427915783993,0.00701808873113996,0.46886587667062335,2.22244625492897,2.036061538433115,2.3137019206589295,0,0
3.99008320342449,0.006888223270439919,0.45599546069933306,2.04567721490268,2.1539831588040186,2.9955554614297504,0,0
8.429000000000002,0.008979999999999988,0.4792966164900154,2.29788,2.8215590605641427,2.011105105400226,0,0
9.925834096963243,0.006432013851891405,0.4867755019134073,2.155026568993074,2.2542842374984855,1.972762336379129,0,0
5.119699999999995,0.00930999999999993,0.47068799720255267,2.17494,2.2361815763263615,2.510126008825652,0,0
4.891785185185199,0.011067777777777676,0.47480087957697253,2.244715185185185,2.1635507052483813,2.829347834117725,0,0
3.690710446615199,0.01282345025832976,0.4843802628000699,2.54334940821197,2.969417633143587,2.7942850021689227,0,0
7.458100000000002,0.010110000000000063,0.4756042458315741,2.28143,2.294701335388604,2.6050034022463224,0,0
2.3717273502441003,0.00874901127874983,0.48879930625144175,2.76239553546137,3.1629241893851754,2.1899408942544705,0,0
8.262999999999991,0.006059999999999954,0.48322897944639576,2.30188,3.9251103751435896,1.680233870057863,0,0
4.489742271880203,0.009667130776410016,0.4737261773576269,2.2191264246691,2.4968144777548544,2.280390471759717,0,0
6.88300000000001,0.02350500000000011,0.471754816432277,2.30804,3.5742636848446865,2.4153605220228385,0,0
4.3996574626865765,0.02783992537313429,0.4743077159825818,2.19481723880597,2.5172554101739784,2.895015714345683,0,0
5.571899999999999,0.005740000000000078,0.47011614457067713,2.00436,3.819040850705412,2.1902077100015562,0,0
12.2025,0.0035649999999998183,0.4300042973448688,2.123545,4.782006279773151,1.5053629071868668,0,0
7.564999999999998,0.005349999999999966,0.4697334188838615,2.12814,2.2913026649447805,1.7924816417837863,0,0
22.277000000000015,0.006770000000000165,0.4484502081595246,2.545405,2.007540500334375,2.1437714589998698,0,0
5.239014274944495,0.008195145494120037,0.45909174026570376,2.29827786291966,2.433819806893253,2.355701883011199,0,0
14.745000000000005,0.044265,0.48364073785425904,2.09583,3.285517322649069,1.526981287911368,0,0
18.16900000000001,0.008510000000000018,0.4920262265036056,2.44655,2.0067794140108823,2.372238436837242,0,0
4.001341995694489,0.008636644285330064,0.4709797431081452,2.28950109266378,2.2576790563173237,2.5226544249903475,0,0
9.556650000000005,0.014084999999999903,0.48455871018868857,2.104825,2.245284807127286,1.8028853195332717,0,0
5.592072176364411,0.008502873707709968,0.4601863437818705,2.39723380209438,2.8096669638043674,2.8546555781434964,0,0
5.633636775876397,0.007748027460170004,0.45969168708452124,2.03912909948419,1.6441007728151857,3.0097147094962335,0,0
3.777438298819007,0.008312075139049968,0.4770023693477557,2.014502371349345,2.331172857165899,2.9886100023629685,0,0
4.082204292785093,0.03325620691896991,0.482911977090732,2.52933363901272,2.5457102654965946,3.0950549163973218,0,0
10.782999999999987,0.008529999999999927,0.48563849434203016,2.15352,3.1096797260748734,1.6284351318865609,0,0
11.983800000000002,0.005740000000000078,0.48538491696392533,2.34394,2.3327825155488386,1.7859081323648487,0,0
4.98299999999999,0.008119999999999905,0.4804641745226536,2.26905,2.1561401573065586,2.3732712860472165,0,0
6.615799999999993,0.009919999999999929,0.47770880146246714,2.17879,3.263838558988149,1.5257693248405888,0,0
2.724400000000003,0.010910000000000197,0.45015005541129743,2.26424,2.429314453876401,2.926967305414325,0,0
2.0828733179796046,0.01044510468730997,0.4732662736444017,2.41037281674814,2.010140876116658,2.79558639163944,0,0
9.29140000000001,0.007939999999999836,0.48958412529460965,2.25368,2.520908611283851,1.7697545104808718,0,0
4.959068819952591,0.008544418595620051,0.4779178411306816,2.16918471116925,2.0262421843047433,2.6743767648907175,0,0
11.358499999999992,0.006140000000000034,0.4865298933757993,2.30825,2.294153858406992,1.8660451377385303,0,0
29.006,0.045529882458363424,0.3350283427137423,4.8766431645569615,3.3827020368050604,3.717489239192238,-1,1
5.48271116181391,0.009105952276819984,0.4626905154720997,2.14230600522776,2.623542444078495,2.6493707900048022,0,0
15.723500000000001,0.04836499999999999,0.47740578157562163,2.413675,2.2676829497010322,2.313884593516024,0,0
14.998999999999995,0.026049999999999685,0.4696496334152622,2.44075,3.258716465610808,2.081976424552099,0,0
4.908760367793988,0.008963416134609936,0.4901080200926081,2.53029135445662,2.547244293743548,3.1610279074766896,0,0
3.7576560845902947,0.009752206171150135,0.47806839156457526,2.34621342844875,2.5743828211483955,2.3014557986133926,0,0
6.216999999999999,0.007989999999999942,0.4711108030520947,2.15183,2.4153090819757486,1.8878348117716688,0,0
8.232,0.06467,0.48625724875949067,2.14834,2.5797577737610795,1.7441021474016407,0,0
7.8925000000000125,0.009679999999999911,0.48823175325486573,2.25542,2.1240241935862283,2.47711352189074,0,0
3.240300000000005,0.009240000000000137,0.4479897271523706,2.28574,2.4660627852991004,3.0607884365350237,0,0
9.08361946350891,0.008439932934290129,0.48015982474104646,2.12332365006079,3.20078192924654,2.078469465821247,0,0
11.696000000000012,0.024550000000000072,0.4946893676862036,2.15108,3.96047551600115,1.6406362180372234,0,0
3.9480565291781033,0.00901304199307007,0.47875640461449537,2.27986456584075,2.495233842044605,2.118209874505768,0,0
25.947000000000003,0.03134999999999999,0.49778214366339835,2.22541,5.237595596349001,1.1631913401862988,0,0
9.605000000000004,0.00831000000000004,0.47142144494862764,2.11249,2.388904290536684,2.2676580078397857,0,0
9.440999999999988,0.007319999999999993,0.44269137969716166,2.25666,5.070011774295806,1.3428987281727771,0,0
4.293178775018902,0.012103373295899722,0.4761753424941018,2.46304882448645,3.2157456130718445,2.671963345352907,0,0
3.5886469478731016,0.01699247741493992,0.46178916816060434,2.47824311988241,2.656085026750392,2.2599967712312847,0,0
6.809704426083599,0.005893638522510125,0.46473676599959474,2.15630057653842,2.1798491700761033,2.567803382331387,0,0
13.2990360096139,0.01570286797240006,0.46832180187169176,2.2947769218572,2.652499965726273,2.716909576441277,0,0
8.622199999999992,0.009279999999999955,0.47556532441723276,2.19179,2.1027615456516626,2.63256833894106,0,0
7.560000000000002,0.007050000000000001,0.46671965627496403,2.17372,3.5380951825090174,1.8687855849566983,0,0
2.604300000000009,0.007530000000000037,0.46156719012286823,2.42936,1.459799671337548,3.6289806378830423,0,0
4.5235158272163005,0.052171295061140155,0.4786097146724353,2.52965592761363,2.802071849168788,2.4002360994560803,0,0
2.7653949108976974,0.010100831979610092,0.4743951717307101,2.2628597585756,2.2958722880935634,2.355791660694726,0,0
3.41387492327371,0.011496364138099846,0.4783527641894578,2.39709177365398,3.2318500636209984,2.6317882131403043,0,0
7.412431906614785,0.003521634241245186,0.483970189820309,2.1055408171206222,3.2666246963325234,1.856849835521287,0,0
6.388861306760695,0.007433174649789986,0.4657028928708283,2.30418494562287,2.230536859188035,2.778796580176896,0,0
12.227699999999999,0.024329999999999963,0.48969167094766836,2.22408,2.3791187409264647,1.7453425010157024,0,0
5.3019607874729076,0.00940037204002997,0.47505518837127697,2.41587917405212,2.13926405851562,2.6573826213714105,0,0
3.0247328457978995,0.013883286583539878,0.481761415631806,2.50542515040006,2.442940627039527,3.1068157113087382,0,0
2.8386847430491997,0.006303514144739841,0.4613032093496969,2.06220975054786,2.7319703492928253,2.4768011961697334,0,0
6.588285439503906,0.008780832951009954,0.4722305185501495,2.21419069080341,2.0623570714454296,3.336795231850175,0,0
3.616400000000013,0.07711000000000001,0.4763662767306682,2.16971,2.626749185693773,1.418057160334398,0,0
8.582300000000004,0.07791000000000015,0.4794950629353772,2.10577,3.219232055016954,1.2359371495354683,0,0
15.085999999999984,0.005480000000000151,0.48495636843715284,2.31675,2.3446031864761765,1.6841870186388752,0,0
4.272861972937591,0.008565983535010036,0.47696068610860837,2.21380834104916,2.5447363552382356,2.1633672839495524,0,0
3.478650000000002,0.007085000000000008,0.4753242649249434,2.34059,2.434182300726024,2.1834771779109916,0,0
1.8480124978694334,0.009319752618125454,0.4666003292120089,2.5383284502081755,2.9611720301389397,3.152154038530319,0,0
10.694462282555008,0.008624032354759947,0.4791201865687805,2.57293929689582,2.22561657729421,2.0268626577164985,0,0
7.038281498923595,0.008243373222040162,0.4682644960242031,2.02400879500568,2.2998538033577787,3.330296377676619,0,0
1.7671361264403913,0.009473705932892651,0.4631641145863644,2.52128486056003,2.9909045447594393,2.9934694763312963,0,0
7.531274484906703,0.007884726845900136,0.4655181342671787,2.71606132394104,2.4397703011241605,2.8212977395343617,0,0
8.747,0.006245000000000056,0.4895848307697222,2.32339,3.558773409226661,1.8334950576772089,0,0
12.536299999999997,0.006240000000000023,0.4892975962384129,2.15035,2.7100101714767133,1.4111954948920264,0,0
5.03037772331561,0.01457261843650004,0.4750641158280756,2.39069854085955,2.6359850301002608,2.914307936545978,0,0
6.1183010557036965,0.01470622293830015,0.4743827543632653,2.38083146839618,2.229531262724344,3.0564388034337293,0,0
5.2528151888074035,0.009713388548250101,0.4707115088924285,2.36009321088,2.8614436083521815,2.7151689567826076,0,0
8.624224723096503,0.008442159519060022,0.465356242835296,1.9946759860973,2.2534904900166244,2.808304103325047,0,0
3.508166654633996,0.01279177204386972,0.4886757686918596,2.49697045855131,2.6589183552439764,2.736281532238872,0,0
4.438803663845292,0.009307616552040043,0.4619268742952635,2.25785832788526,2.25165770928847,2.564879522168919,0,0
11.110299999999995,0.004694999999999894,0.48757799283063563,2.338075,2.4393209870666266,1.6451604176040735,0,0
9.096887202656603,0.009035973232240035,0.4629447610227098,2.44772039204941,3.5948255251840413,2.245567024433351,0,0
6.5740864085023105,0.009296372612479953,0.48551515692447417,2.13716610776143,2.4095837275885725,2.1870147107712654,0,0
10.917983696456687,0.009345760695799843,0.47016606656098575,2.41340706037977,2.6313531372039405,2.9436674935649423,0,0
1.7431663853486015,0.009272409573179985,0.457957617219683,2.44076557663453,2.9880842164808272,3.105175115483206,0,0
3.9194305395539004,0.009349185412220073,0.48370265695972686,2.78740043475362,3.3534640130039457,2.8945034039248667,0,0
5.166499999999999,0.007970000000000033,0.47212608412498835,2.37272,2.9677123819841986,2.2638282387190682,0,0
23.340000000000003,0.007210000000000161,0.4632337443050348,2.30056,3.0927011718594404,2.044305472430205,0,0
3.2957206891374398,0.008771158698268833,0.46738363406818717,2.7374993816902817,2.3098674540461652,3.6210735826774063,0,0
8.5535,0.0074599999999998,0.4949989321208081,2.27185,2.3429467375982953,1.7628895381824028,0,0
10.591999999999999,0.17938999999999994,0.48002518418249074,2.427,2.8328065519954775,1.3791148452999467,-1,1
6.9099446460542,0.010088258214820067,0.47037139923924726,2.21055786501934,2.3478578510595924,2.687264130016029,0,0
3.971100000000007,0.006890000000000063,0.4726972617116687,2.14578,2.4083867378896757,1.471863705315459,0,0
5.392480487335106,0.01724411661478986,0.4755147782260127,2.48515032619868,2.2458222541806623,3.3350703707512093,0,0
9.198395510675297,0.008921376398699943,0.46478418035267566,2.59034088851678,2.2540611762906613,3.162186935940992,0,0
5.800219088711202,0.009818675470030014,0.46645994626730286,2.52996934757276,2.0244299237179675,3.7836123104679764,0,0
11.02430079609691,0.009056395824159846,0.4779900525291961,2.34921843638077,2.265028055208655,3.5155703232583746,0,0
10.121809753122903,0.00890282077551996,0.4650256302663779,2.78265722265409,2.0071291869680774,3.8360641441504733,0,0
1.9762000000000057,0.007169999999999899,0.4843023353580951,2.30626,2.4745760937644476,1.8213684230595686,0,0
11.404712840403803,0.009660155529590098,0.4777160091681392,2.3253060352781,2.791676168728132,2.9548906967973267,0,0
2.3284200255324095,0.009690317951700056,0.46368415831614807,2.32052634777221,1.9889928398345742,3.3696276041319404,0,0
5.359200000000001,0.007209999999999939,0.491170341957414,2.17884,2.7871541939227464,1.314668313095973,0,0
2.9192845065787054,0.009236472608200152,0.4703364583420711,2.333933169439,2.2582208803971557,2.348347896435718,0,0
4.730752022167692,0.010552734766740013,0.4567023167035993,2.66138426536626,1.3720118944931878,5.287612331697121,0,0
2.866751827937904,0.007558814837270056,0.4417159621611113,2.4625781567933,2.7496653279564423,3.4662796567403737,0,0
7.8019999999999925,0.007460000000000022,0.47040954165447607,2.36022,2.0476601623208426,2.8793397059006325,0,0
9.917900000000003,0.005770000000000053,0.4936412116517581,2.20014,1.8950288946456764,2.0940033767517705,0,0
1.1720339017307992,0.008879893424420082,0.4886872474317119,2.79829382578,2.9022832245707155,2.9727461635490706,0,0
4.469623116544895,0.008296605295939896,0.45208441163810786,2.44079361197042,2.0733153839691933,2.7170741676757686,0,0
8.465000000000003,0.006629999999999914,0.43438355763889563,2.29998,5.440721063917859,1.393939262472885,0,0
4.384775033561908,0.008234571915130218,0.4667324959947188,2.10188990479446,2.3868711857272547,2.5301950247622553,0,0
3.580640350870709,0.011733719281900035,0.44605219877825786,2.58538230984582,2.0991507484421894,4.167853806694988,0,0
6.070160853514594,0.010257040601669987,0.4858787654151488,2.86646118935652,3.349959329384035,2.9700844515866116,0,0
9.337439621004876,0.10501356295605091,0.46826093486304055,3.2143069896293386,1.6333556377273766,5.696944109662725,0,0
3.684008677278399,0.009536249871240132,0.4763174777901035,2.30599251489125,2.176912290975838,2.6558817398227115,0,0
24.40299999999999,0.007460000000000022,0.48239973483592974,2.33142,2.872132615651557,2.0945668697463398,0,0
26.105916621853197,0.008747533501889837,0.4968919557412676,2.28335021077042,2.040838882737212,2.1499674077180924,0,0
3.1684802369370004,0.010656227686529851,0.4822666741445833,2.51462239007954,2.7877933589707147,2.768715442374421,0,0
6.8429,0.005929999999999991,0.47821554654069454,2.37014,2.6000658603044933,2.252551030212653,0,0
6.6341292231883955,0.01119704503464991,0.46814888221664,2.46520744342433,2.4992819140044102,4.093922079198367,0,0
4.669299999999993,0.008309999999999818,0.4764508163731494,2.25316,2.2924677145085672,2.8892211936844467,0,0
2.423361500119597,0.010196095266359784,0.4711209840452939,2.68845726786994,1.8701568638388728,3.8044482375338315,0,0
12.635366079494005,0.008059267151099947,0.4529863923133087,2.31085164914073,1.7980231710592258,2.32006854502687,0,0
18.650245901639337,0.0065691803278689065,0.4813089676056268,2.2305395081967214,3.0324973984483736,2.032487561738479,0,0
11.488500000000002,0.0071149999999999824,0.4520395575256455,2.08029,5.7289019200942874,1.2620587544173039,0,0
7.200970353444305,0.009795233353480093,0.47022797956228923,2.36367162386624,2.243261370208564,2.261355163398215,0,0
19.40650000000001,0.00827,0.47260764254318083,2.11261,3.4788065059208235,1.9088562853681907,0,0
3.492245598229701,0.010959235340439966,0.44386834859501695,2.65368747693328,1.8383117415360266,4.1326112746543435,0,0
9.821028903495503,0.01493365559394011,0.46382172779988357,2.53905244542364,2.518610358352276,2.723331088304395,0,0
4.657800000000009,0.007889999999999953,0.4635235036881253,2.39646,2.5285530657191275,2.528265252472563,0,0
12.62730069255069,0.007986838195529922,0.46762744498415965,2.23345888717668,1.8689967839657706,2.76191408955155,0,0
2.8978000000000037,0.06769000000000003,0.4861990906452549,2.1498,3.220324575671528,1.3916540911067345,0,0
3.4923,0.00869999999999993,0.4459430270002477,2.19159,1.82626168512807,4.017102014588007,0,0
23.992999999999995,0.011890000000000178,0.4799124234060227,2.19379,3.518831465654565,1.828612196995922,0,0
5.5476976861250975,0.008936374743649944,0.46151721115266825,2.47398946175294,2.701938371542731,2.592913935151229,0,0
1.0396703819159967,0.00986707392812991,0.468671381834082,2.50683932869594,2.398068608853008,4.089694821280457,0,0
14.525078322818004,0.008217803142430036,0.46461020164133426,2.45019427929831,2.557983138151191,2.684662220501902,0,0
2.330177182264606,0.008008264394979925,0.4839969954574071,2.3324150842556,2.325870884340229,3.2901434944412102,0,0
3.798400000000001,0.006359999999999921,0.4804584861588541,2.22024,2.8383038534299248,1.4336308068101609,0,0
19.976699999999994,0.007140000000000146,0.4842768627254721,2.19271,3.224808056545718,1.3792782413750155,0,0
2.2510725392796047,0.00906866499918979,0.4926203753636741,2.63202603176802,3.2845723683731527,2.553429179951021,0,0
39.32000000000002,0.007130000000000081,0.486854215248145,2.33232,2.699821472251531,1.7931307629612416,0,0
12.34299999999999,0.008010000000000073,0.43357794619831386,2.10629,2.6509824475492367,2.644356205265687,0,0
12.075099999999992,0.005519999999999969,0.4990569902602858,2.26188,2.3040153612332412,1.8772461096091935,0,0
12.531949999999995,0.007630000000000026,0.48009631003095404,2.284835,2.415141078123974,1.5644645925695613,0,0
28.02799999999999,0.007530000000000037,0.4722095809104152,2.14718,2.497798660302091,3.026596318594765,0,0
5.890000000000001,0.007560000000000011,0.49323815378335967,2.18449,4.231345430465014,1.434061400504406,0,0
5.885269141454799,0.028518451421699842,0.47691145724663947,2.46592687128296,2.197803440281237,3.0812961500701177,0,0
13.465999999999994,0.02966000000000002,0.48711442646249953,2.23084,5.43870594729845,1.1788133276344719,0,0
2.633320323590553,0.05455035793498464,0.4806494896511008,2.709980610217714,2.334463296131488,3.1580679078548126,0,0
9.625444766342298,0.012092222572160027,0.47286295522318866,2.50184057433552,1.9436750956694575,3.407458113401376,0,0
14.101008252964192,0.0072583518369599975,0.4813085325443734,2.85603945154113,2.350051967113793,2.9359943076953345,0,0
8.81986236940881,0.009505946899520001,0.4408321228969423,2.52493745957199,2.0824417280167724,3.88822242922653,0,0
15.086000000000013,0.008759999999999879,0.4836844007755249,2.29106,2.3544363254176983,2.1663010297969993,0,0
5.5358927694533975,0.008192826186619984,0.4602355874257917,2.18253930557455,2.32642888966355,2.3446575178703926,0,0
21.411000000000016,0.007139999999999924,0.4655646138853897,2.10917,2.369114897557424,2.7921841462512025,0,0
9.399019494980692,0.009459583128230031,0.4911711229886463,2.38376473436712,2.4059836921181503,2.1802381017092047,0,0
8.383075544914504,0.007646579991199998,0.47032314181950163,2.10436871561423,2.5306979245656605,2.195175490368908,0,0
12.308999999999997,0.006719999999999837,0.48764100970671465,2.23721,2.3307748028623885,1.9284327810976802,0,0
9.762900000000002,0.008105000000000029,0.490118775436541,2.23635,3.2481504136733212,1.3433800882315012,0,0
4.968908675373143,0.029999225746268676,0.47546492957531505,2.2062638526119405,2.4620043393128968,2.9776497881607775,0,0
2.2400828957981673,0.009183254327708612,0.4697794130010016,2.5534396600776197,2.9356669446707984,3.302320956197514,0,0
22.122406678516,0.00911640318238005,0.47705151197501955,2.32841022688576,1.9534959193661015,2.287832812950059,0,0
6.635579314557205,0.007973421387849955,0.47143431076586867,2.21812863258867,2.215652475128806,2.4183594192656206,0,0
10.036257261644508,0.019659722934030066,0.4717580740420849,2.37317578857705,2.637116161050355,2.506493280733079,0,0
0.9827738201117029,0.009315025367179874,0.475322882185783,2.21042350827936,2.591587904777299,1.9643332492175107,0,0
8.109000000000009,0.06156925000000002,0.4834975236431344,2.48763,0.3663841086254713,9.852600184465267,-1,1
18.17804419273901,0.008477281115129909,0.4722808393815415,2.57800500861964,1.9256692315611708,1.9637904789968796,0,0
10.454000000000008,0.007244999999999946,0.47782426221783975,2.038965,2.9471679062892395,2.415822601649544,0,0
6.607399999999998,0.011260000000000048,0.47356022750393395,2.2669,2.3168684969037217,2.261977019428074,0,0
13.858840453006025,0.008963313378550053,0.48132378355286154,2.47178944348396,1.9172170354141533,2.2589489882683775,0,0
3.4214606528606026,0.008129900421659952,0.45423345564902606,2.71364700182079,2.3929655593571937,2.329218676831485,0,0
73.2525535038932,0.07493432452286442,0.4131425712339598,1.6394739265850946,0.426385958953182,12.380819729230103,-1,1
2.1599370805020897,0.008886686971750102,0.46686335944933305,2.17362815049956,2.3422052984951303,2.07789162165882,0,0
6.418212240016096,0.018766091027119902,0.46812367639192565,2.27960875864825,3.000148001574049,2.297732117781826,0,0
4.2030756591920095,0.014014278968250027,0.47208413818681444,2.4301857646873,2.640913290999495,2.2779447332080376,0,0
5.255599999999994,0.008550000000000058,0.4591217765099119,2.34002,1.981216546386657,3.092602945544122,0,0
8.583588798998193,0.009118902740449908,0.4910740580636329,2.39019259247961,2.1842956587627222,2.6422073250016767,0,0
2.3770000000000095,0.007739999999999858,0.4813151771459628,2.10607,2.510173348629167,2.3541970899238174,0,0
14.43350000000001,0.009495000000000031,0.46969652297071374,2.14899,1.9397528720727892,2.3382840581409408,0,0
10.030374427277565,0.006363489611081574,0.48649415595919104,2.1475825732551943,2.2999623104673375,1.9646531617957959,0,0
5.500669782054899,0.04793779252837993,0.4825962968971898,2.48828429975887,2.842888789113158,2.619564886657008,0,0
1.7757000000000005,0.009709999999999885,0.4901197655113425,2.35775,2.4049700382597097,2.42391573097648,0,0
6.920050000000003,0.020990000000000064,0.47610401729980806,2.069115,2.408931957646326,2.4953324937490806,0,0
7.882649999999998,0.0061949999999999505,0.48685979943904406,2.18422,2.8302569968482296,1.5076354760017927,0,0
9.149692657457102,0.007927093904539939,0.4589789650157105,2.53899516288962,2.928383220617494,2.154401329163115,0,0
7.08296362129569,0.013509005896259918,0.4597878271522743,2.351638054464,2.4894942861401836,2.324946437966543,0,0
14.153327674767098,0.009343268865789955,0.48548181655159844,2.36315221875881,2.0366133170724936,2.147254323669805,0,0
5.726408261045705,0.019112320079510026,0.4642570546284275,2.24462517468847,3.0772874220589825,2.2993224349649712,0,0
2.535459674502718,0.007465280289331133,0.4922437156492044,2.2320897649186255,3.2872511984555555,1.5468946117119498,0,0
4.367445063035802,0.00982395248760004,0.4668269216035314,2.48465437219623,2.3921668252004324,2.943343190574525,0,0
3.5674761141607974,0.009116727764009847,0.4643891389856074,2.30845231102347,2.649423002811064,2.6163971206599665,0,0
4.520334266861298,0.00951065932611983,0.48779677869408006,2.75052924631783,3.303821815299565,2.389506376501037,0,0
9.5918,0.009319411764705965,0.4688407424846743,4.21653,5.053986003628689,5.2324139587870135,-1,1
17.0878,0.0064550000000000995,0.48421697883726583,2.32357,2.2964943654279057,1.5218517717705276,0,0
16.272999999999996,0.007869999999999822,0.4776467657375711,2.4852,2.621351442058036,1.893045778821566,0,0
2.60130360032295,0.052588813577064464,0.47926208181656005,2.770320989438307,2.2061512647052726,3.4385165591510396,0,0
3.244100000000003,0.01197999999999988,0.47716550116550116,2.21467,2.2978130862552284,2.616324667420224,0,0
4.348799932046106,0.008295625980029975,0.4528015394111645,2.02861772291869,3.012748919081177,1.863825954407648,0,0
21.351288135464983,0.008501751004714952,0.47470132831799206,2.512662085343445,2.1935177916675226,1.8824655975795268,0,0
7.221440818175196,0.007759302653639999,0.4715288129522416,2.26476949652096,2.577802920924386,2.155991450810427,0,0
7.230000000000004,0.006559999999999899,0.4472429621165856,2.31209,4.721233818980442,1.6569715536501692,0,0
9.086000000000013,0.005360000000000031,0.5024594926106817,2.28939,2.632140900777108,1.6155048387000006,0,0
9.934678491697198,0.00939896468441992,0.47803444202111584,2.09486622274523,2.2039496585198486,2.5370367779960574,0,0
10.508336361214702,0.006050194459243485,0.485203040297342,2.11354837240277,2.529189730278365,1.9249450701305872,0,0
4.465952003022707,0.009244194828240015,0.4842820190089333,2.1818606673475,2.415488262052427,2.3087594124273894,0,0
6.280533387675604,0.009351749961039824,0.46232122450064467,2.22044735192053,2.1127099418924393,2.4779396765089174,0,0
4.0260185422591945,0.00906200353281994,0.4810372692994461,2.50574782411202,2.688678539123879,2.6030829129031066,0,0
1.796336748868697,0.01150844976017984,0.47813305143255935,2.4488850918062,3.3211010203535167,3.0236712166799875,0,0
5.416814843143797,0.00993718993329007,0.4636903973710791,1.9592099473868,2.6100346280076168,2.3155289385909446,0,0
14.912999999999982,0.022829999999999906,0.4881728193732974,2.37946,3.3794335613324735,1.536705743212508,0,0
11.718999999999994,0.007390000000000008,0.48511071519470605,2.22852,3.386644280998134,2.1744813464421333,0,0
4.336400000000005,0.08705999999999992,0.4665958276197091,2.0401,3.7904371195201665,1.6799180436922916,0,0
4.719880702494606,0.012178535900159826,0.4793771204080106,2.361171786078105,2.907523273474673,2.583635357851717,0,0
5.057198418751,0.008648376396819923,0.46709810158150916,2.36877451483015,3.4691858868692234,2.4580498762448184,0,0
3.8902813450116014,0.008225020198989963,0.49009202369813215,2.29799952833889,2.4386242060666667,2.562158521432711,0,0
10.7102957307022,0.008866730819330204,0.46372424705855125,2.33330400784952,2.809609577995664,2.428323345134436,0,0
13.75,0.00749999999999984,0.47818433986502107,2.13292,2.309158524962912,1.6865794588590999,0,0
7.949199566861111,0.008316223514419852,0.4834205430481416,2.423764415509,2.265870267263884,2.0156467897858183,0,0
4.932000000000016,0.007050000000000001,0.4622009337881317,2.68404,3.7039159305765295,1.1781091665915233,0,0
9.658999999999992,0.005579999999999918,0.4452740894998904,2.20624,5.436197091043888,1.3553500835158636,0,0
27.626949999999994,0.005239999999999911,0.49164703539457644,2.26934,2.2855177541984846,2.04268423216634,0,0
10.198252892560205,0.009223482719170173,0.48562030795753386,2.31677292682399,2.458786968809002,2.2930596568565087,0,0
5.514899999999997,0.005325000000000024,0.47861002765210475,2.236895,3.3031503469511763,1.8732587200706436,0,0
9.842000000000013,0.007589999999999986,0.4715466374384213,2.09956,2.4353194611953093,2.643085180437736,0,0
11.957640291372996,0.00870671665407019,0.4637446271232503,2.38963418485781,2.4339820064709636,2.062704395349637,0,0
4.973799999999997,0.007329999999999837,0.46132265383266585,2.16614,1.78658440372152,2.8665869923354954,0,0
3.128,0.0040599999999999525,0.48458877206043105,2.18292,3.2670605554838557,1.9685523216507985,0,0
10.047080756396,0.007754345632470905,0.42286885448037953,2.018399488320356,2.209511036375033,2.4486661674718504,0,0
15.409229902096001,0.008545372743435031,0.48100704704674685,2.518629657234635,1.630837366674573,2.449904098326618,0,0
2.2977653618246023,0.008726533532589897,0.46571575968747697,2.61929788348014,3.378644652100867,3.641816814446847,0,0
9.673000000000002,0.007470000000000088,0.4900872848287875,2.24204,2.32797317533011,1.6961726316787784,0,0
19.161,0.00766,0.479214607453672,2.24543,2.695501749248017,2.2399102768529153,0,0
17.72999999999999,0.006410000000000027,0.482067574639225,2.2658,3.464548767548783,1.9505998800239952,0,0
3.207603022417146,0.00963126021772176,0.4549454668978631,2.2811391422815586,2.429070049994892,3.022939020078182,0,0
12.872900000000001,0.01045000000000007,0.46913516834930363,2.0891,2.1836264363483635,1.7660920669739368,0,0
1.4607657846699027,0.017291057831060108,0.4629578246760548,2.13985271034322,2.918615502588243,2.3198900211012954,0,0
12.503,0.007799999999999807,0.4930221483227328,2.30771,2.212709127392093,1.6622405384985235,0,0
6.024722688029698,0.024108842823280074,0.4775204444162748,2.45231425297396,2.362739477266779,3.0574222360081893,0,0
33.63000000000001,0.00920999999999994,0.4815125977069685,2.30136,1.7247919152754756,2.5029528495507862,0,0
3.161418433257708,0.008582834717489884,0.47652943725469127,2.32681206872181,2.347813292151266,2.530713967390376,0,0
5.003621250956897,0.009717980650199909,0.4667929603506057,2.30506397758494,2.2984613662008515,3.023852613824471,0,0
5.0834700728212,0.00962114469777009,0.47723192307831586,2.07932090876699,2.146818300750075,2.384632735666894,0,0
7.059606562297901,0.007504439756570003,0.4668596137417663,2.2138671405734,2.534938574676478,2.2363137289148645,0,0
5.8309,0.00939000000000001,0.48824017788126617,2.26333,2.5580653394589077,1.4502580181592526,0,0
13.539000000000016,0.006090000000000151,0.49988985484574977,2.263085,2.70423018598344,1.934316866548325,0,0
11.810999999999993,0.011859999999999982,0.4821868788737097,2.05503,3.781525283754023,1.5196292959196809,0,0
11.522110261621108,0.01044960009165008,0.4813620982220525,2.33847060277655,2.85991808762407,1.9819796419519853,0,0
5.085823851228199,0.009452916124830013,0.46591528116391545,2.1400236622818,2.001254048832105,2.4363292542216364,0,0
106.67199999999997,0.05148742424242414,0.5329619038077977,2.55947,0.5067497602579013,13.656749169284783,-1,1
10.537099999999995,0.005079999999999973,0.4955912507884823,2.16742,2.3136280195591077,1.6706310555185317,0,0
5.714672728277094,0.008916728619289938,0.49484731939994453,2.19466075763265,2.4049746285162623,2.301475637645225,0,0
7.804999999999993,0.008029999999999982,0.49769671396216164,2.21736,2.2391990277366576,2.578956027267819,0,0
5.144994033357108,0.01018730108346011,0.47699462974868273,2.41876719810484,2.4172484535836323,2.2300176185464196,0,0
18.596999999999994,0.008119999999999905,0.4813663470486183,2.09804,3.9613487895478414,1.5689768507082118,0,0
7.6440000000000055,0.008799999999999919,0.4722187234310546,2.07989,3.4092061551293535,1.9260824521128754,0,0
3.9532019115282964,0.012676664559599926,0.4719192959137756,2.36078979189805,2.5916041269312418,2.8656497041121987,0,0
11.678150000000002,0.013610000000000122,0.49497030180132473,2.289045,2.8181173096684344,1.4812936147941382,0,0
21.61824999999999,0.006445000000000034,0.49071160345475023,2.20538,2.5531864397125412,1.5770947930734014,0,0
9.257944028624507,0.007064746396090005,0.47132191106375304,2.1059190556322,2.3054581975334143,2.282372774689538,0,0
4.223601611634507,0.008516945573749934,0.4917711710555186,2.39288762213964,2.5123529182870867,2.2982668523708654,0,0
13.724000000000004,0.006399999999999961,0.49879237721783537,2.30964,2.3983733541224597,1.7348673485839168,0,0
12.2543,0.006720000000000059,0.4902951146676395,2.26856,2.260689634134975,1.715780689358386,0,0
5.2575237051241,0.008766526832080013,0.47838296190181256,2.25067379631898,2.245972169715785,2.678528605693814,0,0
9.702000000000012,0.014330000000000176,0.4781727903025091,2.57889,2.742433861062887,2.31312230754823,0,0
9.379541125541124,0.0327508080808081,0.49062240251339617,2.203723939393939,4.543768951877858,1.3286017975515518,0,0
18.5051,0.007530000000000037,0.4913712357416888,2.24833,2.317707615081226,1.7879968438702039,0,0
2.605768835221909,0.009596073052309917,0.4554539136896033,2.65081706353925,2.2550005313299146,3.9171487496959085,0,0
6.214120170648471,0.008549167235494926,0.47417168851855196,2.358576877133106,2.2733635357362942,2.772058527949816,0,0
3.3275443504667095,0.007608340020399895,0.470975310455462,2.28265496761013,2.155086759624028,3.262750086957637,0,0
2.195563193459506,0.00986330900895993,0.4722502049587285,2.50045816197229,2.600106188159795,2.8776916206791823,0,0
5.474982106438503,0.008867953664420059,0.47315424150795876,2.55293249156315,3.1667600083703875,2.141288505396503,0,0
2.909176655669796,0.014589677858720007,0.46019623752695565,2.51979986723573,2.8595595977990307,2.2651970299357176,0,0
12.765041098105598,0.009582497212810015,0.46464875361139135,2.3511865803809,1.7496596510639248,2.822462912517279,0,0
9.1721,0.005670000000000064,0.4887384390811326,2.23341,2.916580981402663,1.383712641629828,0,0
14.4953,0.040669999999999984,0.49032866772738104,2.27193,2.3622742372218966,1.6625757439513613,0,0
7.401899999999998,0.00812999999999997,0.47755690291308706,2.46787,2.0680724710340224,2.858997050147493,0,0
13.010002965926503,0.008258575777760013,0.4754273817914397,2.30698025500517,2.6718519924909123,2.268705682762196,0,0
4.465181595434004,0.01199757025148962,0.4870012375615777,2.53224745376685,2.455239476277477,3.2395455370621487,0,0
8.192999999999998,0.007409999999999917,0.4777211195868613,2.23319,3.362195014533603,1.8004202513578877,0,0
12.727099999999993,0.006099999999999994,0.48498249784307884,2.19686,2.3889653917422415,2.208371169235644,0,0
4.366,0.006010000000000071,0.492352708301486,2.26619,2.0013058796323584,2.3590552697166447,0,0
4.143200000000007,0.013830000000000009,0.4775318792920205,2.17512,2.141550761409007,2.6607504743710546,0,0
7.5003724542672074,0.008001554792550047,0.48002744809116765,2.40906031448342,2.4646717261347417,2.6998921533896727,0,0
5.932199999999995,0.010229999999999961,0.45919286962045414,2.22562,2.3030916330452125,2.69563901744393,0,0
4.413899999999998,0.023510000000000142,0.4864403687854857,2.10177,3.3084106358028813,1.4265061879504963,0,0
12.925210668408994,0.010056114388609982,0.48532886009922765,2.17881534883415,2.4897159650671243,2.2260559442230137,0,0
3.3283267314557037,0.010033292886699963,0.47135946680565194,2.53331635028161,2.113678870785869,3.661933251233477,0,0
7.5843923598187075,0.009656490832000042,0.4641029914579389,2.16850767961973,1.8446302024489294,2.8472248111062854,0,0
8.261500000000012,0.006000000000000005,0.47677167894403266,2.32817,2.344543540195714,2.2219695213813884,0,0
3.868943176622196,0.008626816470709953,0.46625401720016557,2.18826529663261,2.4991865347330777,2.2770870113503783,0,0
6.681000000000012,0.009230000000000071,0.4730367005045616,2.15823,3.5496046394040746,1.7402805031706359,0,0
5.224661653528713,0.008102279504799803,0.47743120658663735,2.5500317006492,1.992635250833167,3.1590017437492195,0,0
2.958447940161406,0.008686275147780087,0.4873008640605534,2.70973512308846,3.276098681545433,2.8308846890438555,0,0
1.0906803003324086,0.009294740920779976,0.47497820166238214,2.25044471742473,2.284549630926482,2.462833609739857,0,0
10.10346406499734,0.0063155807139052555,0.4862972293185108,2.142378084709643,2.3327884731953836,1.9588666200247258,0,0
5.885190673822791,0.016313915425240078,0.45747232132195237,2.42579863571181,2.8621197128562783,2.3985885317325994,0,0
34.87899999999999,0.006399999999999961,0.4805807063234417,2.28029,3.072583594487179,1.869961612284069,0,0
2.9042260685032986,0.008159447517560148,0.46240721986268307,2.53883753838669,2.92674727085297,3.613186435213977,0,0
5.260543755908401,0.007650962497419922,0.4761231554834637,2.12180768479117,2.3634461123690027,2.3746886654595767,0,0
6.920661809151397,0.009747733125849978,0.4802901494491782,2.5107809367706,2.577355078406248,2.2512568611649226,0,0
8.991500000000002,0.0135050000000001,0.45798161122566855,2.073085,5.8352655957206645,1.176636207009356,0,0
30.506333333333316,0.009153333333333569,0.4872535084268985,2.4983366666666664,2.465782803561416,1.8769268203783847,0,0
6.6116477556922035,0.009040777577339787,0.4801088781289659,2.15099558470731,2.172078091057269,2.435119898336367,0,0
7.008600000000001,0.007050000000000001,0.4976505369137513,2.24434,2.4943667866104042,1.6471192022081955,0,0
4.513347980970494,0.009439415512200178,0.4585457646420831,2.07575199397989,1.7939904961604711,2.7048411465566846,0,0
5.258080283877291,0.009552436692150001,0.47967246150652776,2.3395584403976,2.385082711482558,3.062989160833759,0,0
2.773299999999992,0.006199999999999983,0.4788684930809034,2.23347,2.860929749070271,1.4278561701556864,0,0
9.209100000000007,0.005430000000000046,0.47940035910875023,2.20404,3.083565650513898,1.2671714879621692,0,0
7.747204241572703,0.008726740512110087,0.47024076549207355,2.22117855577978,2.380725849659224,1.9632436860470484,0,0
7.256199999999993,0.027066000000000034,0.49828255721942977,4.29655,1.4824694782039374,16.636983281372615,-1,1
12.292999999999992,0.007409999999999917,0.48276821831046896,2.27593,2.6612138041074616,1.3407254714629893,0,0
4.418399999999991,0.011779999999999902,0.4915687266500623,2.28513,2.50961375281191,1.6240463498877025,0,0
11.473110768952203,0.008106805709660048,0.46118038794823224,2.43730907493943,3.273823248923207,2.3181978670508543,0,0
4.1621724021456,0.01042069953292013,0.4746747911365827,2.40632750768185,2.185040213736755,2.7162327561601582,0,0
6.926766622238205,0.007578008013549908,0.4622102644719754,2.16392623188105,2.2594618675616207,2.504819108724311,0,0
3.821920717880431,0.0094217954310436,0.47095627125529244,2.3768995603990364,2.177611820381615,3.170841443099102,0,0
6.884924204387801,0.008508410971659996,0.48897096452468214,2.27669557035048,2.3736641789389434,2.590138927114579,0,0
14.464000000000013,0.01313999999999993,0.4774297540553445,2.2586,4.572604439079997,1.3604631273258045,0,0
2.111375716551862,0.008935832656410403,0.4600736754027987,2.2555635888796703,2.45586896091274,2.8935725722473657,0,0
12.141300000000001,0.03058000000000005,0.4666224286662243,2.28995,2.5038110077062368,2.829381627546765,0,0
5.901142155935389,0.009382135427760119,0.48569072973503985,2.22821725663242,1.9698226163143036,3.002016192128281,0,0
3.7696682659204015,0.010059664899999987,0.47203669647595997,2.21440729851573,2.4878280906111865,2.3003540390212476,0,0
10.447015523463108,0.008881196974040106,0.44536510159610254,2.70055760169,2.1398769583454174,3.3344975026857573,0,0
9.609112333510922,0.006639619072988934,0.4876256012687387,2.1775793526904637,2.124385162747829,1.9961933811563715,0,0
9.021022985023706,0.008006288088379998,0.4324201338791259,2.56254534831351,2.2589205145804314,3.1485954107775824,0,0
1.0620252076003993,0.009069949685899914,0.4660786554153879,2.29451357629497,2.2104062554432495,3.257134821131146,0,0
3.8410507437505004,0.009244856214300157,0.48092843222390635,2.53587472066923,2.8351059251723725,3.2521228680664085,0,0
15.646000000000015,0.029530000000000056,0.5000285795010395,2.3345,3.079722531846328,1.5572934879515605,0,0
9.247120690978292,0.00845376469417003,0.45464229595357003,2.40779317862353,2.626262619049743,2.725280776915353,0,0
2.0871996459743087,0.010726071428869943,0.4716664770656071,2.29537680392797,2.351813371705779,2.431492501883733,0,0
7.766999999999996,0.008059999999999956,0.4613995675888624,2.32254,1.3776920409123659,2.9921454901207176,0,0
4.009,0.007249999999999979,0.4849388142837444,2.03294,3.61858799957283,1.8164124922639229,0,0
6.016400000000004,0.005109999999999948,0.47790951083377947,2.485065,2.5621915973636833,2.283239522289541,0,0
4.713700000000003,0.00924999999999998,0.47823095578918395,2.15753,2.4455482735228653,1.7053246480085154,0,0
17.697000000000003,0.010120000000000129,0.4721237035448114,2.124665,3.563546414036833,1.936019072528846,0,0
4.1348358227728,0.011670950697109994,0.48501725242317956,2.38483871216138,2.720218468300503,2.348863406504529,0,0
2.057202772985903,0.0105820291718699,0.4691371181266938,2.18642848656039,2.252487757948198,2.666781033373019,0,0
6.838444944044795,0.037538416914890016,0.4837754410294149,2.56683915328887,2.646953105625322,2.9828526361993113,0,0
17.6888,0.013830000000000009,0.47075133127661234,2.150035,2.2134679830198096,1.9025943731781316,0,0
6.937362152281992,0.011685600455829892,0.47286405095089695,2.66248108763328,3.197631845385577,2.273343142173916,0,0
5.155999999999992,0.013900000000000023,0.4582999962299401,2.389185,3.2835798740445474,2.2206702560158225,0,0
5.173017352448504,0.006810707120790127,0.4655841078167061,2.24950332622804,1.958142794240499,3.1356056007363766,0,0
3.0817680819527027,0.009108513943020036,0.46761913126433635,2.39500864005464,2.6232223613587884,3.0306785908027094,0,0
5.3174999999999955,0.006729999999999903,0.48979639647730183,2.2887,2.51430463623319,1.7849275804432245,0,0
3.187641143516501,0.009969723347619919,0.4790915785107366,2.1797845292084,2.5024109213416073,2.2452901808878813,0,0
2.2363676487527897,0.006715780183760067,0.4581125431862481,2.06743289058828,1.781452283047478,2.8254341625322428,0,0
13.34899999999999,0.014220000000000121,0.4520159044796579,2.03734,5.761336035405088,1.2073221192767833,0,0
2.3894997913489107,0.014116009927140016,0.494809824963044,2.53474370051552,2.3078507440805573,3.255947861663374,0,0
4.904893423439006,0.008234668253970012,0.47431613018195645,2.32826754645553,1.9670397975205374,3.0132968553873547,0,0
16.875999999999976,0.018510000000000026,0.5023336203243728,2.34625,2.9350313616639263,1.4838313823337375,0,0
4.390999999999991,0.017020000000000035,0.469198088157196,2.06933,2.1657428871242876,2.8280106197754846,0,0
2.1108499999999992,0.010350000000000081,0.4727755644090305,2.28594,2.203726194352479,2.3907801055747804,0,0
4.2402000000000015,0.014040000000000052,0.46250740226534076,2.19168,2.4023400219763973,2.7408306390038364,0,0
4.913600000000002,0.006019999999999914,0.479017622520833,2.28215,2.275039079496559,2.4832424255763605,0,0
4.991599999999991,0.006760000000000099,0.48628214302752726,2.16765,2.703660471939846,1.5902395921403099,0,0
2.383337493232901,0.009592375576030099,0.4732619656139526,2.54466971491293,2.4445771340931963,3.394701515265103,0,0
2.3455131538851077,0.009672683618739963,0.4665444203431837,2.52569277767132,2.27676050599923,3.789500021837167,0,0
10.698038242091599,0.009563406939969932,0.457666588529811,2.53276071957786,1.8843362699123394,3.5020124152264023,0,0
1.7798132661402946,0.010407582951579952,0.46526120593204967,2.55443353864458,2.082595547599203,3.7984434527917283,0,0
6.5930000000000035,0.01122000000000023,0.4716895789925557,2.28727,3.178780944962391,2.1599505768228084,0,0
16.9481375620457,0.009907466110180119,0.49287691526461097,2.31806610795419,2.3252610601819677,2.085858682677163,0,0
6.260584241221601,0.009442713550860127,0.4520383895952541,2.63287812587681,1.8497469324705011,2.97955407096976,0,0
6.732118996584106,0.009710879994859978,0.481938722345744,2.21321161429934,2.2073264530996917,3.084267636241091,0,0
9.799499999999995,0.010989999999999833,0.4738377078425768,2.021085,4.116286720050385,1.7658925313108995,0,0
6.132999999999996,0.007000000000000117,0.4958149465628293,2.3428,2.54585752208223,1.435985043501776,0,0
21.618499999999997,0.005839999999999845,0.47443507124829365,2.302585,3.009274824259178,2.488016395982031,0,0
6.497162315943399,0.01498257998602992,0.47454227002840754,2.40536042046807,2.467248258911405,2.7749451625414183,0,0
8.28373684210527,0.018868771929824835,0.47154765136614146,2.314974561403509,2.961160354910249,2.1110865235514606,0,0
7.042699999999996,0.0038000000000000256,0.49083119108826057,2.20422,2.6463059371887154,2.0144018354389646,0,0
10.308000000000007,0.009199999999999875,0.4816254375107309,2.2124,3.3222288259560364,1.887375305269258,0,0
4.903743972407696,0.01174136477329002,0.4829097960841939,2.34081861573866,2.474229852844351,2.387069848194182,0,0
7.789699999999996,0.01750000000000007,0.4870726746646103,2.13839,3.409744285369899,1.3895886803773208,0,0
6.784000000000006,0.009109999999999951,0.4767447556692446,2.11974,2.4880731258749575,2.5574718023119765,0,0
4.970082539875193,0.008949794286839952,0.47369026509027806,2.33829226494823,2.7942073741362945,2.3635028478402464,0,0
19.466800000000006,0.01523999999999992,0.4635972102482064,2.13897,2.2072282169128887,1.8893021690055316,0,0
8.001100000000008,0.015619999999999967,0.4899004401790943,2.18115,2.027715781092969,1.8838817548669469,0,0
9.04867945518771,0.0078425451036499,0.463654683358581,2.15606589476473,2.079705425160088,2.424528615440407,0,0
9.002466666666677,0.009419999999999984,0.4791110377442894,2.3398133333333333,2.411352461404496,2.435031619929639,0,0
4.863984235753108,0.009820988823900034,0.48503340498502145,2.22291358255597,2.1704191134147184,2.9370415994256103,0,0
3.489529228465514,0.02441440241867765,0.4803215470465123,2.446609481137225,2.8552380941716593,2.552233355337235,0,0
4.091099999999997,0.0037400000000000766,0.49350957949451724,2.37802,4.654066786753498,1.0683906191247399,0,0
9.573193905817192,0.01955416435826418,0.4758952926790705,2.236262502308403,3.237639171733594,1.857375097329848,0,0
2.8878345396692,0.009998702308139817,0.4608006977813557,2.52397300723331,2.58559798126093,3.4878323159045674,0,0
22.430400000000006,0.06813000000000002,0.4633098523004223,2.12464,2.182693154036426,1.5776686372421767,0,0
28.575000000000017,0.008600000000000163,0.4666150140041055,2.37608,1.9168274935311862,2.0835430746639423,0,0
4.725085242771712,0.009418468144710035,0.47787971801257884,2.29387128572402,2.311831286298626,2.523770746651445,0,0
6.365902866894203,0.009208409556314079,0.47557781069235117,2.3648815358361777,2.2515578848749027,2.6409906402780066,0,0
5.908639753771894,0.010216573136329954,0.4834302084834637,2.38022523130753,2.457478298731505,2.4051940391235367,0,0
39.376000000000005,0.007600000000000051,0.4698261150830387,2.41754,2.6251430254945083,1.9420200185615772,0,0
7.35584999999999,0.007910000000000084,0.4767823013762986,2.222235,2.1635609038616033,2.7167217149148373,0,0
2.425160878105899,0.008665932998940029,0.4884646126938201,2.65194494362463,2.9067820984206096,2.339230402788293,0,0
5.9506880792853,0.01076801846897002,0.4531044166967211,2.26749083352437,2.2578801163949884,3.26572084023513,0,0
37.58700000000002,0.008199999999999985,0.4747880017694947,2.40155,2.880477406453387,1.7156494817091643,0,0
5.7422036873932,0.008346345940400068,0.4734317506002635,2.54675178220848,2.9606217948740543,2.2778311209934654,0,0
13.949000000000012,0.006709999999999994,0.4829753564763129,2.38636,3.154284454210031,1.8376092186906419,0,0
5.8777253805047,0.010121070667860055,0.46966408138704935,2.40233687961538,2.6633266916199907,2.697110728169702,0,0
5.516999999999996,0.009030000000000094,0.47106046815767844,2.27801,2.760611141816002,1.9736540452595768,0,0
10.197916874472199,0.011854388327550147,0.47960054588033374,2.38336849928355,2.5897943683458844,2.875423252234122,0,0
2.681145389449796,0.01314128359798028,0.479156632486126,2.44078526960875,2.9563413870865305,2.6595954592073476,0,0
8.710301566936593,0.00958792856872992,0.4583974015494567,2.17054298700589,1.9187445958934868,2.406136126050021,0,0
3.1351086637928915,0.011759588458710057,0.47431545076220105,2.37453304187468,2.8591996712171865,2.7932921049402473,0,0
12.75,0.005619999999999958,0.43329546440715405,2.25569,3.7203842794759825,1.8742961158691496,0,0
2.3255511565933062,0.01176844026757995,0.45066811892665526,2.62670859351518,1.5902053308859856,4.751374566493529,0,0
8.53500000000001,0.006440000000000001,0.4711576693387434,2.25225,3.4567630749276446,2.093048957206009,0,0
6.888703256226989,0.017979136041260002,0.46531978343988467,2.4339640932768,2.857591952189885,2.5393776245899753,0,0
7.556000000000012,0.006985000000000019,0.47947028785606316,2.269975,3.817923152332449,1.6400436843044333,0,0
2.413758938079198,0.010217386020560104,0.4511726721111042,2.21798705634175,2.6427330869820653,2.540298465909021,0,0
5.7403056355541935,0.009372867049830091,0.4850016589882073,2.63237234134117,3.26451634256307,2.680394740668342,0,0
11.4324410591216,0.006898734746179969,0.4821084878595884,2.48703494674602,1.5911178796485466,2.9086760462815917,0,0
6.3541000000000025,0.009039999999999937,0.48965992647058826,2.3097,2.2176785401086163,2.3154449830787525,0,0
1.692567052222202,0.009388112766780088,0.48716630493806434,2.75989916930021,2.8791557097180887,3.117791099403463,0,0
4.638425262390697,0.008899493134740144,0.4645007192879402,2.20998589627369,2.397950800869984,2.064198647298725,0,0
4.554876536312847,0.02537363128491621,0.48647400090682585,2.2711264804469273,2.452129893521752,1.372134867108746,0,0
6.78694999999999,0.010350000000000081,0.48966330740880326,2.268805,2.532498022487656,1.7703907497670017,0,0
5.816500000000005,0.007650000000000157,0.482437484863163,2.14441,2.6235992594478788,2.0743004424111007,0,0
51.78678082191777,0.015548630021655852,0.5592279855247286,3.2522326027397264,1.012414634787919,7.8527952708921385,-1,1
4.84129676438009,0.010309426132939947,0.4759359971084697,2.40141223786885,2.3056683244095875,2.3043778223535485,0,0
8.744799999999998,0.010729999999999906,0.4797429465532248,2.18858,2.4629902079661994,2.131841072283389,0,0
6.575800000000001,0.007810000000000095,0.48497880210989414,2.19561,2.5817538413066776,1.5712806580635426,0,0
12.144099999999995,0.006680000000000019,0.4949427085551868,2.37605,2.280728542549766,1.509899885977772,0,0
10.921785568720196,0.008983848253230065,0.47747249149808924,2.27909354579002,2.629564425323567,2.4584728574341685,0,0
8.940999999999988,0.027369999999999894,0.44539392447384785,2.090795,5.85998644461302,1.2186852248969193,0,0
9.006000000000014,0.0242,0.4888116147823035,2.15136,6.452565449953726,1.0166812853839409,0,0
11.873513419571097,0.008428077270079992,0.4525541581329024,2.23511365715588,2.803214016174277,2.4979370818434563,0,0
14.728499999999997,0.008015000000000105,0.48885183576067537,2.18815,3.273486178564337,1.6446814677835384,0,0
9.934693446989868,0.006426206712839777,0.48675167357381166,2.1543957218966434,2.258098636557989,1.9720826098582336,0,0
6.587220877338993,0.008737786520639945,0.4628957327844414,2.24963147591057,2.853982649372666,1.739795357286652,0,0
3.1674058246388057,0.00948623982646013,0.48336753783052616,2.60891532868798,3.255683266422997,3.127023999299271,0,0
6.950039590988595,0.008491945220830077,0.47959449432137014,2.41648714653453,2.3225033648584494,2.1014116830995517,0,0
3.5930727253820436,0.0078039086491048515,0.46612064406535536,2.166675167916535,2.5367181936548433,2.405084138291226,0,0
11.158999999999992,0.037330000000000085,0.48355919549220616,2.04804,3.4415932535576164,1.5044942639986192,0,0
7.631,0.007139999999999924,0.4959764681163988,2.21308,2.5355077474903296,1.494587994775399,0,0
4.581012476722535,0.02542433891992557,0.48645807006132624,2.27168687150838,2.4533904633402543,1.372461438692627,0,0
2.114861156875648,0.0076999981108996085,0.4608131329134609,2.0950548072451136,1.9593815467443463,2.8308091821413766,0,0
5.5911268899101,0.008581783626470108,0.4779548723033378,2.27157467653476,2.465933879912453,2.373172010764553,0,0
7.604823120849304,0.009201824932959957,0.48349968395917753,2.22775457542431,2.6078974895792455,2.2512264921326626,0,0
9.291556856625803,0.009664279247759922,0.469947639540026,2.35268453102361,2.926153314126524,2.8014504519516503,0,0
7.821547007351398,0.018667908308769965,0.46301822241894053,2.46304229157554,2.7066180346083324,2.1755524170338627,0,0
7.3174999999999955,0.0058349999999998126,0.4570118520481518,2.28021,2.76852453200769,2.2557475096903263,0,0
6.627099999999999,0.005970000000000031,0.49703174114257404,2.23665,3.309659027339572,1.4385020713363743,0,0
18.184299999999993,0.009120000000000017,0.4874204333141366,2.15623,2.5492633110024276,1.6686775031382535,0,0
4.404930190382103,0.00865249722997996,0.4835467612910088,2.13186260271956,2.3643784429966033,2.6419542884954277,0,0
2.8171999999999997,0.038149999999999906,0.4885508662338062,2.21167,2.3569012932630624,1.9065111921571252,0,0
7.611502083959493,0.014156184204880073,0.4754782939287423,2.45899998795508,2.6819722554714165,2.522250291133721,0,0
7.169665438365897,0.012460895945590078,0.47681797894847444,2.41136502719303,2.952253896324877,2.5912618630210362,0,0
8.546099999999996,0.007809999999999873,0.4765992620846998,2.40839,1.8866275215979142,2.2767384975256397,0,0
6.661000000000001,0.02303999999999995,0.4988696534930484,2.05542,2.7956191368439383,2.1520804339292723,0,0
8.539677773039699,0.012845677532770106,0.4678794960259209,2.48898676214487,2.8678932827155816,2.8148302822970455,0,0
7.7423,0.014369999999999994,0.48796867517394854,2.18594,2.6629321557357257,1.685591726754471,0,0
9.689000000000007,0.007030000000000092,0.48081761862353534,2.21001,3.9447500526046833,1.6912198945116397,0,0
16.80394949944383,0.01676416050969798,0.4216429207889641,1.9675800444938822,1.7300628208899549,3.1221114719855065,0,0
9.094197178537897,0.01001917922321005,0.48661711392079837,2.18731454149741,2.309476864900526,2.18552343266831,0,0
6.226100000000002,0.007449999999999957,0.4947303007228935,2.16635,3.82028838516211,1.2779928907993716,0,0
15.6554,0.0035399999999998766,0.4893282258775582,2.28369,2.544633896263827,1.7211779975162704,0,0
4.797470807447411,0.007080173687019853,0.4644331359059156,2.02870114332357,2.034240130886449,3.163108002114741,0,0
8.807500000000005,0.027770000000000072,0.47720430190217283,2.18758,2.6303253712383725,1.3093494886546064,0,0
2.8152999999999935,0.00804999999999989,0.48073879025260635,2.18558,2.137294398910372,2.873629647283127,0,0
67.73550522803113,0.06951094081035869,0.4139808291374248,1.6700642714126808,0.4899834476959007,10.816080675646083,-1,1
1.7559085021733978,0.007439222191150119,0.46429115453350883,2.09141560320771,1.9937734808977743,2.5230950301373776,0,0
5.8626000000000005,0.11220000000000008,0.4915962332052381,2.20964,2.526008660752007,1.5592610237679319,0,0
11.329999999999998,0.015470000000000095,0.5034819538367916,2.51398,2.15386926953662,2.657277188007239,0,0
4.704000000000008,0.00939000000000001,0.4862872194523992,2.08552,3.473351575174952,1.7339805091470966,0,0
5.629500000000007,0.010700000000000154,0.47559651765824795,2.2398,3.409960833679922,1.7496001712162186,0,0
4.430300000000003,0.004469999999999974,0.4796304323781997,2.29568,2.4741588878843146,2.1535997458046685,0,0
15.429000000000002,0.00843000000000016,0.4665151925127732,2.57686,3.20880361830808,1.264615814966948,0,0
19.939999999999998,0.0049600000000000755,0.43750449392421453,2.18938,3.4501552398489266,2.203919012989321,0,0
7.530755221914603,0.009301217711370047,0.4766965003163817,2.12399347871786,2.190635792057886,2.3024686256582965,0,0
4.854935493530206,0.009264144160729959,0.46670443372865134,2.3242680800801,2.2366142772795685,3.109761880990791,0,0
5.6430689858977985,0.01147132855013,0.4830216991779987,2.41937740195078,2.7455688398909075,2.8290594120528225,0,0
9.736686973894507,0.006555996270644737,0.4872835958424822,2.1684951545018647,2.175239590997233,1.9869543275098245,0,0
5.762527133567005,0.009592269563130085,0.45352647469647117,2.7136271889584,2.3536678978926098,3.47010782169982,0,0
64.88799644048942,0.06671177502325909,0.4144095973515875,1.6858528364849834,0.5253108323605505,10.106556419876473,-1,1
7.548000000000002,0.008419999999999872,0.4743441066236408,2.10856,2.4867929102216255,2.2411703492575614,0,0
4.121019145938874,0.008293048027586902,0.46012946986341746,2.281417892023313,2.487027921434279,2.6919357064473637,0,0
5.99499999999999,0.006899999999999906,0.4866663217672645,2.3997,3.1285059885548163,1.8316262437367061,0,0
5.937000000000012,0.009499999999999842,0.496573241452803,2.18967,1.9919431105780965,1.99945472982022,0,0
4.099391990723802,0.01047468519026995,0.4674237302362215,2.4085539090224,2.419585235638109,3.482784994517016,0,0
10.674000000000007,0.0244099999999996,0.4482430813174569,2.46815,2.749699955517881,2.542821776895661,0,0
2.0838124675203034,0.009816948939650016,0.4725469545929664,2.13246248546822,2.399929698324626,2.393613571674659,0,0
18.115962847608444,0.018513639126635395,0.4214022208562445,1.957712191323693,1.6537615689443126,3.2650166984775812,0,0
20.60300000000001,0.00833000000000017,0.48875965949727007,2.30365,2.409621477405369,2.316383089669557,0,0
2.207305085420998,0.008095599281509935,0.4636854129859844,2.68000068519356,2.811263362841844,2.423235578950946,0,0
7.492714677994201,0.00915931653708002,0.495519387452121,2.53648167826984,2.241776343032213,2.2751225821639904,0,0
75.655,0.012322044574792246,0.35092234708055337,4.6595179374534625,0.47846010370563347,17.815404664395327,-1,1
20.064099999999996,0.0058450000000001,0.4932063595578238,2.236985,2.17953728960149,1.8481665575423354,0,0
8.776200000000003,0.004899999999999904,0.47784368672686384,2.43676,2.3890420268407784,2.0827975765272377,0,0
11.87400000000001,0.007309999999999928,0.4378487177820712,2.4271,4.652660106501968,1.7030175112866572,0,0
13.248000000000019,0.16588999999999987,0.48020579838734356,2.54903,2.4793745750752607,1.6190933458245504,-1,1
8.971438955150603,0.008329200616530086,0.4671262033999281,2.38022227525451,2.4631288582151107,2.7967471811854576,0,0
7.335645964263605,0.009667419488259998,0.46856492424690405,2.44487828745771,2.8258069701683604,2.93216499281274,0,0
11.948000000000008,0.009239999999999915,0.48218517551367196,2.0878,3.697786121313186,1.557572184332972,0,0
10.325549999999993,0.005754999999999955,0.4832715889286907,2.19839,2.950668603726365,1.3983839420366364,0,0
4.975154477499004,0.00917068389160014,0.5028703065554871,2.44047359124475,2.3036872939862834,2.1612397336848854,0,0
10.258290858725758,0.019854579870729472,0.47781360183758304,2.2017620867959375,3.3798895895112246,1.7492145766273965,0,0
9.130065693681189,0.027615746773479888,0.47482016957294004,2.38176088220919,2.422094880468256,2.892865686739207,0,0
4.088102817307899,0.01852831161583013,0.46877020305988415,2.38827621739722,2.9289021384151956,2.146428731420535,0,0
7.2353999999999985,0.010780000000000012,0.4725648828241883,2.28264,2.220544236170569,2.595199344060674,0,0
6.780000000000001,0.010219999999999896,0.49300860671073965,2.37113,2.966347421140497,2.1439244245467917,0,0
6.007735706315103,0.008789651123270126,0.4808784835133002,2.59150176831262,2.7539958593918215,2.44234783577768,0,0
4.28533760549341,0.05425504566618877,0.47664590353424474,2.8813174894860647,2.012721497343106,3.9699838770551983,0,0
2.9585083678453117,0.009734255036929929,0.47310482889870326,2.24746448259287,2.245855330746653,2.3708620851133513,0,0
8.131447905092699,0.0060137365672399135,0.47262600470803684,2.22736303595514,2.5540631961825873,2.4790522841906,0,0
14.062999999999988,0.006839999999999957,0.45375954209804437,2.49968,3.03105612433255,2.125134905508737,0,0
3.3414154110641903,0.008339158212399944,0.4786427710182271,2.28248371439603,2.5761867875626367,2.398626886913865,0,0
3.929000000000002,0.006769999999999943,0.4873635635468098,2.27865,3.4494737758064047,1.5730872231172321,0,0
0.8535222410906016,0.009884669760469977,0.46430216678269004,2.59005063510512,2.281432846081988,3.5157507150238234,0,0
17.159568935753796,0.00974557455238001,0.45400681508886037,2.45359018761455,2.550271062027039,3.0214560310227543,0,0
8.534300000000002,0.006390000000000118,0.48571008139186006,2.17872,2.9297486457027184,1.8721390076906848,0,0
6.712220181524756,0.00995854485702008,0.4881144199545909,2.70086824252407,3.0537186748846263,2.755664659857569,0,0
3.720399999999998,0.009679999999999911,0.48732594630995857,2.24762,1.9880705526969256,2.5217822233361433,0,0
5.443700000000007,0.007449999999999957,0.48147503081434073,2.15396,2.724204128613931,1.7691134245803166,0,0
5.724550380871406,0.008327921110979908,0.48526452131255793,2.71903442447972,2.071985658765348,2.167461628605555,0,0
15.232000000000014,0.010769999999999946,0.4875933825144016,2.2943,1.9576349445850207,2.4959417600561067,0,0
9.241862727050304,0.009219669932630126,0.44858786170880477,2.44477015189963,2.5740157095781577,2.2334419163230406,0,0
4.895585437539808,0.00917566142592019,0.48000784568591226,2.22049833557196,2.444848659545973,2.292078574103096,0,0
4.525949999999995,0.00576500000000002,0.482247267436537,2.341945,2.556561949097129,1.6688387257253523,0,0
9.708999999999989,0.007719999999999949,0.48720003181104243,2.26125,3.36967259996187,1.887959948299275,0,0
4.926088258311395,0.009994469335230072,0.4632952255109315,2.02312238146433,2.5820919317451803,2.76452216665042,0,0
8.921106885266,0.009435316963549933,0.4680107072717302,2.45650875809293,2.639776507816768,1.9342355684738564,0,0
7.437899999999999,0.012590000000000101,0.4779071168535642,2.21523,2.254778102252546,2.448907030800755,0,0
2.5567999999999955,0.014250000000000096,0.4772417267302178,2.28631,2.290712338798259,2.340753352911824,0,0
5.5498392693992,0.008678004054810007,0.46309361089699036,2.1993799443087,2.3404282332641158,2.1342875672407984,0,0
7.0154,0.007360000000000033,0.48491976932343905,2.27332,2.140782137354972,1.871817450086845,0,0
4.232948363176604,0.0076272347224499715,0.4721711581886738,2.09930108275003,2.511069807955316,3.1432292234238104,0,0
11.712391043273712,0.009078736946870114,0.48090913408809316,2.05529306694684,1.9684483920538869,3.2493316465841047,0,0
7.722000000000008,0.08589000000000002,0.4640111455308312,2.24638,3.452156637400721,1.8146640745935065,0,0
1.7122985921727008,0.009205241875809955,0.46005020811225456,2.34459204741048,2.540272460661971,2.852971475248854,0,0
40.53999999999999,0.004410000000000025,0.48042752502080893,2.30691,2.74997786500605,1.979038823078468,0,0
4.2706563432835765,0.019285139925373063,0.46978444993201596,2.149467677238806,2.7628202531304793,2.577145408755206,0,0
16.679599999999994,0.00714999999999999,0.4914523958841428,2.2583,2.3796294986419193,1.6291639898246393,0,0
7.92946819282291,0.008524749685180133,0.46405879505501907,2.16548786430616,2.3020729260718884,2.332176390088622,0,0
2.0061866367950074,0.010624846427149892,0.4740174363248496,2.60839974178844,2.991769033390113,3.582877436431737,0,0
5.625953807626402,0.00927540156762996,0.4979656321511841,2.73807894920219,3.2280425766557435,2.3095287916201155,0,0
13.839739918931897,0.011145370411739908,0.48553354197012283,2.400412422273345,1.6486199730765636,2.740992887030416,0,0
6.410606597062397,0.008157953976629884,0.45800430010864085,2.35769158220753,2.4901609599577235,2.400497518295321,0,0
15.833000000000013,0.03312999999999988,0.46938758490707655,2.5261,3.678752781422947,2.13398152818604,0,0
4.481882019303896,0.009450471350129774,0.4866012710022604,2.58394712728668,2.99494680623221,2.5855035519905347,0,0
3.5102374615645004,0.008457930920369838,0.47568712266834107,2.17945007639026,2.5496149178153322,2.596428297626048,0,0
5.820000000000007,0.008549999999999836,0.47729258981003053,2.30163,2.5206292851193806,2.40611562154088,0,0
3.793915018106105,0.010529224315400043,0.4689520143323623,2.54437940024425,2.2232765151099567,3.504165441018764,0,0
6.394497102744509,0.008751786817509988,0.48587719135543217,2.42688796754396,2.436375734440749,2.874989098670101,0,0
8.190334796607104,0.008075047336840058,0.46928916075535265,2.09414982176674,2.0223413517961606,2.34347043017434,0,0
8.682116945246499,0.007644306606580109,0.4635923362447937,2.45388296311908,3.501837432415233,2.0613708209090094,0,0
3.537000000000006,0.005819999999999936,0.45322090401019705,2.17044,4.319708241040652,1.6053492154191025,0,0
9.25,0.008520000000000083,0.47216059871322474,2.25043,2.152263060034131,2.3234368353891957,0,0
5.44298431274099,0.009480320578455048,0.4737786159294663,2.198339420534855,2.472834002509962,1.9927009216344163,0,0
8.697399999999988,0.007199999999999873,0.49382102804506345,2.30978,2.4492656502034795,1.38101616950793,0,0
8.857399999999998,0.010930000000000106,0.47342353088186845,2.20854,2.317994776245842,2.5850281432399846,0,0
9.639800000000008,0.01602999999999999,0.48019929020447966,2.07665,2.631478879722693,1.9061465215998048,0,0
5.526682993157799,0.009861067360420028,0.48880271910985185,2.63717672533849,2.7549833805200024,2.789465222469846,0,0
4.2638626665116135,0.008837069411679943,0.476583595741887,2.271438445753,2.865837797661927,2.0620334643598057,0,0
2.8358294389852006,0.008352159125139869,0.4695112215714139,2.25294802191826,2.0524412501592613,2.537607440106126,0,0
12.097020709664903,0.008342593285669997,0.49075958687630833,2.28500318748653,2.387625098105165,2.179066444976324,0,0
7.3870000000000005,0.006520000000000081,0.4681927743978501,2.2484,3.6911393710904163,1.7229697794762209,0,0
9.67511449120937,0.006596355887053873,0.4874487302740438,2.1728795418220566,2.1504570576481594,1.991446023357305,0,0
9.157588901073709,0.029962547900309833,0.48089221080478534,2.35112891835582,2.5910300347921518,3.7252588288122825,0,0
4.4619876291284015,0.009622739671500069,0.47164781685605395,2.28436865388852,1.8953299963869223,3.0729515893590564,0,0
13.064999999999984,0.007039999999999935,0.43302621968518673,2.305,2.6419942473633746,2.6595794002559203,0,0
3.817999999999998,0.01515999999999984,0.47867086983462026,2.35925,2.5665227619542814,2.3296730612921297,0,0
3.213244870184397,0.009762296786909985,0.4765019963266454,2.61626788327025,3.194699739367689,2.7625523714022036,0,0
3.5254000000000048,0.010399999999999965,0.47332242915476014,2.18681,2.2163911368239124,2.4344604525705424,0,0
2.8835042121151986,0.008796313144209922,0.4731564612385389,2.22875883132255,2.3315665562634122,2.036142891144837,0,0
12.3184081135377,0.008715394719719827,0.4786194046166093,2.17818242043055,2.1606219946281575,2.572675686339811,0,0
6.461457828414005,0.012650000325850064,0.442347871204413,2.54205790705364,1.827037513849099,4.148777841955428,0,0
9.933364544485883,0.0064270777836974435,0.4867552479962726,2.154490348961108,2.2575258181325033,1.9721846563022234,0,0
3.3233417301306076,0.008776888019849993,0.4786111337513124,2.09347450433023,2.380224140414351,2.44861836691995,0,0
1.0313685107384032,0.010801083972560077,0.4566351477728352,2.33945521513436,2.695357677499419,2.8702683185551408,0,0
6.015477615435401,0.008282243237279996,0.46530124144300655,2.16463451467963,2.3134491498633536,2.4151334993982183,0,0
19.046214005051013,0.008068290732409888,0.4789288589823776,2.58103744250851,2.293874238536475,2.120839642888189,0,0
2.404343897637787,0.008379429133858363,0.4897745492654197,2.2514429527559057,2.176405885171187,2.4182560353615226,0,0
17.364999999999995,0.007159999999999833,0.5012042646587369,2.26801,2.1701559212948083,1.641216929191976,0,0
13.04849999999999,0.006769999999999943,0.47381014877733796,2.33632,3.319223128181781,1.939898552964626,0,0
16.5715,0.005480000000000151,0.47946241596721667,2.02788,2.3506975346455694,1.7966152142313283,0,0
4.238091684682303,0.008928681516850112,0.4781747258103199,2.47107205188851,2.271173121129049,2.227941204725029,0,0
15.40700000000001,0.007199999999999873,0.49172085605818083,2.1239,3.872594695747564,1.6433861581010232,0,0
12.082749079747899,0.008208243746260058,0.4552108683470725,2.25589166495525,2.521710226114928,2.79738434583643,0,0
3.103499999999997,0.006960000000000077,0.49487876858978064,2.20257,2.967161322856909,1.2828639438667886,0,0
6.023251210162698,0.009886884837859933,0.4885115686633825,2.59205301076674,3.0660783589814713,2.32553377207411,0,0
5.648211628837899,0.01576831332427986,0.4456323315335398,2.45430488923393,3.4369316203486227,2.2599876790859237,0,0
4.303799999999995,0.007140000000000146,0.4895468612347241,2.28511,2.6711824023764885,1.4488809716778372,0,0
6.667500000000004,0.008825000000000083,0.4855107297556869,2.087365,3.598970092398278,1.6912941908704968,0,0
13.240999999999985,0.027670000000000083,0.4799665823827004,2.17445,5.826949885238746,1.20814194821544,0,0
4.585300000000004,0.007870000000000044,0.45720241263083206,2.49807,2.286302902051168,2.531850116222236,0,0
1.5185322749969004,0.009379732654909878,0.4840861918422874,2.46993508838075,3.198512755893483,2.2985798131846664,0,0
2.9693671400436017,0.00980867553015985,0.4855322093356794,2.34721463708488,2.53420120398078,2.17665987568483,0,0
2.972470225321402,0.00904640375731014,0.46565697213102036,2.13094860078829,2.286878290063692,2.8840364998091848,0,0
8.56349999999999,0.01307999999999998,0.48384984155961736,2.09766,2.0480451553482553,2.0116298439268827,0,0
12.005781458396598,0.009017022025670007,0.4680696509793274,2.62197471448125,2.831555442961467,2.701073305437323,0,0
11.083000000000027,0.010029999999999983,0.4746921098930843,2.31803,2.0052580053591207,1.8351092542818908,0,0
9.7346,0.008559999999999901,0.48767516526482946,2.30533,2.200879160769242,2.3975440498366263,0,0
20.044170697020505,0.00800911371079005,0.45600543587479986,2.17345981036532,2.0240723449650826,2.4246730886131447,0,0
3.5545350497418013,0.008372344800029907,0.4777965857820222,2.49049684687802,2.739317683648194,2.779689337988895,0,0
3.9123946707251918,0.008946053554010014,0.4852979574830291,2.33464344193006,2.571384679339838,1.9534500405345336,0,0
9.573000000000008,0.01051000000000002,0.4978120669147415,3.19955,3.3958999657195488,0.8395011246134708,0,0
6.008499999999998,0.009175000000000155,0.49077427535406587,2.48969,1.9583073759962366,2.3972857855572327,0,0
3.4913217639174974,0.011569723195659964,0.4767784007617487,2.3270939427964,2.717003021535681,2.4991455954913775,0,0
12.765999999999991,0.007020000000000026,0.4428402896249874,2.83936,1.977999162434602,2.6845075418100977,0,0
6.253999999999991,0.014785000000000048,0.4780989675613667,2.20909,4.199855330897452,1.5303825621873903,0,0
4.3021224786258045,0.009076839986989826,0.4522688963632494,2.18345785246885,2.474285465292396,2.20834217547755,0,0
1.7971999999999895,0.006681428571428727,0.48882850969981695,2.0966771428571427,2.6703444555480407,1.7282431408443308,0,0
3.8471746471866055,0.00981062066967997,0.48350193938413216,2.81957077795264,2.903915077582317,2.824666228731047,0,0
7.10810957352281,0.005953420896829931,0.467722449859339,2.41584027195564,2.3068980062195736,3.2068188345473625,0,0
1.5789819927640139,0.016242828589425162,0.4764905948162462,2.421490379942195,2.771958903221779,3.139620350201805,0,0
27.671999999999997,0.007959999999999967,0.4706565818681592,2.18193,3.092018459179503,1.8944519783985043,0,0
82.5340301369863,0.011173909916201152,0.5592279855247286,2.232046849315069,2.4960157145561537,5.155989582570218,-1,1
4.115161363636361,0.007160909090909051,0.4912923583400203,2.1833225,2.835677371314323,1.5115612024782783,0,0
3.371600000000001,0.01802999999999999,0.47378442759199874,2.14327,2.143243407611224,2.634297466984196,0,0
7.954565116371896,0.009772539679260062,0.4729688038563863,2.29778728760244,2.371500348198974,2.3966650348875547,0,0
5.3008702836553,0.007539425493869878,0.47167842636803853,2.16150780783752,2.6301811296828053,2.1987422457569137,0,0
14.115598810675806,0.009579917886930023,0.4790970953737755,2.05754910735958,2.2406304055235937,2.261222393457023,0,0
7.151899999999998,0.014129999999999976,0.46522586745633043,2.29648,2.2901579275805237,2.601494370095948,0,0
15.638199999999998,0.008240000000000025,0.48317598486674784,2.30837,2.1345211899700396,2.219902512392931,0,0
6.186465079782792,0.011583690624329845,0.47985336421225055,2.4353892453018,2.342553847054295,2.07633022028179,0,0
6.510900000000007,0.005800000000000027,0.493165091423706,2.2277,2.402163343615849,2.0539688686653546,0,0
5.320532128034202,0.009340178531650034,0.46812360840711353,2.22473248778388,2.3306868839451376,2.596056362577531,0,0
8.489405464878999,0.00882028353988007,0.46955053755367604,2.19575406818745,2.3003883740065225,2.9056618446457643,0,0
15.52200000000002,0.007510000000000128,0.46157984923183093,2.45639,2.6911902149620057,2.1380538662033017,0,0
6.185093058863501,0.00767557915497985,0.461290769007206,2.19158674516681,2.387462641655585,2.647494886392521,0,0
4.074100000000001,0.006599999999999939,0.493225857319098,2.18769,2.5388923459863095,1.8582151042423993,0,0
4.6396851847820955,0.00822365012069004,0.46280647614759673,2.46564886825682,2.715748496389379,2.7615617663967753,0,0
9.8840946967792,0.009515017786520197,0.48873128458973136,2.76074914517496,2.3545866677585403,3.033692759496177,0,0
3.231683619277888,0.009177583223530128,0.4827695828800436,2.77547655615026,3.3895644281481507,2.1933424060151445,0,0
15.911000000000001,0.028405000000000014,0.4778705314242266,2.26604,3.3003195396086036,1.9883737837991617,0,0
12.111999999999995,0.029970000000000052,0.47071584429616314,2.32164,4.058882743870203,1.8328296794460543,0,0
9.33999999999999,0.029739999999999878,0.489778565670259,2.12756,6.273972180717509,1.0843598887561907,0,0
7.721199999999996,0.006960000000000077,0.4854590018932049,2.32439,2.989240941251388,1.43284112171121,0,0
4.534099999999995,0.008024999999999949,0.48193581785436795,2.23765,3.339819645024598,1.3659903058562721,0,0
13.379039324671197,0.008965743496070155,0.4906320438144442,2.28577113462832,2.162800132588819,2.178227388898337,0,0
9.811350743717398,0.050143004542619884,0.4690734640402886,2.48581838817372,2.473392383567728,3.3156068761919806,0,0
2.5432077719698043,0.008517580320880125,0.4655963361551061,2.52326546166708,3.6760303247715465,2.0376898196521003,0,0
5.229900000000001,0.006529999999999925,0.4965906477104018,2.19459,3.2734546873891137,1.6848335388409372,0,0
6.36760000000001,0.006319999999999881,0.48455476662957825,2.21148,2.9685560174062635,1.3953805994637405,0,0
4.935000000000002,0.003929999999999989,0.47965921063541084,2.21635,3.8135243952699494,1.6906930431806844,0,0
7.6229999999999905,0.05096999999999996,0.47059963855346343,2.44602,3.1226946023394566,2.111520667846402,0,0
5.56580000000001,0.010499999999999954,0.47835669675936426,2.2843,2.20558252620037,2.3550380228136882,0,0
7.8700000000000045,0.00882000000000005,0.47561632897494766,2.29853,2.285117400993387,2.0677421870496766,0,0
3.9623500000000007,0.004709999999999992,0.4779689716908819,2.25787,2.4701461421123923,2.335761728280551,0,0
14.171999999999997,0.006019999999999914,0.48687543172921943,2.38019,3.345320127357978,1.867391787073408,0,0
1.7866999999999962,0.006990000000000052,0.49911902621905563,2.24215,3.2865959121244592,1.4309463973278191,0,0
6.154899999999998,0.006950000000000012,0.4945127225374738,2.20781,2.6700326407447217,1.4632326841107361,0,0
6.21134788395905,0.008540221843003515,0.4741459847161864,2.358461723549488,2.273763334145531,2.774583166403782,0,0
7.316600000000001,0.059739999999999904,0.4696990758928301,1.99143,3.397477463422245,2.187990698071343,0,0
20.067595532382995,0.009709273381519834,0.47774486271752004,2.44334499569185,2.3124738861463436,1.924887168254548,0,0
22.428170313061003,0.008102854566089945,0.46213445967764955,2.63642351850283,2.0455261838723082,2.9759353898212453,0,0
10.572285048170201,0.00804528743950983,0.47713181882115785,2.17858439771364,2.221544346207649,2.456076449845947,0,0
8.127318553703091,0.010008539095410107,0.45881998107978134,2.35714249119958,2.640526449151653,2.528435349482808,0,0
5.444800000000001,0.006120000000000125,0.4852935597438465,2.21833,3.589416950149689,1.4849145598714963,0,0
7.081800000000001,0.00821000000000005,0.49006734959533643,2.32717,2.163054251534732,2.418670254479501,0,0
4.25705274277739,0.008854420296880106,0.48320280741742105,2.61013495674195,3.250363031721453,2.5590654305109366,0,0
4.542000000000002,0.007390000000000008,0.4785420704771068,2.17257,5.468828740418534,1.3704201802849665,0,0
5.3969565460431,0.00852404398749007,0.4739234363374392,2.16039633064088,2.9618002801734207,2.2622577970577753,0,0
4.789337017099598,0.00843978620544994,0.4550927367260587,2.43183924820938,2.5174379417497486,2.7588153037157843,0,0
13.945744364623692,0.03389145831689011,0.48035296979193115,2.5256332692524,2.090593855093992,3.0762038601642976,0,0
6.290160034129698,0.008879433447098961,0.47487641038292017,2.3617353754266213,2.2624189594892377,2.7046870072928537,0,0
8.355000000000004,0.005650000000000155,0.48470783886913366,2.1749,3.419553728714034,2.0310077519379846,0,0
6.381249453924923,0.009275064846416603,0.4757198553868404,2.3655189931740614,2.2493622095236203,2.6284766130862187,0,0
2.1807668075940967,0.012633535188950162,0.4648554905675382,2.41207584374307,2.9180017838978207,2.7377017977560207,0,0
4.447214196070291,0.008316277682920203,0.46490316780192736,2.32865758862864,2.1788226840426903,3.2083453513547697,0,0
7.833600000000004,0.011479999999999935,0.4779698407421958,2.30691,2.2563139351927566,2.460675649806025,0,0
3.676000000000002,0.016739999999999977,0.4960914739713792,2.13996,4.085080512914864,1.6049616768875898,0,0
5.023299999999992,0.007139999999999924,0.4804926560587515,2.11928,3.233926743860519,1.5894331034331837,0,0
3.275736248531601,0.011928834414099976,0.47334761077149995,2.3895095891856,2.6347444644038345,2.2441185509765496,0,0
6.749958090072397,0.010285315602750034,0.45527279140539056,2.54536247614607,2.278694038977262,2.9633313649237483,0,0
2.292287905831202,0.00912827506709002,0.48725833895242465,2.61574233532629,3.23842954413288,2.7108807298613384,0,0
9.492567791225298,0.017225409214679965,0.4692874395011541,2.44144840671289,1.9763001664628739,2.9593780560850234,0,0
5.140613712239201,0.009654609248169965,0.4585392663642356,2.58425668354641,2.417505382780923,3.76306589830218,0,0
6.0122,0.006249999999999867,0.4684341371877976,2.02393,3.8542585878775637,1.9021588553516358,0,0
11.184999999999974,0.007750000000000146,0.4796084401732705,2.15282,2.0258403820047657,2.616977139946918,0,0
15.225999999999999,0.01812999999999998,0.4828971508255824,2.15377,5.526795097505838,1.3300508773191428,0,0
24.545436241610744,0.007129496644295186,0.4898842483296885,2.269059899328859,2.7964726309565013,1.4107356199670613,0,0
21.348,0.004489999999999883,0.48133000710312074,2.13263,3.947505722143713,1.5530604101177583,0,0
7.415999999999997,0.011600000000000055,0.48553564450258946,2.17572,3.4004881898096704,1.6520289915662973,0,0
3.961903675586001,0.01220049189532002,0.4794266484242003,2.5257337090596,2.5188901572529896,2.9986294101090603,0,0
4.325631605729001,0.008825037095680166,0.4785910324482456,2.4037683858483,2.4936104247316817,2.1431397819212084,0,0
9.92949999999999,0.0068550000000000555,0.4884666205385454,2.18272,3.2262117155623318,1.43482573540001,0,0
3.1377999999999986,0.008920000000000039,0.48108693858879464,2.26353,1.9988836030305588,2.836306599138257,0,0
3.302657214555495,0.008990547289730033,0.46678166062750415,2.36894443935729,2.589670329315465,2.5706210017575515,0,0
3.1348958851157107,0.009304276243661702,0.4562047337542101,2.281207253078186,2.4429530234687773,2.9364501240376164,0,0
10.707999999999998,0.007279999999999953,0.48210417313865594,2.21734,3.322394834823595,1.989182707915799,0,0
1.4800380681799936,0.009089558339840043,0.475743242991276,2.3702985190426,2.320661863894823,3.0566889817852503,0,0
7.410899999999998,0.00869999999999993,0.4712363849666261,2.32228,2.183284859622509,2.4169419290085314,0,0
10.61099999999999,0.008320000000000105,0.4698002927667296,2.1413,3.655074973569762,1.6816831805694203,0,0
1.7440961652091005,0.010265282188379965,0.4829848087016722,2.52618368721279,3.466136940323219,2.504127092410674,0,0
18.40599999999999,0.005740000000000078,0.48037543924151466,2.33765,3.3652155832372457,1.8297165080182465,0,0
17.670999999999992,0.007919999999999927,0.4751049421088586,2.20528,2.168362496011551,2.602638951800963,0,0
3.2486587596894054,0.029821739090819976,0.47674822582338816,2.317153514318,2.645831923159699,2.6629080372914755,0,0
1.2409983971207907,0.008816221699720073,0.4727695789973169,2.30543546753867,2.549720725445759,2.358130880363587,0,0
5.155746058207598,0.009901712605030033,0.4790376899885823,2.42653773416232,2.3762135565792257,2.2942047411654025,0,0
5.924700000000001,0.03681000000000001,0.4591189526747423,2.13117,2.2781217333928607,1.8375780858746935,0,0
4.253986171545762,0.009523204309770161,0.49054555921025766,2.16376351498696,2.2886216959147476,2.460830313897012,0,0
4.912999999999997,0.004669999999999952,0.48472175273948614,2.13944,3.495653611754146,1.7918774205836914,0,0
2.1173,0.006229999999999958,0.4444615232595163,2.11395,2.187061417076689,3.9251140735438845,0,0
3.176967063652995,0.008440301985939813,0.480956657444478,2.64143116612494,2.6250890067801307,2.8487818312684503,0,0
6.464604313068904,0.008768613612710086,0.4704735746176083,2.30482265366882,2.3383396706800097,2.164532978509782,0,0
6.872195868249705,0.008614939587930026,0.4747740527497128,2.13460744984041,2.7531439872738073,1.856341708950154,0,0
6.654000000000011,0.008529999999999927,0.47238049689543427,2.43921,3.6130353979190826,2.328385149672929,0,0
4.973675233514697,0.00875578272920019,0.46158039795296874,2.52091985185098,2.7752651068259064,2.7534633218244826,0,0
16.634401587331894,0.008780462672050016,0.453752669817846,2.28061625386689,2.6392315436000424,2.764162838150875,0,0
6.337699999999998,0.009939999999999838,0.4893373564498892,2.22874,2.1514019354381166,2.262634661531841,0,0
3.879846083898201,0.009212960300679862,0.4918527479057012,2.28078430871041,2.393203804265365,2.634471001175757,0,0
4.644079355618899,0.008327200498339904,0.46374839102983884,2.22257592025502,3.0977635325332016,2.039581326358325,0,0
4.8997423727344085,0.00871153506765987,0.46329771076233517,2.80689085592518,2.2454801692382884,3.595334571849034,0,0
12.702499999999986,0.018219999999999903,0.4357162884684179,1.973235,4.981673616485903,1.3375731110832412,0,0
6.753946656011408,0.00976501255105,0.480148302720181,2.23615518592603,2.5141260023567384,2.16369489467314,0,0
6.838583846660811,0.008102442769259977,0.46616192324346645,2.18531193062554,2.362429107457689,2.3140282556377034,0,0
1.5436013588002027,0.01078822860466011,0.4939625089403614,2.63668705289371,3.0439299125847943,2.284832604468786,0,0
17.51400000000001,0.018750000000000266,0.4869493289002578,2.46075,3.5454326241734813,1.516135756502888,0,0
4.622743211411503,0.00956836485984014,0.48546713893664784,2.09496069452451,2.205954374467768,2.5248527896506374,0,0
4.599800000000002,0.01532,0.48772360439014156,2.25832,2.7776631410773716,1.196040963637563,0,0
4.732355148037598,0.012690930209819928,0.448148278754294,2.62035058867098,2.1291251661190924,3.974744091245519,0,0
7.403000000000006,0.005919999999999925,0.4881924080388256,2.34543,3.4971740401481193,1.7187104554048622,0,0
11.336600000000004,0.005265000000000075,0.4922293514689306,2.086785,2.1099681543897058,2.1967828377982777,0,0
8.683999999999997,0.008070000000000022,0.4907403590687147,2.15416,2.60966362122938,1.4705320800023425,0,0
3.857200000000006,0.0779700000000001,0.47213537642205866,1.99958,3.788489911158757,1.9323068088008328,0,0
3.946599922827602,0.008315195794500019,0.47804845509239496,2.29674562730859,2.4904685778860207,2.229124060399263,0,0
11.444000000000003,0.006990000000000052,0.4892603690067613,2.1504,3.2774541546591456,1.5895018968106018,0,0
8.615654528554998,0.009284308330220092,0.4582676591682258,2.37336446442087,2.6587524108008282,2.7293958909736276,0,0
5.001949999999994,0.08601999999999999,0.46752002769162826,2.026595,3.7429752055312044,1.8000964796686747,0,0
32.262,0.008449999999999847,0.4574323046762268,2.43617,3.8433030527216605,1.2398469129554657,0,0
3.1313200932218024,0.007010484809820028,0.46947040809009116,2.14803884302561,2.7129840665036835,2.7291925817745346,0,0
12.498000000000005,0.006850000000000023,0.4725077587480911,2.32017,3.4059213831574935,1.6142737788529098,0,0
11.161000000000001,0.007449999999999957,0.49299086533739317,2.24773,2.4429654144686923,1.4993557407610485,0,0
19.400999999999996,0.006000000000000005,0.471292689275457,2.26926,3.1708532511396985,2.0720896435673852,0,0
2.598913481905143,0.05401759280073448,0.4802750343173924,2.726369355191208,2.297684827365215,3.2336647209150873,0,0
4.7600119055661025,0.008793057067940202,0.48268767560510617,2.70917334364506,3.190002794410163,2.691622281095368,0,0
11.034535070849003,0.011402166072429942,0.45261269218378103,2.36771219140442,3.039440196216985,2.482840311384419,0,0
9.636399999999995,0.005049999999999999,0.4847794684035053,2.21958,2.33402047687762,2.0880532020976665,0,0
4.177499999999995,0.016450000000000076,0.44950064561381137,2.19727,2.4388257289361173,2.968011750785426,0,0
4.291829317599394,0.012195960242360027,0.4820359200074918,2.43636970639294,2.915028949926091,2.795063818810513,0,0
7.979144104375408,0.0104836553660701,0.48425456063677724,2.3074891477091,2.2866779738312104,2.2150029691535877,0,0
3.770461832804102,0.006161148563829988,0.4662044856267284,2.11186423612455,2.573597435986369,3.018951176572607,0,0
4.463811960051501,0.009814283863010198,0.46642369571814546,2.34333690810724,2.633613170266166,2.802479043644063,0,0
11.207997226217302,0.008347111485190073,0.47103783582072695,2.41080919734557,2.507725269145182,2.7333964911295965,0,0
11.999700000000004,0.005889999999999951,0.48809390575103717,2.06234,2.0331226736251455,2.195763816427094,0,0
1.9832935039370057,0.007946673228346635,0.4889307104192119,2.268114448818898,2.1104582412949244,2.4705931778629573,0,0
7.508310560768891,0.008515436182380043,0.4608492254680364,2.00024269944564,2.4718203858865246,2.5926023376860394,0,0
3.2343999999999937,0.014475000000000016,0.48204133639183533,2.33245,2.381455993729904,2.257368903200733,0,0
6.653500000000008,0.012560000000000127,0.47784180994975106,2.201515,4.1550726944017615,1.702148350769996,0,0
5.337828174805708,0.008976853152150133,0.4893598285330436,2.22296832951119,2.5241929298002286,2.078967951960787,0,0
4.018799999999999,0.00926999999999989,0.48096565075826464,2.22861,2.254524412539206,2.067990732005106,0,0
6.621705992966014,0.008479795955750102,0.49018321381296626,2.14515156304877,2.1561376473318985,2.359378026497393,0,0
4.524702561840996,0.008654358337260026,0.48746646693778534,2.31893410341567,2.499999831394669,2.1913833158912963,0,0
5.5488048871613955,0.010978665558099898,0.4803987542482014,2.3021343605366,2.766975668929707,2.7422112747798253,0,0
15.086551446293981,0.008991856452259972,0.4814395063998877,2.45662661708611,2.879086487290659,1.7799720550674194,0,0
5.537000000000006,0.006549999999999834,0.46065997392128033,2.12785,4.104883522120112,1.72505645421448,0,0
3.133953981993699,0.013464741931350055,0.45703630016354135,2.17084233336412,2.708120145144904,2.453565267940585,0,0
6.690215231207802,0.010351744631510007,0.4861416405586703,2.24477375187153,2.5016335620503134,1.874880143872623,0,0
6.382854481824808,0.008742567614829833,0.4740561834269352,2.3891383519475,2.505096747714748,1.9808472254165361,0,0
10.683233914066093,0.011603712068509964,0.4463095566242053,2.58913683075015,1.840005397542399,2.9021078091325734,0,0
7.8786283841401,0.00894498603246996,0.46924016077340547,2.05530751985849,2.7360061358687675,2.289323647774631,0,0
4.7753999999999905,0.009090000000000042,0.4756031209158575,2.32082,1.843208502149955,2.7923797857464776,0,0
5.1190928420396915,0.011290026699970035,0.47106028612025125,2.44183439287515,2.6905068589946057,2.6551095198521826,0,0
21.001000000000005,0.007390000000000008,0.48118923891445375,2.16405,4.0000671641983825,1.695379117341777,0,0
5.034800000000004,0.00478999999999985,0.49045011727598137,2.225265,3.482812568364814,1.2798735332444415,0,0
4.541759038836005,0.0182294222844801,0.47463650111175665,2.49382830761463,2.5906693239985508,2.666689819763631,0,0
9.404799999999994,0.006789999999999852,0.48578868595800007,2.24383,2.1519144887354598,1.9138560579704695,0,0
14.317599999999999,0.05825999999999998,0.47315565141477944,2.10761,3.0016401470358676,1.9791898560599968,0,0
28.5783,0.006889999999999841,0.48402842581293515,2.26432,2.2340112696645447,1.6263469842480938,0,0
6.693857871759704,0.007668877804720031,0.47499390468357483,2.40625844371492,2.6000581392440485,2.6128924362680235,0,0
11.431699999999992,0.00714999999999999,0.4475539885412076,1.97565,2.666891097886862,2.156028816417063,0,0
14.1244853141352,0.008678541997239941,0.45268619293645057,2.41930325055848,2.0685780724446756,2.850304665789439,0,0
10.146591369745508,0.010391168186320021,0.48016686870315617,2.37011409935054,2.1616244924813564,2.399733742334243,0,0
13.374641123620492,0.009474751940239834,0.4689834976169893,2.49262715842909,1.8056938594062204,2.9258691452038175,0,0
13.052299999999988,0.0065349999999997355,0.4827818397193668,2.21352,2.682238857859846,1.4768356503500981,0,0
7.884961714970601,0.008416298985049808,0.4735768382172208,2.24873237356837,2.279019496406597,2.9604224566731228,0,0
6.4077000000000055,0.006399999999999961,0.48944690604360014,2.18113,2.10149420453431,1.9075176216552148,0,0
4.492999999999995,0.008440000000000003,0.48984857746179344,2.13396,3.231116025859136,1.8323243260980133,0,0
3.5004107354940004,0.010091147404969858,0.47094555483595074,2.08969684735082,2.3896847833409,2.563027928985204,0,0
8.018098416436303,0.010050151134820107,0.4896318935672378,2.25769802498763,2.2236491236364797,2.050315919036537,0,0
5.457548756797195,0.01274404468528001,0.485784192229678,2.44344339041417,3.1047555290090405,2.457346896589589,0,0
6.001783156580004,0.009763083271350004,0.47535353811385045,2.46525588401748,2.5603017018879606,2.221244186373563,0,0
3.1103976717368056,0.010473050638469816,0.4730545681301602,2.50518835677335,2.848683056602269,2.991732657195324,0,0
8.695726903553293,0.015381979695431536,0.481547031357775,2.1510963959390863,2.275017158722145,1.5818474587316151,0,0
11.609190191738207,0.12783786267699582,0.4642037160402274,3.364040523250811,1.5202722121732604,6.545717067763541,-1,1
18.605277770265246,0.19812762151910923,0.45041219433249896,3.825160211368677,1.2843899111087378,9.497212654322901,-1,1
7.532999999999987,0.028939999999999966,0.4893081864908343,2.50253,3.529178715548367,1.7198430733460008,0,0
10.3647,0.00933000000000006,0.4701272214095567,2.15302,2.3764415689595557,1.6496319862372308,0,0
27.98564187333048,0.008852328907749785,0.47129738805515187,2.53707500161989,2.5047630777935654,1.9913733892921037,0,0
7.920999999999992,0.006909999999999972,0.4911615071171164,2.25305,2.4252528600736407,1.6349939652444956,0,0
20.382499999999993,0.005714999999999915,0.4900854497565959,2.244925,2.2090504632143415,1.7539408096008693,0,0
1.5411576552256037,0.011962085078240037,0.4552805175189496,2.39954113570767,2.9438477459512953,2.692072671300374,0,0
8.359365389321098,0.009733614940599988,0.4698734432084948,2.29918518924754,2.710068948681059,2.294315911901421,0,0
9.665700000000001,0.007439999999999891,0.4934010219858169,2.20755,3.634743793567323,1.3081881346360287,0,0
5.015999999999991,0.00810999999999984,0.4444491787213191,2.34907,3.1233831256848665,2.008221559370247,0,0
5.1744960360396135,0.009127118071270202,0.467307145087182,2.11487767556132,2.015819040466125,2.5024871906578987,0,0
6.544449999999998,0.10967499999999997,0.48804528737236974,2.155355,2.2737825805149128,1.849184257579429,0,0
8.816239773861298,0.009144574736200006,0.48892614553767605,2.23178040565899,2.234342747615134,2.157333921624106,0,0
12.655174661165006,0.02306933941264,0.4586945731254134,2.38630896712484,2.9741270723710644,2.2188698106475573,0,0
7.440200000000004,0.016590000000000105,0.49586853949178766,2.25863,1.8329623033541111,1.9263426934490626,0,0
8.676620881356499,0.009862870431099902,0.4854161575396608,2.28011397110911,2.503312528750161,1.844998078987973,0,0
5.913999999999987,0.017959999999999976,0.4939859780021869,2.24635,4.151488539106305,1.4658795300032375,0,0
2.1588956345029118,0.008029281747779837,0.4649450857066453,2.76745812730385,3.1574127771714497,3.0151185366025794,0,0
12.280999999999977,0.005199999999999871,0.49977391216558725,2.24432,2.9137112639197214,1.7036949725823811,0,0
5.244493031688492,0.00846586883336009,0.47130709682783234,2.25928810561213,2.1913088653166772,2.581059005351301,0,0
9.092366666666663,0.007423333333333337,0.47701124969051745,2.1506566666666664,3.3953864267066667,1.645375354451089,0,0
4.940281572647791,0.008307150424909926,0.479169433801748,2.17170743050852,2.323847936523264,2.0984235292032465,0,0
4.11530852069221,0.009292485196229938,0.4730462551338076,2.31499680241674,1.759838768764562,2.742442369014771,0,0
25.05499999999998,0.08543999999999996,0.49818629866929526,2.62289,2.4917911305881,1.4345096817352896,0,0
7.404599999999995,0.005600000000000049,0.4821646893125067,2.29612,2.641867424160288,1.9721885646676454,0,0
8.112303006139896,0.009358309418190158,0.48604497519956824,2.74144782381901,3.0397053578420166,2.8206602194584125,0,0
5.7021884561929,0.014738350573259895,0.4712784427631154,2.44377647048521,2.970855830645643,2.8186576672032486,0,0
26.09699999999998,0.026639999999999997,0.4830810063250636,2.10323,3.615493569711981,1.8266357570757255,0,0
6.729503133750995,0.00946841544336996,0.47166708419838044,2.43799285633713,2.5166822965966595,2.0967152035728445,0,0
10.408000000000001,0.03909999999999991,0.47019595051242197,2.32145,3.5890036150868747,1.9043445793443696,0,0
6.8743295983086625,0.005771479915433364,0.45259493855544797,2.167621289640592,2.2760520730052076,2.216223208935272,0,0
11.501119132884902,0.007604788034279997,0.4653997698364646,2.61202092492536,2.0019294604959668,3.2354646978297508,0,0
10.629709456579647,0.005970636654235584,0.4848739181027501,2.104905767181673,2.5933670896014087,1.914113880131791,0,0
7.3092031647911,0.008784622496520011,0.46335949305787744,2.46551920352892,2.9637502600696846,2.3800879362893017,0,0
17.932499999999976,0.00782000000000016,0.4866724728354247,2.33302,3.965062480561469,1.515411919232884,0,0
5.624899999999997,0.006359999999999921,0.4739437250104434,2.18815,2.424720146700605,1.761453117266293,0,0
10.737000000000002,0.017209999999999948,0.47297329781054065,2.06341,3.197586591375031,2.2682670637065443,0,0
5.383203532520099,0.009011876190829993,0.47626036812758715,2.18376998303521,2.11541272964215,2.4103575515699824,0,0
4.321900341372199,0.011444907004650062,0.47399029080288624,2.52573866281906,2.6681142174318424,2.7097660226653595,0,0
5.208539804216002,0.010895418935940038,0.47528728204421905,2.47657944325716,2.5725967474277507,3.0548015844090233,0,0
7.751000000000005,0.007259999999999822,0.48704126572979034,2.33229,3.0343011103459108,1.510300781606399,0,0
6.206788330421105,0.009424662745769918,0.48056005746309016,2.27535138242486,2.811151577880063,2.4568247325392583,0,0
16.524749999999997,0.006979999999999986,0.47066957815168886,2.105995,2.3488465024344216,1.743433467473456,0,0
7.322000000000003,0.00818999999999992,0.4904255161606558,2.29241,3.3496254251161752,1.737910151291127,0,0
6.340833294374995,0.01137510143808007,0.4758134471051586,2.55497314910703,2.50412171047526,2.747489644868199,0,0
6.08189999999999,0.006739999999999968,0.49274187210436826,2.23112,3.3880162106038783,1.6841529314876862,0,0
7.395530177994303,0.008874985981879968,0.4809509888107725,2.30742019981647,2.498052049400007,1.9867604094847813,0,0
7.490455037427196,0.008499164496329925,0.4889344752998165,2.59270463452873,2.5871428293592684,2.684678040012462,0,0
6.584513797072006,0.009837019322819884,0.47179392293078015,2.66102102414492,2.403477395376189,3.688043608313042,0,0
4.567402287401293,0.008159371109699887,0.49243281340654405,2.16333040344781,1.85990157305875,3.5344416835872283,0,0
10.514799999999994,0.008539999999999992,0.49695454322415206,2.49273,2.1563790679601476,2.1216999833262316,0,0
3.2676206384628017,0.009965521451719805,0.45911741315273297,2.24081347701768,2.852287377915002,2.24125508044383,0,0
6.246000000000009,0.008059999999999956,0.4814268556030593,2.32598,4.2237254158727415,1.440820605300873,0,0
8.615399999999994,0.007649999999999935,0.5000796815772399,2.17723,2.607156969515897,1.6962344409532748,0,0
3.102000000000004,0.00653999999999999,0.48873747017527613,2.2679,3.1418890300720035,1.5129620670099293,0,0
11.559964594727802,0.010777273570860002,0.48495059816248,2.2604888054014,2.2228111852538484,2.5884478669854567,0,0
2.4303000000000026,0.006109999999999838,0.4922346069243424,2.21937,2.7072741856475693,1.6054976594371368,0,0
3.3722657292182987,0.009651765910009935,0.4542858868990199,2.31174436227412,2.634913949355644,2.9046559016414277,0,0
7.091321555496904,0.009766231384960022,0.47258771729767235,2.21807835571803,2.4336083888386617,2.426850588888936,0,0
5.084400000000002,0.008450000000000069,0.491861229542545,2.27309,2.349391025217632,2.4752235682639334,0,0
2.049900000000008,0.07165999999999983,0.46401218617862694,2.17149,2.4362226699655842,2.9236497932150103,0,0
17.966000000000008,0.006520000000000081,0.45642568148434637,2.38962,3.2797616020666576,1.7208047912240232,0,0
9.148674052640203,0.009147991657679988,0.46531536303332927,2.15926411311888,2.0157904943464344,2.37001695643429,0,0
2.0630997110553864,0.009244870563664076,0.4683284144212597,2.546618359458804,2.9470830126323637,3.2333743979021023,0,0
7.029267799732196,0.008614994404430032,0.45661399723625357,2.2913758569514,2.3770297152021795,1.7601638173903262,0,0
4.839524875405402,0.010312741564520111,0.4871446542513726,2.27606815220236,2.4421551978296048,2.5518705979677225,0,0
4.237508139734388,0.008203202714749835,0.4805234781890098,2.12725064245107,2.1803517921063666,2.309590435373359,0,0
6.962000000000003,0.011510000000000131,0.4940717802156127,2.240365,4.1200987797028725,1.273814264631571,0,0
3.3376133409705986,0.01843387396092,0.4572288478936297,2.18225117092225,2.7454426404157948,2.326947186257457,0,0
14.36815,0.006950000000000012,0.4837196687811659,2.13066,2.347245496628579,1.967436428759622,0,0
1.2830999999999904,0.006009999999999849,0.4903834393058689,2.17657,1.9224984009353534,1.8205046301808223,0,0
10.049436880277398,0.010796358384849825,0.4812068042337277,2.43548365707548,2.5457798226604726,3.287290348781368,0,0
5.2050128941232,0.008334556551389927,0.46778879639287807,2.24597824606842,2.217950335042223,2.505371109254369,0,0
4.322999999999979,0.014040000000000052,0.4894695446998165,2.24291,3.8177566270973573,1.7250421256215087,0,0
2.983841016290498,0.00996423138898006,0.4611014658277903,2.78311899649876,1.8700302548142025,3.0901418100876348,0,0
7.157499999999985,0.007044999999999968,0.48941254833315656,2.33542,3.1445114028115864,1.9478396164843361,0,0
5.500054138547696,0.018427834107320074,0.4545248018113094,2.13976049856052,2.6288267340168106,2.3907555575728545,0,0
4.217000000000013,0.007609999999999895,0.467746607331372,2.04527,2.725279224029784,2.3836993594141007,0,0
3.216152521272207,0.010469694204879865,0.46816166813919613,2.42805792835527,2.5142586933022995,2.9564942850553226,0,0
32.101,0.013679999999999914,0.4717050116294922,2.35048,5.568469376329639,1.0499012521496132,0,0
4.905618051993997,0.0053573896546699196,0.46116008750369986,1.98628058468432,2.7845049892915608,2.458970326157482,0,0
4.8241999999999905,0.005569999999999853,0.475054888132243,2.25523,2.3976309054664835,3.2085914824001267,0,0
3.551285966820899,0.008953952297390044,0.4718936289460633,2.52019338495188,2.9361508300596015,2.7943986323101564,0,0
6.307441935016712,0.008232548428889874,0.4624519049066357,2.08398094518502,2.2709557294559652,3.083360151969604,0,0
0.47109999999999275,0.06279000000000012,0.4884362079830319,2.18434,2.5214446521921623,1.547893625503891,0,0
10.983000000000004,0.018540000000000223,0.43618515766497934,1.89515,5.018157761387309,1.5369006284410118,0,0
10.343999999999994,0.006470000000000198,0.47517131945146657,2.22011,3.348984102657235,1.7606697627988412,0,0
9.081999999999994,0.006269999999999998,0.4771479571598572,2.35882,3.6411931616025046,1.6579326719240226,0,0
3.3130000000000024,0.006000000000000005,0.4858184421133418,2.2226,2.1218604881348107,1.8387351179191627,0,0
4.871138832063792,0.007648807867199903,0.4622529168673016,2.35256497058395,2.249043973463656,2.8212368074047505,0,0
2.0738000000000056,0.00894000000000017,0.4507407437605485,2.3149,2.8942328817283043,2.9008906615963927,0,0
14.131,0.034150000000000125,0.4815266324382349,2.41737,3.0805833630532917,1.8877344191589174,0,0
6.200570384690607,0.007965376932390189,0.468860313500681,2.21828452650978,2.5607032095370448,2.305709700382092,0,0
2.7556929379965993,0.008057513388490145,0.47525113253438184,2.45880658486478,1.9093379776840418,3.0961025805416194,0,0
9.474400000000003,0.005779999999999896,0.4893838452273412,2.20926,1.804594023164499,2.003979300446173,0,0
6.404663998270095,0.009418403614969817,0.4833349301030738,2.51410586595973,1.7069324284245706,2.496390460600546,0,0
2.5699456926222695,0.009530246122087416,0.49249038662559164,2.3651811170543575,2.497803205174483,2.474913100250401,0,0
8.771,0.006519999999999859,0.44605718509558845,2.26375,3.015976428027343,2.2743025712648617,0,0
8.94550000000001,0.006869999999999932,0.49409698836771176,2.21056,4.213394041319715,1.2470565768137538,0,0
27.267763954713985,0.007126122981379934,0.4706090127505856,2.43234361111407,2.4246615819010895,1.9868088522337581,0,0
7.1466000000000065,0.015959999999999974,0.4886073380231529,2.19515,2.432897307789345,1.6402688415647184,0,0
20.60862826964005,0.01878717737040536,0.4612844816962642,3.180308955657942,2.2348887204554355,4.940953888070676,0,0
2.7183750785783047,0.008644396657949027,0.46833881074839256,2.7213774016455794,2.2859606433299935,3.6289795878789852,0,0
10.813100000000006,0.006440000000000001,0.4912396950410261,2.2684,2.130815260740979,1.688790217077984,0,0
5.028049999999993,0.015070000000000139,0.4571927593829626,2.147225,2.4415692894762295,2.990958722544812,0,0
15.298846849133,0.009972296332440012,0.4712172417120168,2.86221783797517,2.074639017483576,2.803645572215706,0,0
7.838999999999999,0.015130000000000088,0.498332420963314,2.05049,3.1955465549861315,1.9511941615780586,0,0
2.2975311108008043,0.010684163352630005,0.4722925503976968,2.68826849176815,3.176137430413821,2.7245298180284663,0,0
5.7962102377093885,0.009438042797069945,0.47154119643788817,2.39169326728411,2.8458552243725364,2.350334946202205,0,0
6.0597000000000065,0.006209999999999827,0.49829042122728556,2.25449,3.094621636142876,1.4830316529158956,0,0
6.027991448959,0.008950557317610075,0.49311330658350483,2.30280605493131,2.601165524441864,2.192483779558998,0,0
12.096000000000004,0.021700000000000053,0.5000884090717232,2.37149,2.969973510601577,1.5901705566913666,0,0
13.489700000000013,0.006510000000000016,0.4858606274352655,2.33062,2.4336881272489452,2.080584813708536,0,0
11.7151949989278,0.01052130513482008,0.48891449653779295,2.39433504771001,2.1749313615157484,2.3013115785187472,0,0
2.929744094692296,0.00971454673990002,0.48514929089097275,2.30887115937686,2.3062166928590413,2.67103263512788,0,0
5.807149363711503,0.009553620396890006,0.4570174470611125,2.52334733993574,1.7518378776672647,3.4585817822112435,0,0
3.9504883389549974,0.008506908532789792,0.4571692334221379,2.11811805685065,1.8337529750390602,3.165373985685486,0,0
3.9934826824926972,0.008487455021739976,0.47278188915954267,2.33788816751599,2.649834161722219,2.0677957121070243,0,0
5.045150000000007,0.02143000000000006,0.49354060884967604,2.23399,2.352883779212687,2.1224730042001543,0,0
2.6380255233440977,0.0322815054340202,0.47836319427916413,2.58819561901976,2.9429779507486993,2.9093426738496704,0,0
6.795671567833395,0.008125445431029998,0.4739459002794859,2.37050274254279,2.587970158561055,2.6567127364082923,0,0
48.081999999999994,0.007079999999999975,0.3796530938614836,3.34752,1.2986256120719133,7.302291479606204,-1,1
11.329145673862499,0.009263767714049909,0.4698401559214995,2.45408226193007,2.242215848149673,2.8253978749258413,0,0
11.955399999999997,0.09908000000000006,0.4597402746039074,2.184145,2.20655138641701,1.5948415703146759,0,0
11.116400000000013,0.006369999999999987,0.4866177493666566,2.16915,2.864460130718954,1.4865591732165955,0,0
9.854399999999998,0.006349999999999856,0.4817109772128046,2.12417,2.529518335728119,2.0334643471699856,0,0
5.016208268797598,0.012853078336939827,0.4876502656364556,2.39097048366392,3.224419605722188,2.87887021512993,0,0
3.706809175668397,0.010336361889450085,0.48426244301240656,2.30857043504831,2.547022378226467,2.33341132508763,0,0
5.8874229037283925,0.008496471867180055,0.4588414327085567,2.19507231489391,1.8066315643235729,2.7212407101482508,0,0
8.790239077315789,0.006627044402170101,0.4745503650504953,2.12341726346894,2.551353470110802,2.1551187778159555,0,0
13.545999999999992,0.020194999999999963,0.469770124786027,2.229605,4.374616620219059,1.4489998226286436,0,0
8.3141283221156,0.00550916975633009,0.4777486042643561,2.19021249072458,2.112868239521278,3.623749889958178,0,0
7.780499999999989,0.07274000000000003,0.48238791965763717,2.13569,2.9471630756876825,1.4023280436232781,0,0
5.572848484403394,0.046608620863580086,0.4673501498656232,2.60329139440857,2.6523768000577452,2.980337336142958,0,0
0.7405441229656446,0.007306726943942188,0.49611308399975146,2.2704943580470163,3.259370569949301,1.960021456058338,0,0
15.73249694226871,0.010303865153649783,0.48560811089766,2.420283503297296,2.3487344820780387,2.3527544404543055,0,0
12.042864293418404,0.007801138430849841,0.45810871719581875,2.52007110488603,2.9867850801164395,2.421464512629743,0,0
14.445000000000007,0.006860000000000088,0.48008034616806733,2.33725,3.1761967699558302,2.011628515001227,0,0
5.020700000000005,0.008510000000000018,0.47354232118872047,2.15628,2.302961586936825,2.983524117309493,0,0
6.066099999999992,0.008420000000000094,0.4740450402208814,2.27982,2.2828536258614407,2.3980381893433327,0,0
6.897311562655105,0.009336745624769938,0.46290258342591056,2.23018710783397,2.388459375809171,2.757378119101275,0,0
2.2965380352563898,0.009134898904799904,0.4696418166359632,2.4401716697693,3.034985873517684,3.0584206141570953,0,0
1.8363741572463965,0.009511894938829979,0.46327628024235457,2.534199197008,2.6712641132637143,2.827213747374603,0,0
5.429463103294495,0.007835089508370086,0.47352869996687713,2.27480811246282,2.2577713734838496,2.550399956737005,0,0
7.26170024485441,0.008387009780974841,0.47237282728932206,2.406384995218555,2.5754808992815548,2.627949276136278,0,0
5.078333555958807,0.010171301999589932,0.48488384356998965,2.43062403359705,2.429869834958311,2.1148384344113262,0,0
3.700043376865679,0.025186128731343294,0.4728941145400994,2.1807492630597016,2.5886422445077093,2.794804927940364,0,0
8.861279601187903,0.00868017384926989,0.492028345212878,2.33316922702264,2.5793840880814707,2.1972735257714295,0,0
6.459742917323098,0.008687599782859934,0.46382048923503755,2.71864792453645,2.7205327619689776,2.346635820474805,0,0
4.735900000000001,0.006269999999999998,0.49577508336333886,2.41699,2.6245002398848554,1.4918405649573736,0,0
12.619900000000001,0.006119999999999903,0.48877683830246504,2.21428,3.0579026258813085,1.1639372651189719,0,0
8.113600000000005,0.008209999999999829,0.4806771460329304,2.18789,2.6488406459272062,1.8734885819890548,0,0
1.8001598580689375,0.009491160957242561,0.4627840770713662,2.519352480781329,2.994342512070585,2.9761453443222243,0,0
11.611375685003509,0.00941606198494993,0.4487153385157551,2.1942452313784,2.708300300301594,2.1474843571991507,0,0
2.730757513979796,0.009140269781400034,0.48168153869040037,2.12282856661758,2.405983024257071,2.3407843072806918,0,0
8.4332,0.06607000000000007,0.48397440838664924,2.07978,3.1560535947804484,1.3759343847113017,0,0
8.687284105940606,0.01056715871488989,0.4832587777677256,2.34797038767784,2.6635716958979865,2.1580894619474176,0,0
5.1655000000000015,0.03462999999999994,0.4550136170332328,2.21007,2.389194190593306,2.7042057235371497,0,0
2.586137917568905,0.008112379470909925,0.4672187241920687,2.57094142946564,2.1676808003891015,3.799068418149304,0,0
11.789590871293,0.008976049862989832,0.48102443516724264,2.32087257218812,2.180334457865072,2.664100394116645,0,0
2.786356315220104,0.00894866875764988,0.4733920135669455,2.25119300346305,3.257059207995465,2.179260515485492,0,0
37.56970901001111,0.0398572782532709,0.4183938060136266,1.837324382647386,0.9883380818650366,5.434246014074911,-1,1
13.988657451805693,0.011124838971459994,0.49330870012341904,2.43488730305283,2.063562843378581,2.2567319711624494,0,0
13.677000000000007,0.005340000000000122,0.4914218181748979,2.23544,3.057502457369973,1.390261219857819,0,0
6.86569999999999,0.007670000000000066,0.4686450298581737,2.18475,2.1612002507306194,2.526272277451702,0,0
8.067751098378793,0.008247637715619982,0.4654944970013541,2.55614244113098,2.109457480646359,3.2242697523859802,0,0
2.1221691871226938,0.009999233852850065,0.46506419140323396,2.54340897335933,2.134878572756864,3.749114842027504,0,0
1.9869862641360925,0.010461990758889872,0.4762150673064529,2.66901289279043,2.9254556233414912,2.8000501076092186,0,0
6.166334681076208,0.01110678848496005,0.4633550856248852,2.34327502073462,2.482681633943184,2.245826326263081,0,0
4.201578020465803,0.008166006558729899,0.44006778638409694,2.43307719229764,2.09453839815882,3.434378361722836,0,0
2.733400000000003,0.05380999999999991,0.48689590665759663,2.20938,2.7025614627758996,1.608357861268947,0,0
12.15100000000001,0.009179999999999966,0.48484150156639627,2.37436,2.1663422677156747,2.2723098312639505,0,0
20.049000000000007,0.009179999999999966,0.46971492496278955,2.1646,1.6351580516415445,3.4826629550562855,0,0
17.363000000000014,0.02093999999999996,0.4774578010034785,2.28252,5.179711770797377,1.1697033058149173,0,0
4.211747986533595,0.011702199715009964,0.4660231360469288,2.46990226902964,2.774457678660476,2.62336941602956,0,0
2.5094503315580567,0.009109942525480141,0.496738250209752,2.24901405355891,2.4073588539034985,2.178786540489614,0,0
4.932200000000009,0.02041000000000004,0.490809970954445,2.3216,2.3135086859881167,1.8025372874330987,0,0
9.150999999999996,0.004530000000000145,0.4857155060778265,2.29295,2.3429812063695006,1.8004273190322264,0,0
3.3213736362827007,0.009247675077340034,0.4807625339154137,2.47532506424521,2.290854626410194,1.8604798252710224,0,0
3.8696303575762983,0.009150662477349858,0.4701992108339489,2.14486495747126,2.236696780680123,2.3583947933522262,0,0
8.591752026965601,0.019696310593430022,0.452289985618543,2.46331081518281,2.8408813998268765,2.3100065897198405,0,0
18.133189814631493,0.008519622086390122,0.454434215662881,2.21896373777579,1.864977074554235,2.6891124046118766,0,0
4.244700000000009,0.007260000000000044,0.485467574154204,2.149,2.9066893330542323,1.569484865881947,0,0
5.343597312408193,0.009729479249509954,0.49356215528504155,2.65010509801667,2.735106138330493,2.8026962514941993,0,0
4.7350545091073,0.00971166689059988,0.4865756296804623,2.09577939386496,2.563463677725119,2.1403581550183626,0,0
8.584597363842903,0.009417781079349874,0.4800505345356148,2.48453395214375,2.2734335917820814,2.200243645681765,0,0
9.975838148577196,0.009788417583340037,0.48226465773017546,2.23056686438782,2.372204259494767,2.3458888187654106,0,0
1.749849469013597,0.008369883366240005,0.47598142830499635,2.3239485326023,2.5249595033094225,1.99965536227906,0,0
17.145999999999987,0.007240000000000135,0.48816671534600203,2.20027,3.195685513181923,1.470297465240328,0,0
20.893699999999995,0.03526000000000007,0.480322391211359,2.31213,2.247732039176766,3.8311744186046517,0,0
6.563431343822501,0.03170541537272009,0.4827910554042465,2.61172504754117,2.6769387988086564,2.716572252600037,0,0
11.415999999999997,0.006520000000000081,0.4789771367578183,2.1386,2.547764538043736,1.9561104678779242,0,0
15.257511472586799,0.009446183444900003,0.4820453348099653,2.36509494316285,2.335303170894116,2.377672082162359,0,0
1.9557013557180056,0.008597853639429998,0.4687796304789905,2.47026593005199,3.2661689397361995,2.2937760933594085,0,0
16.250500000000002,0.006260000000000154,0.500922116751673,2.24101,2.5467681541499188,1.6136480230887158,0,0
3.163799999999995,0.009910000000000085,0.48748554513100134,2.27404,2.1653573756726,2.358400804064995,0,0
6.093610569473796,0.009982616001209976,0.48186545550220156,2.27851921005234,2.529615796653617,2.390202834304485,0,0
13.394000000000005,0.006859999999999866,0.499402675774788,2.31463,3.5754265786246666,1.7329216980149715,0,0
7.069121087090494,0.011017013263239894,0.4718221949713385,2.64259095708045,2.4346220344982,3.4205376539920587,0,0
5.289199999999994,0.00926999999999989,0.44600688132822086,2.2373,2.7971839662400564,3.0367990948654904,0,0
8.412400000000005,0.05802000000000018,0.47987129342401885,2.16998,2.778358716040542,1.5715916321095256,0,0
7.7320082078569925,0.00912383940074002,0.48665882426084744,2.29112172011069,2.3968378718387204,2.1056485391541013,0,0
7.1721,0.07967999999999997,0.48706322842394606,2.20359,2.82464935480453,1.327124990349726,0,0
3.268188432354208,0.011088649573310017,0.4761492175035322,2.41906662255652,2.844326310632047,2.5111798502637197,0,0
2.3041578064525083,0.007740534362610019,0.4609011704017762,2.0796600521333,2.0009594941164766,2.7052954387543866,0,0
1.8333143309943978,0.03117905011473998,0.47703955605353554,2.52273749717355,2.6952357293068383,3.1224127684351783,0,0
6.944891302329296,0.008809273496280134,0.4557209189719593,2.70409931234432,2.3963360686789534,3.4797163450186646,0,0
16.923576794178587,0.018405410176459913,0.44466023208607447,2.42281475729978,3.82681058989695,1.9314802493726826,0,0
4.805902355534201,0.007653232909569985,0.4762301437051153,2.63524638192053,2.7470345817433266,2.838346529769338,0,0
7.628454540460098,0.010080833866920047,0.49323957458164597,2.18719996921605,2.3396969729777934,2.451342860742963,0,0
9.2005256279554,0.009474259771030002,0.457900537207097,2.28442852262363,2.414714452889461,2.9565304447277168,0,0
4.2759492651643,0.008683112640729851,0.4625068124158623,2.30083812396167,2.4906726877156418,3.021447112875154,0,0
11.552999999999997,0.04994999999999994,0.46610686217627517,2.25375,3.8725574795298088,1.8963962325902761,0,0
2.2549999999999955,0.0202500000000001,0.4836031780281429,2.22139,2.7669910920488285,1.226992002388404,0,0
8.8659777531917,0.008169045518670037,0.46126214132860205,2.3758080045118,2.8166997853512066,2.600377973781702,0,0
5.8629999999999995,0.006699999999999928,0.47489576281994683,2.26224,3.682854370587869,1.885916337778396,0,0
7.307000000000002,0.00550000000000006,0.49288009739014993,2.17667,4.568477263344847,1.1158675818002857,0,0
20.402299999999997,0.0345899999999999,0.4952872207589315,2.31755,2.391609294470286,1.5340502751429241,0,0
3.596120919873499,0.008703321940499942,0.47419054135482375,2.15736267780315,2.4681490949919316,2.514065269220188,0,0
5.532235127042199,0.010005395212170143,0.47378132720733446,2.25764304348248,2.451818475465812,2.5531346306453715,0,0
6.269307552694599,0.009791135953760133,0.4780013099130018,2.40860650025502,2.943767052751775,2.9202395223999202,0,0
9.469499999999982,0.11464500000000011,0.4689092638349849,2.629625,1.5387200556257623,2.7505722421570953,-1,1
8.284335192069392,0.019843097893432304,0.4758613372925413,2.2155734200743495,2.4080726424269017,1.5702229638275575,0,0
6.704984374237,0.008568493684939948,0.4737259876255291,2.515238549419365,1.9374586466406265,2.187633330807741,0,0
8.331999999999994,0.012990000000000057,0.48539029007251505,2.11291,3.508187072434122,1.6989651851396488,0,0
6.816260658689309,0.007879012371939886,0.4795968143133246,2.53559310769361,2.716985388657637,2.5152354803355017,0,0
6.753910265955696,0.007804558400000161,0.4615095197117081,2.18714580376392,1.9911987537406923,2.367171608512009,0,0
21.826999999999984,0.006350000000000078,0.4920219953236438,2.27215,2.3476413622921197,1.6339549359461716,0,0
23.241615187264898,0.007098412313019997,0.41927375750787793,1.99928336389539,2.3667048497641474,5.321193860953749,0,0
7.639899999999997,0.0168299999999999,0.4627859279362165,2.16712,3.943575928132918,2.073404211138336,0,0
57.614000000000004,0.005324382975885111,0.34248450289583876,4.6137646165301565,0.457025749783111,8.089506576327624,-1,1
8.974499999999992,0.007640000000000091,0.49176647963591513,2.2236,1.936105855937592,1.7373999051480484,0,0
8.762934624181398,0.008533412295570031,0.4770294920368044,2.12423714789405,2.263591129214494,2.474991981253496,0,0
13.796999999999997,0.00873999999999997,0.48725489080551904,2.14689,2.825634085829694,1.7350979241154811,0,0
4.4468234281537065,0.007948863267279949,0.48841675098176884,2.20397594551427,2.3259858607114694,2.8002225179955182,0,0
4.6096999999999895,0.08128000000000002,0.48433782712133233,2.14747,2.5564703804118247,1.763984243487568,0,0
3.0153865419416945,0.009396242920570064,0.46839293348899846,2.31823767567896,2.4869742774178283,2.9142030734044844,0,0
16.019876159082997,0.011551558674379958,0.4932892614064283,2.78255756054492,1.7687123075322433,2.7646845044866466,0,0
12.331114182786195,0.008876876941690037,0.4648374528595529,2.43654496570237,2.475438435693338,2.6603529107149644,0,0
32.19499999999999,0.0078600000000002,0.4576442649794672,2.25457,2.287946176232142,2.8221797846012207,0,0
8.994546579267904,0.00976352989703999,0.4954521691615122,2.28860942487137,2.43572964302427,2.0007202509892945,0,0
11.128600000000006,0.011519999999999975,0.4965626797941339,2.21958,3.114160622100242,1.3864092095090839,0,0
7.446300000000008,0.03993000000000002,0.4896596339656504,2.22031,1.593611139495,2.117370850839261,0,0
14.768,0.006930000000000103,0.4666270572638795,2.57568,2.6536802196365534,1.8039296611293723,0,0
4.377560993453194,0.011210314937149857,0.47671146790461805,2.52118895346601,2.6696533936054987,2.9563508277522677,0,0
9.95132758519631,0.009469507601000071,0.4825934769063021,2.48247007371532,2.121030879637947,3.1104693582326144,0,0
2.7540158806831982,0.01063715182574998,0.45589251423119603,2.43988889852289,3.059031699594873,2.874487492025257,0,0
2.5660000000000025,0.009790000000000187,0.46842373952305033,2.51817,2.1326965740785537,2.8731334392374897,0,0
8.327242550327796,0.010540714451789945,0.4829402607400903,2.21261848160869,2.3288408900619033,2.6017677610834733,0,0
3.2575426409286052,0.00946255202617996,0.48297594143654193,2.67117465758888,3.2726459953137192,3.0283142811156956,0,0
3.0184535339952987,0.03302333996496998,0.47386405545566607,2.4385208970768,3.0659648427474746,3.153470670874371,0,0
5.67110000000001,0.01760000000000006,0.4844164456233422,2.1651,2.6472556231713065,1.5652446052974056,0,0
4.371350420142804,0.007402679939790158,0.44755425144192673,2.72070458295221,1.9783271437240955,2.8096133145611977,0,0
95.11200000000002,0.022259552170873498,0.35726973932356343,4.7244930677587496,0.7668038104766852,5.58711233921984,-1,1
4.859106510549211,0.03337060228359001,0.4886280929624816,2.64786913105865,2.5303434826284086,2.8764788304906617,0,0
8.944183086280006,0.009163232463349935,0.48126834535948637,2.25047369104071,2.4103774704516683,2.245024106910101,0,0
5.479900000000001,0.009120000000000017,0.477679389784329,2.28356,2.211184902579561,2.6732785467854177,0,0
5.139195198234489,0.012854785435679972,0.49186109297341263,2.54337917610446,2.5095702155854296,3.5625478029305166,0,0
6.380099999999999,0.00778000000000012,0.4896300839337472,2.2366,3.4707189945107815,1.1500479162604997,0,0
11.1571,0.020809999999999995,0.48759619231068196,2.19682,3.560704614880556,1.3667155063134846,0,0
2.575157450808703,0.01021952373262991,0.4696904026505978,2.44854774237474,1.667962416266672,3.309235963033916,0,0
2.857715204945393,0.00907826073127005,0.4919190922585003,2.75196654219231,3.301395689948934,2.184654769193518,0,0
7.473727161763705,0.008421568297150017,0.4746140794651994,2.31421406419381,2.6685452078295833,2.47651491053232,0,0
18.232000000000014,0.005659999999999998,0.4952574763458592,2.33681,2.358538017303302,1.7467779756342672,0,0
10.394493713372398,0.0061248161960576475,0.4855112784169763,2.121654757591902,2.4713224564543546,1.9348169409228595,0,0
3.3076079154167957,0.008816049065079934,0.4923217441530351,2.63530703131266,2.707830538082586,2.8492105519710247,0,0
10.539344086307935,0.006029869472562455,0.4851190065920032,2.1113404075652635,2.5453358286774086,1.9222085751021063,0,0
7.548000000000002,0.021560000000000024,0.47494012679496217,2.20921,4.371984835688066,1.5006029334558342,0,0
3.7233868565566866,0.008654104695410059,0.4848690221172989,2.20488112633917,2.59362583694126,2.3413501274706703,0,0
9.256173541546701,0.007594909811520001,0.47213042875848305,2.25918772269996,2.500965780494711,2.0356034540965537,0,0
6.888011424517799,0.009462739834259937,0.46803524982670114,2.22712281400663,2.044668957575636,2.7066727347382535,0,0
2.504949999999994,0.009099999999999886,0.45971994387018994,2.36389,2.1959392745776305,2.825710866788592,0,0
19.46499999999999,0.007050000000000001,0.5024532888053532,2.30344,2.281537484031012,1.636917868088826,0,0
2.0852304126226926,0.010853351167559921,0.47713780811758516,2.42256420740677,2.6597036547638635,2.522627739366094,0,0
3.283493653347392,0.009424132841719945,0.4813195772482848,2.31632248447658,2.7737227931013084,2.3151497281250655,0,0
16.593999999999994,0.03247,0.4677057657411972,2.46809,2.0805000603869823,2.593622973032038,0,0
6.892361721944297,0.009035291204170015,0.47146938359030305,2.26163508887056,2.3971269475689914,2.495656730510092,0,0
11.57246164115719,0.009490797723739952,0.47011537668073694,2.33121447116523,2.104573461183697,2.5310397550441595,0,0
2.4706079468816,0.00923023040188009,0.4751695171632843,2.24620155094236,2.188199296767177,2.3633226180723157,0,0
19.412000000000006,0.016109999999999847,0.4733250884899142,2.46255,5.245293011536435,2.8693272957519476,0,0
8.5768545799192,0.010833321195699908,0.46277300255364506,2.558040304326,2.3746313617640626,3.251091660575184,0,0
4.121000000000009,0.00857999999999981,0.48721427667416184,2.12177,2.588544399518504,1.9821205980193477,0,0
2.96541829311181,0.07452847235914994,0.48533253271628046,2.51718583816094,2.9213769712064934,2.3412936132436326,0,0
3.3877999999999986,0.00924999999999998,0.47332741614698753,2.27532,2.2293112041706933,2.3969828977089382,0,0
3.454991748064799,0.009485476597430154,0.48930557436051264,2.70459373810746,3.1108599987999415,2.379357320094282,0,0
6.88785,0.06868500000000011,0.4814221447766769,2.110185,3.0423210670625793,1.363182982136797,0,0
8.8305,0.00788499999999992,0.4887716284472347,2.241195,3.3017440408453393,1.3094560919594658,0,0
2.808341651742296,0.009083428225320045,0.4847689576814125,2.31435889787449,2.6974152015615522,2.287031845554996,0,0
6.165614131043995,0.0089098416733,0.46358019552806934,2.24257854033391,2.426497944060962,1.7791702693877116,0,0
5.041469007378993,0.009064940293200152,0.49447378713358603,2.65428802207624,3.039401715867945,2.02639839954997,0,0
24.791055236739,0.009734786588900146,0.44751731771006403,2.55554188175788,1.6676137869177046,2.8778857887838254,0,0
8.157710749643499,0.009053335315319933,0.4661088603229832,2.11049792968787,2.41723419148908,2.3130583565688663,0,0
4.599009293680297,0.02177470879801735,0.48069219822529563,2.231861598513011,2.5904278220883508,1.441572776651731,0,0
6.1670903071672285,0.008746177474402872,0.473735538749222,2.3566233788395903,2.2801532585807953,2.8155674543801186,0,0
5.3046153769328015,0.008591497982380014,0.4594241713695863,2.55400401405066,2.2222832766824916,3.994937965189627,0,0
5.017180531621904,0.008877241853200157,0.465571999288851,2.08139671805058,2.6242533739594878,2.7849080126149093,0,0
5.281983321044706,0.008956145317539965,0.4930115444037289,2.74367702576249,3.20085474922394,2.085055943096839,0,0
18.9003,0.04793873529411763,0.5025192553062688,2.89473,0.16032882202212662,15.766451249879275,-1,1
5.134,0.009740000000000082,0.4768207433172594,2.19694,2.1905167356980018,2.636415043417541,0,0
5.856650000000002,0.006469999999999976,0.4829900283723638,2.180655,2.74572476886274,1.5155878237064755,0,0
1.5431999999999988,0.006860000000000088,0.4814060269619616,2.152405,3.185153884709526,1.5314245786018912,0,0
4.9561999999999955,0.05221999999999993,0.48390398161206183,2.15441,3.485088052766283,1.3670445705963157,0,0
7.802000000000007,0.012124999999999941,0.48207072756095,2.224125,4.284661239664124,1.5254904357391676,0,0
7.8407889945321045,0.011120809968919954,0.4459333762035157,2.67180010429147,1.9991648936969397,4.341941183853276,0,0
6.256309444208192,0.009602135194859862,0.47929883990494315,2.34985601397608,2.7314074426368022,2.8813238933524477,0,0
14.653899999999993,0.007079999999999975,0.487518122551426,2.12084,2.5514090310456634,1.879254759070367,0,0
6.702397575489897,0.008978270473780192,0.48176891834995533,2.30355002724834,2.1950075858985483,2.481149805616643,0,0
9.538643920183503,0.008200737521290025,0.48051177754812413,2.22013581458135,2.3254396098394174,2.2975084396887064,0,0
9.686897612032098,0.009341794964949912,0.47427846991150574,2.31796589863496,2.0489886513491453,2.6536868199536574,0,0
7.130877792483005,0.008866889512859855,0.47132865868162577,2.16250565964866,2.1713977087015355,2.5783641855036548,0,0
3.9862959725479072,0.008974272132149963,0.4796583674471448,2.1618193695077,2.3599394097817608,2.363498580053653,0,0
5.10199999999999,0.008589999999999876,0.4915686669108702,2.07897,4.742871547812448,1.3750224664287365,0,0
10.373271967587101,0.008176456034129975,0.4508597786838825,2.27389777059834,2.74824397096341,2.338411996157628,0,0
7.332312912912911,0.007405375375375334,0.48137174689949047,2.225695945945946,2.2156829457182674,1.9068310521744252,0,0
12.63900000000001,0.007120000000000015,0.49190265749786966,2.22575,2.5743869829891337,1.5464860854085218,0,0
7.202932393191901,0.00916845104240993,0.482636439665029,2.27161689464147,2.4367201832202,2.1044256788825373,0,0
10.040499999999994,0.012480000000000047,0.48087764589564724,2.229395,4.895596943776772,1.3270272517759987,0,0
9.14,0.007319999999999993,0.4852818338704974,2.34742,3.301025396129196,1.951846799454341,0,0
7.344999999999999,0.008010000000000073,0.4792840149739356,2.32746,2.1465435409697067,2.341262905783733,0,0
10.206500000000005,0.01839000000000013,0.5021068436352919,2.39849,2.707687357397765,1.4764220970972322,0,0
3.782606529850753,0.025499309701492612,0.4730604450121906,2.182409458955224,2.580008279096185,2.8065546944396416,0,0
1.8837063970268986,0.012332018492749786,0.4879918632108589,2.45762861689553,3.638100567782432,2.582643527441064,0,0
9.210700000000003,0.022359999999999935,0.48505711215928915,2.15019,3.7895074393782573,1.224362309634543,0,0
6.959284368706008,0.009218097709920103,0.4785504918355951,2.31201810966426,2.2245169093312995,2.2977888297603415,0,0
8.58680000000001,0.005830000000000002,0.4957951382445723,2.34702,2.323799596699561,2.0542651688990876,0,0
5.772764432495208,0.00884180734719009,0.4774792937887772,2.19873192853918,2.11138139998474,2.833130869669765,0,0
4.172434662637002,0.009902717567080055,0.4709017664788688,2.17434100549079,2.30668273912274,2.3322657711464014,0,0
4.4424999999999955,0.010414999999999841,0.5031195904921835,2.489315,3.227546181756111,1.203423403815656,0,0
18.670999999999992,0.009560000000000013,0.46202544456014016,2.27799,1.809782036812009,2.112745157753685,0,0
6.499804314489097,0.00792026248920985,0.4717117328499857,2.23704551056527,2.2808655129176167,2.135467638607576,0,0
28.50200000000001,0.009190000000000031,0.4915770165523075,2.44936,2.3462748760243977,2.335052158486954,0,0
28.77974378406749,0.006984876920659966,0.43491552512798065,2.92381070235416,2.0010781237555624,2.460899482911092,0,0
11.112000000000009,0.007059999999999844,0.47708599669483337,2.16302,3.5360047702011497,1.9916314109700881,0,0
15.632000000000005,0.007429999999999826,0.46845473467449533,2.49285,2.02707266008664,2.4520475722150685,0,0
8.363,0.006970000000000143,0.47237829994838887,2.21243,3.575496705518745,1.92388400274707,0,0
7.950999999999993,0.006879999999999997,0.4715741195866509,2.25341,2.3457518063017484,1.4961355180537936,0,0
6.861450000000005,0.00560499999999986,0.48771231597710146,2.26114,2.429844778805021,2.0104791203265604,0,0
28.667500000000018,0.011975000000000069,0.5008400783249176,2.230795,2.5462494978465795,1.6078657575771231,0,0
5.631700000000009,0.05320999999999998,0.46581432779616744,2.29665,2.541435518993881,2.5821944432174564,0,0
2.7052474189897,0.011188966054589855,0.46790732563650583,2.48857449320144,2.5801996430112717,2.8339165007598424,0,0
4.532253826222899,0.00928655211506002,0.4661804327180798,2.3824070459668,2.415453613777091,2.677126528032712,0,0
6.381895597269633,0.00889684300341309,0.47343515664216146,2.3552785494880544,2.284836639361221,2.8463834927700153,0,0
17.405125511498,0.011391976773140078,0.4853126120690606,2.26723391657072,2.2692487290990364,2.3180657405504164,0,0
5.151999999999987,0.010393333333333477,0.4751753446187414,2.49027,2.2659271662840355,1.9694639401913043,0,0
1.0164999999999935,0.006224999999999925,0.48633114517848314,2.223925,3.0548432425198557,1.9061808291863551,0,0
6.726100000000002,0.008950000000000014,0.4854153800740301,2.15942,2.40444439468076,1.6028151994448563,0,0
7.7202000000000055,0.007500000000000062,0.4941586002506803,2.20403,3.1749868329898616,1.5579096814610034,0,0
5.798705358044302,0.012889749608769652,0.48695595430399446,2.37454770870723,2.9282865523622212,2.894714880058781,0,0
7.456999999999994,0.012654424242424245,0.4009904428343582,2.010025,1.7161286660385706,1.3535038528209968,0,0
13.037999999999997,0.006440000000000001,0.47555416894770197,2.33897,3.764589941096511,1.8712587543029624,0,0
4.745999999999995,0.00829000000000013,0.4608624847605742,2.21358,2.5609539907289904,3.0779740680713132,0,0
21.751000000000033,0.00490999999999997,0.48765583932346135,2.23581,2.8986680344291464,1.7214320204180176,0,0
24.410191547815998,0.007692677444820051,0.4625393384126155,2.32985400126006,2.4173607165222504,1.9714255320647236,0,0
8.940699999999993,0.00698999999999983,0.4924613974066043,2.20112,2.2692327563936967,1.9173490952318055,0,0
1.528306554441997,0.012375972985809947,0.47454010775146865,2.40264444469348,2.905437791517699,2.6537067097746054,0,0
8.005319817893792,0.009103459771489852,0.4878486952945644,2.57796410494038,1.6169696688750381,4.027326015444231,0,0
4.892143206179512,0.008734191035240091,0.47634222863027675,2.18531906408466,2.4730993381949147,2.441453386186548,0,0
7.378200000000007,0.01028999999999991,0.492732352407524,2.168855,1.8389641485909933,2.134394846404495,0,0
13.289299999999997,0.008730000000000127,0.47593992581933153,2.15741,2.2880747937595434,2.1757204679025643,0,0
6.022809348170995,0.008640678689989967,0.47463592026234513,2.32872778396625,2.3679936292947903,2.436713842970295,0,0
6.198998229423793,0.009513604353889926,0.47229148383951813,2.28890734977097,2.6844043431220297,2.0809231511595887,0,0
8.369,0.008879999999999999,0.5027897098379057,2.39527,3.337825648418058,1.2988190263060229,0,0
2.2074499999999944,0.009894999999999987,0.48125082814363324,2.310835,2.071568906170369,2.6532259501452167,0,0
3.5412999999999926,0.006950000000000012,0.46154204802302834,2.27297,2.0594161515120804,3.0483467958095205,0,0
13.7783808046009,0.009249351310299803,0.4624935077929045,2.25504897048059,2.460320414050048,3.1661199092071195,0,0
6.836441075370701,0.00847921202843005,0.4921414499744358,2.34456655512671,2.83868972287902,2.4091227714501073,0,0
6.66510000000001,0.009225000000000039,0.49443108389847656,2.313705,2.0205071266417796,2.8445875791921313,0,0
12.474999999999994,0.007550000000000168,0.441059967712722,2.26868,5.679865552001005,1.2138502931491448,0,0
7.42053709278899,0.008815068304409923,0.4830134777022764,2.30185701832458,2.446965041814818,2.185183479906515,0,0
6.220199999999991,0.005190000000000028,0.487774872843086,2.15852,3.2185481551506183,1.6834655776838596,0,0
4.867000000000004,0.007019999999999804,0.49226365266086936,2.11208,4.540307869267889,1.271870071090589,0,0
13.62060000000001,0.006389999999999896,0.49554615809051833,2.26261,2.055930135592523,1.9071800628919429,0,0
26.148695726450313,0.26728184306167324,0.4345581535994749,4.278830469953138,1.1427803671192274,13.022298785468056,-1,1
10.480500000000006,0.0041599999999999415,0.49565582851078,2.33021,2.4832828504907845,1.669633559920909,0,0
9.535767217388155,0.008781373259685088,0.45398401174278685,2.59255962981097,2.5607059024839027,3.032823175428727,0,0
4.815514883230307,0.009047423938719934,0.45000882203766,2.22353355137858,2.4769605042791185,2.061501850458195,0,0
11.143,0.006440000000000001,0.47832327090277205,2.21932,3.2128422897711872,2.2134078264267507,0,0
18.87433333333334,0.009286666666666443,0.49782731172754974,2.50494,2.6926569552774318,2.092494599177681,0,0
12.767800000000008,0.009120000000000017,0.4797388113054668,2.26267,3.762959226484233,1.3806795732911894,0,0
4.077200000000005,0.005509999999999904,0.4758895251362096,2.22011,3.029047760813167,1.4475640500764937,0,0
2.1518506008847,0.011394052483060024,0.4808095127635644,2.3895931352145,2.6197817523865865,2.145363547498434,0,0
1.599275135622399,0.009122439021060025,0.47321596463905125,2.58370335761028,3.255816280537002,3.1567463224078427,0,0
6.6299999999999955,0.034050000000000136,0.46586657017542016,2.32407,3.726959347824609,1.850878812030706,0,0
4.41155576069599,0.00927844450977,0.461934932616641,2.54712605555601,2.9048699937978797,2.712207783396829,0,0
4.469400000000007,0.012900000000000134,0.4905542913156709,2.20962,3.3367999595942894,1.3587056203327659,0,0
12.823999999999998,0.007500000000000062,0.45584879880715473,2.1898,3.792094272727935,1.9126614651263174,0,0
4.828265539706408,0.007764513356870006,0.4666819906267703,2.26343917362487,2.2602698606451,3.3937834908907094,0,0
4.60967564184331,0.021751008084470058,0.47462778568307046,2.3774694812594,2.8156569071525506,2.1304847544792516,0,0
11.416999999999987,0.006290000000000129,0.49206479423653476,2.14141,2.065058636895043,2.0790318971304633,0,0
1.667116821751307,0.008907769557199963,0.46838011881321484,2.35416389592819,2.055250621072418,2.6110610844841413,0,0
11.049300000000002,0.008249999999999869,0.4989691619406316,2.38187,2.4143733094924786,2.219565601017031,0,0
7.914731063191503,0.01342361409987003,0.47174240122222044,2.44990513432022,3.0897229932485013,2.4040657753797676,0,0
13.800490675352094,0.008894816233870007,0.492051691117894,2.23259071255007,2.2199948237302065,2.522937313870044,0,0
0.7018999999999949,0.016430000000000167,0.484543786417971,2.18521,2.5560035251990243,1.4089471498543782,0,0
10.593000000000004,0.02613999999999983,0.45318554334228217,2.03503,5.165784016316176,1.2334839945372982,0,0
5.016374153881806,0.011085157540859925,0.46824039813320534,2.45930813993768,2.8403143715966563,2.702808497273761,0,0
45.399,0.008720000000000061,0.3593406205508948,3.84496,4.950441741919345,2.385175262864662,-1,1
9.686619776671307,0.00967365792280006,0.49125558460083496,2.28648134189782,2.1534375414289255,2.6147697527436415,0,0
10.958612188365663,0.020161671283472016,0.4797826022586156,2.166494995383195,3.5417707956258075,1.6404998855143356,0,0
7.579575512266302,0.008429026924650085,0.46516197442881063,2.70200286918674,1.9221547689800398,4.0020705535362895,0,0
7.379750000000001,0.005589999999999984,0.4661386431983869,2.109595,2.494080428819634,1.7055072588038969,0,0
21.460499999999996,0.006685000000000052,0.4905681797409485,2.237845,2.2073797456201083,1.7791359931912751,0,0
15.118199888635004,0.009056324804799898,0.48521793305953786,2.29716261002755,1.9632929993025972,2.5788327404911646,0,0
1.270739745222997,0.009276239812179954,0.4774448737052527,2.75336601947127,1.8072845439172793,4.038479720977392,0,0
10.43950000000001,0.0025900000000000922,0.43260943027389115,2.50651,1.5930320422230555,3.3574704273795595,0,0
1.6171130501769113,0.00957192832692999,0.4673441715636598,2.3678233331183,2.0630420560567617,2.517199570816889,0,0
19.415000000000006,0.008025000000000171,0.4776346416006382,2.332115,3.0460506587136984,2.187386897153921,0,0
9.791386760682997,0.008332440826309906,0.46499315896073545,2.30558192559696,2.372763306096171,2.8939451870073256,0,0
6.196449602711397,0.009414340795079967,0.4631310124770154,2.74099799724292,1.9691643117004292,2.851708405304561,0,0
12.661587164765692,0.012674390362871435,0.46479820625175916,2.391401157507001,2.6933372275944114,2.3430476533269293,0,0
8.739000000000004,0.005309999999999926,0.4760874381950253,2.30524,3.084849003469575,2.5044030548628426,0,0
8.694500000000005,0.006149999999999878,0.4743335287799065,2.26448,2.3090779786153854,2.411948544357389,0,0
6.4787324346354325,0.009621645491597608,0.47689067841610555,2.3858440726134087,2.415602837075927,2.0918373580224494,0,0
7.915999999999997,0.009154999999999802,0.4702399843753815,2.22286,3.9892501327574386,1.550053434334703,0,0
4.914930916472599,0.009552311877860209,0.4754007909066515,2.28450659857689,2.4550422068747713,2.230796118626597,0,0
6.265100000000004,0.007569999999999855,0.48134431263723737,2.278325,2.144361838776225,2.481872122386601,0,0
12.590199999999996,0.006040000000000045,0.49537312355045066,2.19591,2.327902171874945,1.7977535950747,0,0
3.6610255902865987,0.019014659204890094,0.4773735905796592,2.47360004987191,2.8560667977607728,2.358149373432974,0,0
3.744100000000003,0.006019999999999914,0.5110225969704023,2.2113,2.19290534468391,2.382567057266322,0,0
8.005123996525512,0.009131748998540079,0.4871280789549669,2.3522192997574,2.359832063061205,2.3557937343049793,0,0
8.762,0.05912999999999968,0.47132958467971064,2.43709,2.7677827924047254,2.4372588323728386,0,0
6.456599999999995,0.006950000000000012,0.48484046502949274,2.16568,3.3581786684168176,1.5062053981549726,0,0
9.490019219499203,0.006785378263186148,0.48822041093978763,2.1934136148108685,2.040118807440499,2.0116932059065658,0,0
5.555316026076511,0.009425660886549947,0.49251550936381727,2.18714408583335,2.3161447880767807,2.2802148403559395,0,0
7.943212941176469,0.009265372549019713,0.47193013294504155,2.438723764705882,2.326960162378375,2.608214343292622,0,0
5.744398693595201,0.007499208201749985,0.4616347444340515,2.24499528899258,2.5453615459654757,2.6337288808820265,0,0
5.924842626493998,0.018349465306120027,0.45681828094655075,2.41330553831178,2.4088668347315125,2.9105309793426835,0,0
8.613345286708707,0.00866905364761017,0.4629399483485671,2.44660978722941,2.0620867141562402,3.105709513695207,0,0
3.8689070038254982,0.008230096302300094,0.4563104801319511,2.40769477220321,2.978806031596142,2.6127530613972936,0,0
10.889288412360145,0.005800487480021266,0.48416830977051983,2.08642194725626,2.7399819681928927,1.8898212375717205,0,0
6.887900000000002,0.016060000000000185,0.4829190952538468,2.106,2.9875514958120846,1.379104855309733,0,0
10.318056951633395,0.009605878636419929,0.4760207061901908,2.22933558574216,2.5432500099044573,2.2488403754989417,0,0
10.738,0.005349999999999966,0.48431753128563765,2.20409,2.3117115561795676,1.7510264264319844,0,0
3.849158156645302,0.008916013408230006,0.4770373912824381,2.35578474935134,2.629236073654601,2.8760956054990374,0,0
7.302800000000005,0.00714999999999999,0.47832128857264944,2.2846,2.132647546635359,2.408257755670662,0,0
9.125,0.006869999999999932,0.50104631043257,2.2837,2.310876690162091,1.6562971122915702,0,0
6.030900000000003,0.007630000000000026,0.47608256181326497,2.35514,2.4992708758655744,2.348942450352125,0,0
6.063875551679601,0.014476289331269987,0.4798392561350807,2.50641257044,2.553130102236867,2.6548884750141997,0,0
11.74155082051601,0.008271156668679946,0.4711422389336718,2.34220064238695,2.9403252518042042,1.6813580901526621,0,0
11.594999999999985,0.009159999999999835,0.48468362267095233,2.25082,2.2386440918335446,2.5726119402985077,0,0
10.2854080061758,0.007657242605820125,0.455918800507584,2.30618450492571,3.0086484459906027,2.0788621364754025,0,0
7.521900000000002,0.0042999999999999705,0.48549970328141573,2.29399,2.4217294769350417,1.783885642440627,0,0
3.468945647868594,0.008760107897739955,0.4848583392249413,2.19822531098108,2.476784393474505,2.4787424356443544,0,0
2.345370342812288,0.009146598776573533,0.4706553815350399,2.5574976576128923,2.928949859807025,3.344279797982528,0,0
15.318447803881,0.009759218271530035,0.47220863337251673,2.30885953610658,2.1695896958559735,2.4427968633571786,0,0
7.0919181241419125,0.008185845208310116,0.47916378782791563,2.48060521019799,2.365226416830572,2.746949512122321,0,0
6.133250000000004,0.007554999999999978,0.46477821784184026,2.25353,2.375331094406258,2.909483327771522,0,0
5.375650000000007,0.006950000000000012,0.47260855321936984,2.060445,2.5241860199279853,2.4919883587885923,0,0
7.822144942038406,0.013841749580560059,0.4937126216257054,2.47204119163489,2.782006964555874,2.7508321981944897,0,0
3.478999999999999,0.006999999999999895,0.49022183982885315,2.27923,2.1816979267884413,1.8501335476541538,0,0
8.908706318407397,0.009877063349029935,0.489364517916083,2.80389957289722,3.2656477482966815,2.2865243911099817,0,0
6.916027493688688,0.009852760652960146,0.4682950245302343,2.2131646808431,2.5542299842183516,2.578775171840325,0,0
4.290310408343601,0.008834710482569896,0.45536311557406967,2.14753508290148,1.9518368089695213,2.5961224706153554,0,0
7.0190000000000055,0.031569999999999876,0.4864720819494689,2.32542,3.662738194058033,1.5578987757306182,0,0
18.484999999999985,0.02024999999999988,0.48885828821000543,2.39216,3.3854175444509984,1.5292821381856607,0,0
3.622,0.009079999999999977,0.49018099847510443,2.30339,2.1185140078729083,2.265317340279528,0,0
8.805188769748199,0.010010616186259869,0.48033983453212303,2.23868888081869,2.266858903320897,2.4727664975653054,0,0
3.4000000000000057,0.007020000000000026,0.48874920780335473,2.31794,3.2858750375267545,1.388019342209005,0,0
11.49799999999999,0.00645999999999991,0.4884944212314615,2.28278,2.1435200317998975,1.6495213787759326,0,0
7.303660588151601,0.00968625002620005,0.4937842659107007,3.29792759889287,2.047135082975012,9.18153588071079,-1,1
5.0211678562634035,0.009300632835479883,0.4692846233140029,2.16715238494197,2.545153257543267,2.2943728697363803,0,0
11.636468060190992,0.00969031458305003,0.46612977198358274,2.39265297262562,2.012616331059807,2.40942782983212,0,0
2.017465440518535,0.0088678086962235,0.46036479498065347,2.2634922259994403,2.388336589169254,2.955008615326925,0,0
2.682000000000002,0.005449999999999955,0.4964801132489259,2.06032,4.923097788355039,1.3699034322898003,0,0
9.228241989715592,0.007017759365790077,0.4656862116869751,2.59108435435907,2.2087277620762427,3.15031700937781,0,0
9.465000000000003,0.008599999999999941,0.48953002836054815,2.3247,2.12503680499273,2.48523482085268,0,0
10.904198527687399,0.008512432486620147,0.485936288394281,2.12927614146835,2.2277671374745633,2.3678830590605435,0,0
4.56509215828531,0.009301807548710128,0.4842045487044071,2.15708678744865,2.4105950199221833,2.7946910449221645,0,0
6.454302784715907,0.009867883544980138,0.4735091189522821,2.19307231856997,2.2799005823667238,2.3853672146012066,0,0
4.6001919523691015,0.010135245248970026,0.4687188170248171,2.29651472370293,2.317852986177354,2.311110578507922,0,0
6.194000000000003,0.007730000000000015,0.49467502115485357,2.26285,2.2942371809957005,1.6867836074313596,0,0
9.212699999999998,0.00546000000000002,0.4975905875128467,2.19056,2.2678818907757123,1.8640953339829653,0,0
2.8564067897559937,0.03340862983261017,0.4848231770779076,2.57348637668283,3.1146974743778055,2.569341448046259,0,0
10.1617739055704,0.008788857345120249,0.4778404112236644,2.57284453559093,2.760380990166039,2.9654489973344766,0,0
0.9379999999999882,0.010160000000000169,0.480443670474249,2.29291,2.002665508176925,2.667178594855318,0,0
5.076358739651198,0.01156238030212986,0.46409208984559996,2.50918285519249,3.1016467800216465,2.7054147075798687,0,0
4.967320000000001,0.008460000000000134,0.49003240013518495,2.220682,2.8707665266934717,1.3993178558343438,0,0
11.797999999999988,0.00924999999999998,0.48758337004741564,2.43192,1.8540634390651085,2.5386261074173655,0,0
4.509322948027091,0.009064861869110041,0.4734705635597891,2.34980891092161,2.230783226743395,3.045655049140267,0,0
4.486857973785007,0.009251228395380062,0.4762296926603436,2.37438017374312,2.1859217671012785,2.320182133293199,0,0
8.94998624535316,0.01953040892193303,0.47508462685486413,2.212936691449814,2.3802166247601417,1.5919248427348036,0,0
6.360574951668198,0.008343973890479806,0.45559190871577027,2.21289404279413,2.456460600856459,1.9078608114134528,0,0
7.3534325761437955,0.021086737668869926,0.4588599613044071,2.39146260285901,2.841298285205975,2.762973571824669,0,0
7.979200000000006,0.010769999999999946,0.47771266953585784,2.32728,2.4401964583188436,2.4177906962777906,0,0
16.286384542984862,0.007682314059411555,0.44725978415754464,2.1601222823961814,1.8877472923690288,3.1128562833611144,0,0
5.474049999999991,0.008220000000000116,0.47945222525116393,2.11072,3.2250287852619457,1.4819850348327168,0,0
3.0191445669011046,0.01158310464126,0.4954791134265014,2.55836332237457,2.517816541619645,3.4901014658910245,0,0
1.7982252819191018,0.009576009609860048,0.456340196052976,2.44770109335567,2.4527076676446504,3.360984530909138,0,0
4.632956352543999,0.012029217941100123,0.4714292617555066,2.50422458755527,2.5690014782759314,2.622922456650863,0,0
7.567943158823809,0.008862748891089955,0.48894455601690257,2.4612111063026,1.9542683499032854,2.628717076100187,0,0
14.240849999999995,0.073245,0.48932207905905634,2.18946,2.448442243169835,1.8201993814820172,0,0
2.721660699578109,0.008993985125219872,0.47314044670215294,2.18118258332599,2.658091929526826,2.2656873354758695,0,0
3.0217257491352996,0.014537027122460078,0.4753009376921358,2.37584277692132,2.868366778562687,3.027033632219241,0,0
6.266657658898609,0.007875229803340211,0.49564944518251014,2.28780831715619,2.4717553684192812,1.910363517037523,0,0
7.5855921659617565,0.08741273481303402,0.4712641360002672,3.0988408318615366,1.7403793652114286,5.074234004460509,0,0
6.9144000000000005,0.06818000000000013,0.4841870755259713,2.14307,3.467342871575519,1.089019407139397,0,0
7.6277683083839065,0.007923879676090095,0.4630462341067037,2.18047222445808,2.371160236414522,2.171865243924046,0,0
21.2216704301432,0.008574211280010013,0.46456866513794054,2.48201611467228,3.134114819867812,2.560374839246626,0,0
8.199331971468695,0.00947112626428992,0.4562980852879379,2.32333679398165,2.1050359196456934,3.0833551118121916,0,0
3.137141905190603,0.009003969913299992,0.4904455619404405,2.6885490745554,3.032208003164386,2.2819148199591566,0,0
8.388510400697896,0.011659872080229894,0.4722471866814852,2.49711897419046,2.819304697791981,2.464279846251748,0,0
6.62327508569409,0.009005486406829855,0.48301700122190316,2.2360116853383,2.8331149333232823,1.875445698120456,0,0
3.0934896509286034,0.008369421769579999,0.458482239128014,2.20881401047251,2.32315631462505,2.188731396270247,0,0
22.872000000000014,0.025679999999999925,0.49017576056446466,2.43035,3.71107945137279,1.4479967559321707,0,0
9.38773349821389,0.008507830047600029,0.4822471905604781,2.49255605890016,2.820048920556941,2.365243074821681,0,0
8.62299999999999,0.023209999999999953,0.5005281622696324,2.3504,2.535052267551181,1.4921714198761842,0,0
11.328499999999991,0.00865999999999989,0.46938050944869225,2.05923,2.3856006287338185,1.9100649774464447,0,0
8.644875499276608,0.01543943643250012,0.47589317280928894,2.35769347617458,1.6767033727453033,2.7256452568463283,0,0
6.052249907364995,0.008869904952609975,0.46840278189768964,2.31941088303961,2.327941566396949,2.941140866961489,0,0
2.7242628416032915,0.009831036924129899,0.47687845153724007,2.27908324911565,2.455200093022456,2.169852983309393,0,0
15.1695,0.006309999999999816,0.48743648466264705,2.24566,2.686809275402911,1.4683208101647576,0,0
2.6018016993348,0.006981749182309871,0.4644436606514942,2.29955840504588,2.5273639519085194,2.926100331002168,0,0
14.124667634680506,0.009827969127830016,0.47177304282598487,2.18532303124094,2.336911178633204,2.483284569007948,0,0
9.088999999999999,0.006909999999999972,0.48931216846775494,2.31112,3.578877505947456,1.6637221291692004,0,0
19.3073281779333,0.008240522388449856,0.4719045130806998,2.17684243863981,2.0918034499122027,2.6418802326299367,0,0
1.9688172704087918,0.008221758308069926,0.4639710585612172,2.24870952573182,2.624559618037926,2.419228851360038,0,0
3.5110942015862037,0.010465771978779959,0.4821036421009509,2.5107562271424,2.5057451423822275,3.142840481696953,0,0
6.548331764046296,0.008626134932899987,0.4596628909418023,2.17359961408892,2.344510475655526,2.20644656684137,0,0
10.012703125490091,0.007817370182080063,0.47805301669141664,2.21552206441187,2.1860967134165343,2.3721744335124137,0,0
5.1560760577335,0.009479659541140162,0.47432468255077126,2.10512796407738,2.27602462457077,2.356768861021362,0,0
10.374117208311134,0.006138172615876458,0.4855664021205951,2.123105705913692,2.4611927265991334,1.9365554457380305,0,0
4.597999999999999,0.020540000000000003,0.4947231521477322,2.25624,3.001518312731553,1.6417696632983076,0,0
8.278579665845001,0.009246943875399927,0.4766190266163771,2.44633994841584,2.36582802011846,1.9564396654840073,0,0
23.286,0.007009999999999961,0.48949116703158274,2.1174,2.1681365591040276,1.8628270544316383,0,0
7.654987941168187,0.012122945274600117,0.4580124552333986,2.31984988211601,2.8246245073425427,2.4384038887021577,0,0
34.85646889952156,0.012665240083507223,0.503667600358739,2.520411850079745,3.098053736175306,1.6154936221975014,0,0
7.161250094179195,0.008762202352269988,0.44322923368406825,2.1427883250034,2.3997574871093064,2.0954849003988425,0,0
4.670391282835993,0.009533502517339976,0.47706585389539335,2.37723401029066,2.593225134557355,2.052550419549187,0,0
5.407200000000003,0.018349999999999866,0.47263992814121536,2.059,3.861786684423587,1.7284099472494348,0,0
4.190413702030298,0.015365641143379793,0.47324380057670495,2.48740385638766,2.478274888838241,2.3220965399349165,0,0
5.771363373850093,0.009658071567379967,0.48108506900447445,2.1847219408725,2.4503349060084223,2.410972744353769,0,0
7.043606946603404,0.00785420694715011,0.4496438149292914,2.3720238941576,2.5937458579177712,2.668067337259439,0,0
17.438000000000002,0.006250000000000089,0.4795743519781719,2.276065,3.4270678619421457,1.6533578898901533,0,0
16.760999999999996,0.006409999999999805,0.445811519346615,2.27107,3.2042052336875786,1.9367709016574852,0,0
7.655799999999999,0.004790000000000072,0.4776536884674417,2.29593,2.748403803088481,1.9831649707967527,0,0
6.386444547045798,0.011833059957929937,0.4448128356962827,2.63795844041772,2.3045891400683955,3.755435582763765,0,0
8.062403420049492,0.01588918182261989,0.46287972057521737,2.22454025054312,2.694180182492735,2.5464964170975923,0,0
3.797015259740263,0.007149220779220755,0.49208332659099874,2.1911546428571427,2.843102357325102,1.4932563910612595,0,0
3.9992978974075015,0.010158644946780093,0.46789963895280645,2.65562412075829,2.1518468708272214,4.040338562154649,0,0
4.652046261999587,0.008651458206059948,0.4624019813567713,2.13165785874237,2.387783723031603,2.182156994086646,0,0
8.054225096921996,0.009018874180320102,0.47771674736904746,2.38376868725573,2.8692434735386545,2.2492174938344274,0,0
9.431000000000012,0.006950000000000012,0.4961317651472999,2.29742,2.257294288769485,1.7942910600061375,0,0
31.24644576066001,0.008468782743680014,0.4801280574317001,2.92207086739555,2.7452519124252657,6.98170286783772,-1,1
6.426199999999994,0.00814999999999988,0.46587199055634215,2.3916,2.5142625962283267,2.3871756720150445,0,0
15.729284421044,0.00705614753467998,0.47690611078461753,2.70674596937516,2.0269232905788326,3.403725028111013,0,0
3.9653584897940988,0.010244809737199878,0.4606730283754702,2.31097516142497,2.419168153712735,2.65980392018439,0,0
41.066428961822226,0.039649835238003917,0.4563256242282847,4.388907482893541,2.035715007147084,11.55396291633958,-1,1
2.2067428321064995,0.007950515299389949,0.44884378906299743,2.3286232722869,2.853594782760599,2.3316626939883816,0,0
6.386869424592703,0.008446350272480085,0.4588731948647163,2.24468136185846,2.747831396805759,2.80675968826322,0,0
7.241624724019999,0.008779105814519905,0.47648959494225746,2.5273408607753,2.4930680763587247,2.9495156088785284,0,0
6.237882627986352,0.00865237542662145,0.474391975597402,2.359563907849829,2.2699389385924906,2.7506197301599,0,0
19.366,0.008469999999999978,0.4771782942027772,2.2251,2.522739568687942,2.6729800816204277,0,0
3.830313643629708,0.00645737598928009,0.4618960526528953,2.0822728870271,2.2660316123212736,2.8293894440258134,0,0
19.178999999999974,0.019600000000000062,0.4828907352765672,2.31332,3.764484847070356,1.5757777475386805,0,0
8.486099999999993,0.005994999999999973,0.49136963253761184,2.26383,2.0074843575559105,2.3069064604412155,0,0
5.449849973195995,0.012401616737820031,0.4715585275951357,2.51393286917665,2.779318928172685,2.3947598099867267,0,0
5.698850000000007,0.00822999999999996,0.4761181004876475,2.15381,2.1807040489870135,1.753410978648556,0,0
3.7901815501249985,0.008695572069639779,0.4843273495933648,2.27942142401332,2.1767844916240144,2.252348464321424,0,0
4.661386899397712,0.007973885466789898,0.4577065173541863,2.25915040055102,2.05336309352061,3.3741842578740933,0,0
8.987384821738601,0.009127582820769975,0.47501990875944844,2.27734873902734,2.7227437010801254,1.915792253597036,0,0
9.962999999999994,0.009889999999999954,0.48685343755904964,2.23381,5.42258304811097,1.101518897660565,0,0
0.7835698010849939,0.0073044122965642,0.4961714381936021,2.2710550090415915,3.258984062294547,1.9673051208613386,0,0
15.913999999999987,0.006559999999999899,0.4592309216565636,2.36494,3.1968792726417044,1.6648778263732924,0,0
5.30619999999999,0.006089999999999929,0.4871673704069715,2.2025,2.1859066919991554,1.8735405605513122,0,0
11.854,0.007280000000000175,0.4890079627356561,2.30157,2.346970665036946,1.5407505691196102,0,0
4.075309984559794,0.00790623870679985,0.4709346531747747,2.14424806131334,2.1449271139190818,2.706212673368189,0,0
4.254731238838403,0.010109219809479875,0.4746413108857628,2.21239552300674,2.4237428697311927,2.291756953298245,0,0
14.99602054654649,0.009182866698860037,0.5013268387774795,2.34457719118881,1.7553700817636593,2.6520569470243136,0,0
4.240758859633594,0.008220996032400008,0.4924015465454208,2.49631947582999,2.1340314373112452,2.986120958887364,0,0
8.140557168973103,0.008239409272049913,0.47287342883118516,2.34306426206452,2.5995140039358757,2.1928700549179636,0,0
6.069976287613798,0.009557993231259942,0.48429316648919923,2.30706684633929,2.5375048336697414,2.5499681175871403,0,0
4.674428279016709,0.008979797303970027,0.47296535262238837,2.85547545680569,1.8460160953153768,3.9765701877418587,0,0
1.8613999999999962,0.015510000000000135,0.45406291311682917,2.1864,2.316347568979462,3.2540084024096254,0,0
16.153999999999996,0.01067000000000018,0.4689187146262314,2.4506,2.7302207306139996,2.829276342154519,0,0
9.675999999999988,0.005670000000000064,0.473615342758114,2.27311,2.941675203327746,2.1338632552940444,0,0
14.328137821413605,0.009144570200930069,0.487244926682085,2.19674606194798,2.2379451582111,2.4340041237111825,0,0
5.308447377955105,0.0091416321127602,0.48681964333215183,2.69897085100726,3.136752406221959,2.675140270586823,0,0
1.1077120197447954,0.012088096976049956,0.4755135505447749,2.28426895187706,2.531621225182975,2.740176196811007,0,0
1.2984000000000009,0.009299999999999864,0.478686038004696,2.08479,3.155779347324074,1.848036072644911,0,0
12.428633225357402,0.008528424879939989,0.47334304855706716,2.28242470518512,2.488651847373023,2.264685827014785,0,0
4.608273772073403,0.009935663756210023,0.4734888451286752,2.29618152420725,2.4704872565782563,2.6074984258876044,0,0
4.804500000000004,0.007009999999999961,0.4696571070837065,2.06637,3.7503553371642067,2.024468823060915,0,0
17.836725338375345,0.19040596788217257,0.4520320248892305,3.774504090541513,1.304529876268939,9.145135057220955,-1,1
2.2585802009058966,0.009343277469569866,0.48382298128857043,2.25294710478594,1.9288247164005436,3.149172861437095,0,0
6.171000911112202,0.009373980251509817,0.4854408982779529,2.68255577438012,3.0907678790716053,2.6893158073246184,0,0
9.910499999999999,0.0765499999999999,0.488076382703581,2.14422,2.4832953339804513,1.8171525847835672,0,0
32.58656863181312,0.03495873812584627,0.41909623443611993,1.8649543715239156,1.1080484443681604,4.854070067739549,-1,1
5.240700000000004,0.0047999999999999154,0.4909101141475418,2.25021,2.4509438659747396,1.9111899274117619,0,0
9.084578004186568,0.007483032647385812,0.4675499618774794,2.52553218543101,2.7192812910256863,2.5787166714098895,0,0
2.557949999999991,0.006765000000000132,0.5038374506760421,2.254235,2.439274801607114,1.5338608639230065,0,0
6.48652964204021,0.016078187478500094,0.4783563361526763,2.4625095655515,2.5832791854964623,2.616695064375202,0,0
9.163955730514104,0.06503642921346708,0.5021057541775769,2.41099202726978,2.5596554700568777,2.915022172117691,0,0
13.751999999999995,0.021560000000000024,0.46447962139123633,2.195105,4.287185963935856,1.7047657060748784,0,0
21.87875122733631,0.008741664212460032,0.454492910255639,2.66733273651984,1.5958905851554446,3.8144086658209915,0,0
4.500917588181622,0.008026616641315432,0.46117123471177324,2.2814733897094537,2.498936554987244,2.632703966935626,0,0
1.5753036547815924,0.012598691278799867,0.47969810548811964,2.45059680934806,2.568074168475618,2.526674460110354,0,0
4.689999999999998,0.00766,0.47373459443966753,2.2116,2.4811567393793377,1.5554221340480086,0,0
5.364899999999992,0.007879999999999887,0.4782171769237531,2.09712,2.0984211584356944,1.9809295929967392,0,0
7.497063633881197,0.007977528726640148,0.47052712658114876,2.1723571147633,2.158481522792026,2.344031362816305,0,0
3.5595016585838124,0.010262420956870022,0.4731516075581593,2.2502299900335,2.3868051838804933,2.4105103765480638,0,0
16.7914933697989,0.007871862783519923,0.4866013022640305,2.18514350525749,2.097828802755361,2.1112455163625414,0,0
3.018039216331289,0.009184855539650094,0.46749062573414574,2.66672921491647,2.368328928773497,3.299695850778139,0,0
5.921149999999997,0.007835000000000036,0.4811655401370943,2.18075,2.9442618766550748,1.4423262762951623,0,0
6.5181248413500015,0.00941331839497006,0.4911002687513903,2.2572043405148,2.32810263544312,2.280825940736887,0,0
2.5261097649186155,0.007210669077757581,0.4985823435892064,2.2937613743218805,3.243788050197038,2.3039152279818826,0,0
15.448000000000008,0.006940000000000168,0.4522220387250617,2.47073,2.7805867323422855,1.9342463817847841,0,0
17.331000000000003,0.007910000000000084,0.4801386461893285,2.31158,2.588486916162998,2.4115752941225606,0,0
2.5258315313526083,0.01184488652229021,0.4787499930002541,2.40436303120761,3.14845827994806,2.4179557302711085,0,0
5.373440523466101,0.007726574614810078,0.46984312561644687,2.15208575428995,2.6894502213762768,2.2064985449255334,0,0
5.937339909518101,0.008857207569930026,0.48364647018327556,2.21836547910677,2.5430901722142565,2.443435875228753,0,0
7.135214075037894,0.01023875642105998,0.4914929008498428,2.35993971554678,2.3011248103570914,2.4223445159718704,0,0
4.051000000000002,0.0049200000000000355,0.49359840567734403,2.29338,2.195355885709901,2.1243721792638324,0,0
6.2399640076432945,0.009295505710390062,0.4688443895368574,2.32288964054954,2.6315791855647386,2.1879485423867666,0,0
2.637899999999995,0.0047199999999998354,0.4792064723377262,2.19271,2.8434088860700335,2.162556158543317,0,0
4.214785116109809,0.008605320929619964,0.45797105396547105,2.39355314886832,3.0078627151899275,2.4570426061803268,0,0
4.757276021738207,0.010961781249289926,0.479491492272663,2.40974502870645,2.6660914279001062,2.12746494560724,0,0
28.713902933986986,0.00954009870305006,0.4252156760303284,2.454295998605,2.8615787912873003,3.0674351885981315,0,0
6.444600000000008,0.0050200000000000244,0.47798858081336604,2.29961,2.6626493591522733,2.3321452725831815,0,0
7.631,0.010210000000000052,0.49102810323985496,2.17698,3.7509106178035894,1.323189691239227,0,0
7.4119573953781455,0.00791220626740996,0.4527807344836903,2.210491244718645,2.6643908802299054,3.6455483999813696,0,0
1.5861384674366974,0.009429394506849986,0.47093333818507144,2.28330522014929,2.5443305201100093,2.1850758499369114,0,0
5.522400000000005,0.005759999999999987,0.4729545244555738,2.189125,2.472670597699056,1.4711909633156839,0,0
1.3203560376708054,0.007280356369459895,0.47024062196285,2.08563172045894,2.5261072865751966,2.187912616403502,0,0
9.659130398517803,0.009051127868910047,0.4774454680896565,2.28435952602584,1.8663301953066531,2.818203671784631,0,0
7.0,0.009110000000000174,0.44889338023221015,2.15316,2.3033540046122045,2.688127193888086,0,0
22.163999999999987,0.008559999999999901,0.4710887218311732,2.29417,2.7474896769604538,2.04127696485141,0,0
3.909061942462401,0.01257819870270005,0.4776357973840962,2.50137472635593,2.792938517238648,2.43291339049697,0,0
7.435845222225211,0.009263861014910058,0.47713957138269486,2.38282033571773,2.395964651972214,2.320952043984243,0,0
1.7648534072234128,0.00995401545646013,0.46635259233476933,2.22117592631874,2.1386590237931324,3.122814421958027,0,0
7.697500000000005,0.00835000000000008,0.48651607012210685,2.38294,1.9793463241629718,2.351221593581594,0,0
9.671127783697386,0.0065989690996270944,0.48745941797197545,2.17316342301545,2.1488678928735268,1.991734743568024,0,0
4.829683133961893,0.01006745334254,0.46672007980989605,2.24711871607934,2.2763159345689847,2.6115109483825325,0,0
5.241,0.007739999999999858,0.48892366464606524,2.17565,3.293821532470349,1.378386285365396,0,0
7.545328576467398,0.009423002685210013,0.48251109909391315,2.32698991398701,2.1345693237446306,2.7643211956543756,0,0
2.9245696313401055,0.008118265285079973,0.46213184696575493,2.18918178872257,2.649213963044493,2.6342629883019635,0,0
1.9649967202256988,0.008484923714590087,0.48102007111001804,2.22837078546544,2.2328634842281776,1.9568467793892537,0,0
12.733105653399605,0.00869582053742013,0.49152860020369277,2.2879057099776,2.1026501046895665,2.291546769098064,0,0
8.503253791547095,0.007883773047139941,0.5017954836160011,2.51194450418656,2.4649386395635147,2.727929694323604,0,0
4.462656474146499,0.012169081782670066,0.47156234435722255,2.4681877767869,2.6264653311760964,2.713271462840835,0,0
9.400575310564996,0.008280323057660022,0.46993994404927575,2.58191456687112,2.039909621125067,3.571106524434382,0,0
12.219004354855997,0.011733060860459998,0.49301379738083506,2.758919672811395,1.7675112067868257,2.8813100436599752,0,0
4.983700000000013,0.007549999999999946,0.46891405719226736,2.18082,2.154130614994042,2.653856400120311,0,0
2.034956419529834,0.007438083182640165,0.4928900048443754,2.2386774141048824,3.282263385898685,1.6075101372680496,0,0
8.661720000000003,0.007249039999999818,0.4980934773012044,2.2930159999999997,2.561606227347856,1.5093705334995955,0,0
5.680690272301192,0.010020521332829935,0.47517881552983054,2.51871076246996,2.7873760760931274,2.455093386793942,0,0
5.517681834925099,0.0076195531381200166,0.4623220712039827,2.50833156815734,2.654995205299605,2.609593042248433,0,0
8.489621814218907,0.009457546042130005,0.4705301018967246,2.0727781390594,2.088629815596899,2.5318642495938533,0,0
17.480550000000008,0.007244999999999946,0.48489083184860093,2.226435,2.670139507583301,1.7457067481070434,0,0
5.312799999999996,0.005450000000000177,0.49291535045552354,2.2609,2.44948937320362,1.836360038409634,0,0
5.4528543293832,0.008396374849169996,0.45721292129582247,2.0397662759285,2.045708811172758,3.364797584020477,0,0
9.826355372278513,0.0077977965975499774,0.45919463296631263,2.2653222945213,2.538089989723141,2.653975655283622,0,0
16.033999999999992,0.006640000000000201,0.4836871701590679,2.37778,3.5041199403393097,1.6511522274504793,0,0
15.643000000000015,0.00641999999999987,0.4890096501337501,2.22938,2.98139627843151,1.6336558010529008,0,0
7.026479727572706,0.008800137259389995,0.4804306321175285,2.54924873129627,2.698417537644941,2.002499538485599,0,0
1.0648999999999944,0.014899999999999913,0.4810588942638315,2.26722,2.1178914383440177,2.645537808783632,0,0
6.477719219736699,0.011469156612839981,0.4826268681852416,2.43194539491753,3.1933604173815153,2.548289621978754,0,0
4.91510000000001,0.008690000000000087,0.44850915280642784,2.3008,2.4745170817042226,3.4000545784648972,0,0
9.987500000000011,0.0070750000000001645,0.4814736658119167,2.343285,2.6179505295378935,1.9827588011583688,0,0
6.785800000000009,0.027269999999999905,0.47735439508814725,2.17463,3.33826106127943,1.4114007389549812,0,0
19.883999999999986,0.009529999999999816,0.48786291614897287,2.23723,1.8894221326652543,2.155422917084079,0,0
9.288828492340798,0.008034954465390154,0.4870779912985426,2.13445340218275,1.9758858602598008,2.982986024195982,0,0
15.021329065187402,0.01001486822829012,0.481284337146097,2.27167346842347,2.4823867530424297,2.432226090422544,0,0
36.357,0.027700000000000058,0.46694600909628203,2.48269,3.086913918409195,1.6418450950064913,0,0
4.1333000000000055,0.007970000000000033,0.4727121056178517,2.34802,2.1430623427293387,2.5736632459906095,0,0
6.57289999999999,0.061879999999999935,0.45965571756131357,2.14223,2.249848436995168,1.5660026605723643,0,0
13.901780240073862,0.01826794090489381,0.4677691632477995,2.3839753924284395,2.761746983001106,2.341805693497518,0,0
8.246759470492307,0.00944288274890992,0.49410388424768587,2.29497129241368,2.4363889359097786,3.6383489318708184,0,0
8.07694451650461,0.00844130689408984,0.47458037066714,2.2903063582152,1.7835415428033239,2.8377653571198014,0,0
4.8021377828601,0.008043303773380028,0.47070973477170697,2.21028093731447,2.4487744789631636,2.9257924021251585,0,0
3.073905861180407,0.010472098805680119,0.4727021132582203,2.73083228781717,2.7000270503381976,3.316620148299598,0,0
3.536299999999997,0.008159999999999945,0.4821883197410053,2.23272,2.3596360308412754,2.318166252720825,0,0
5.4759415480966,0.009242755510749934,0.4839831482825582,2.27731010858448,2.413193866700749,2.241731521403703,0,0
11.920999999999992,0.0194700000000001,0.48627841142200706,2.45167,3.3778589945527333,1.5398491681509836,0,0
4.591999999999999,0.007549999999999946,0.48078989531081273,2.04862,4.101135330747647,1.4668946841019952,0,0
7.696033707277792,0.01098699574366968,0.4750911567963316,2.36222306414786,3.246923795408116,2.6468741374930413,0,0
8.837999999999994,0.008709999999999996,0.49030636218669116,2.12988,3.290383607229959,1.772266948895792,0,0
2.5782074189658033,0.0088177820490698,0.4691955548400289,2.18378432028142,2.032278838938596,2.5719293350469905,0,0
16.531999999999996,0.007360000000000033,0.4851670958296468,2.17622,3.481523317734388,1.8671607999104707,0,0
0.5052789140505922,0.009733602731100133,0.4898622801419783,2.77939013582455,3.587278109741432,2.9725081002764044,0,0
5.605499999999992,0.006999999999999895,0.48676463548896653,2.21772,2.6952191508872665,1.5178260610395804,0,0
7.971855956950904,0.009049239634949968,0.45590000957732396,2.56773653775666,1.8543027144976458,3.3909419834513406,0,0
5.778042528203102,0.01111938278355007,0.48705690571933796,2.32046265851031,2.287943160133086,2.0849433438805978,0,0
3.8513664426320133,0.011050818610649937,0.47342146499569243,2.35446945337136,2.6865043151996826,3.52544343109859,0,0
12.790999999999997,0.009680000000000133,0.48956486686807305,2.39093,2.230807931157944,2.178487979209462,0,0
4.900000000000006,0.010869999999999935,0.4713170942697679,2.18591,3.540973860701878,1.8692039900335975,0,0
4.885564143715797,0.015055392335680207,0.47189485854469276,2.52057538197924,1.9990660524514474,3.3168706463452513,0,0
6.184290874612103,0.009790967490510116,0.49536009280178606,2.75496157832471,2.7379025993603032,2.111368762344639,0,0
10.887,0.017360000000000042,0.4937994886742695,2.2798,4.347609031909583,1.1466900655042322,0,0
6.487499999999997,0.046559999999999935,0.4932584029987648,2.29369,2.387137666141645,1.7416665162699199,0,0
7.824299999999994,0.00541999999999998,0.4917850664749108,2.26161,2.839433212847542,1.664026842567817,0,0
3.106200000000001,0.005369999999999875,0.4716042425739517,2.08917,2.9966031829193573,1.8983121201037303,0,0
4.0508000000000095,0.010549999999999837,0.48722129739577713,2.37246,2.050818040128518,2.5577310671719626,0,0
9.922290356952587,0.006434336707512145,0.48678503249594873,2.1552789078316463,2.2527613655144867,1.97303384330776,0,0
6.067400000000006,0.014000000000000012,0.475494009050606,2.2023,2.0577970472738847,2.6448315844635992,0,0
9.705992814261904,0.00999926618441993,0.47896111162739946,2.59247494156363,3.4016463039430582,2.5103969888734614,0,0
8.343999999999994,0.01725999999999983,0.4700116907885868,2.41932,2.4963734985326433,2.7440871610052593,0,0
5.5343715842926,0.00854327596451987,0.4569867504223712,2.4254581586741,2.098843953859513,3.3736684576280416,0,0
3.733525389142997,0.007180297395189994,0.46112591651809365,2.28463863587843,2.6253356911050356,2.6063321945195894,0,0
8.165855029348407,0.008084920930889972,0.4615044935497808,2.56011433531843,2.2737939416877495,3.2327477324428817,0,0
8.333649785768301,0.013475811553570027,0.4753964207961786,2.45864680605882,2.590357510798123,2.413493182069108,0,0
14.568000000000012,0.008569999999999967,0.4840254992651223,2.38383,2.39273991055899,2.276618481244282,0,0
2.745097861747297,0.009025866177480024,0.478344112903213,2.2883218350086,2.4746864090601948,2.5913078815859776,0,0
1.0770020685952062,0.008490408547999984,0.48833682694449176,2.83680174863275,3.7147494378841195,2.383760673717344,0,0
7.922829733565507,0.012007156614709746,0.48542279453708437,2.45422544248303,2.734001810017591,3.0701173495256207,0,0
16.650224758595982,0.007914885526909998,0.4990599444732522,2.47585689755235,2.7073711538920118,1.931333295927083,0,0
6.185457721800688,0.008763580265539916,0.46282959171281335,2.23880784334794,2.2081671782600165,2.54452562201486,0,0
3.607050000000001,0.00714999999999999,0.46776366672137254,2.157875,3.5091060516601624,1.492408042209781,0,0
16.9398099788362,0.00795698257287003,0.46753872999754914,2.54426805029673,2.2954069591435955,3.103566404236504,0,0
6.158007778547898,0.009926498312459842,0.4822486012345456,2.10679884656907,2.261038905398706,2.2620145883970113,0,0
4.095500000000001,0.008789999999999853,0.4860053108857615,2.21819,3.635477571303206,1.6168376588810638,0,0
4.045643656716408,0.021032360074626943,0.4707003959984853,2.158729822761194,2.7088594386418854,2.6408626786965343,0,0
4.01824394321541,0.00934149452823485,0.4786970181855657,2.18440168858734,2.5627137003821834,2.096941901121158,0,0
29.860799999999998,0.008809999999999985,0.49049211147547994,2.25706,2.6231528426826407,2.240499011598058,0,0
6.035066687143399,0.008924475128139875,0.469797927070279,2.36290861579129,2.975424056497526,2.2422195125904296,0,0
3.352758055447296,0.010039464503879936,0.45207066355283876,2.7410565260257203,1.498055107685574,4.345615086025886,0,0
21.18100000000001,0.018369999999999997,0.468494567357412,2.41596,3.5768414233339456,2.4529246247431655,0,0
8.999472841087297,0.012867478852100156,0.4781537462213745,2.57144542853821,2.7113779688292503,3.094066670741018,0,0
8.012629241762,0.008020720848689988,0.47109836255021553,2.67175989173254,1.9970503729311453,2.254959088933094,0,0
14.590576686131897,0.012591624913570021,0.4681492187168483,2.32837232680947,2.48077792234692,2.846489925195602,0,0
7.073999999999998,0.01717000000000013,0.4689302550515332,2.30687,3.694817140364055,2.027744462736049,0,0
11.349100000000007,0.003980000000000095,0.4748879088357393,2.51162,2.549060648625844,1.7921449566718344,0,0
9.696618446989874,0.00682312466702184,0.4883741715688775,2.1975141209376665,2.0191516764749404,2.015587337249921,0,0
5.114999999999995,0.007460000000000022,0.49494062319222176,2.17192,3.8342495065099245,1.2626865281076025,0,0
4.112736603453897,0.009280614503329954,0.4939059278736528,2.72928549889324,3.15767902228023,2.5543433297645692,0,0
8.873503154224991,0.008963442331720195,0.47466137280848875,2.20915006019115,2.3328350095181754,2.714242099926265,0,0
7.968271848500493,0.008543135730380014,0.49181977645106034,2.22196626555533,2.4042202860135093,2.5436915075047257,0,0
1.851474891753199,0.008038420997350082,0.4768071200090891,2.57374118734073,2.5687193884963615,3.398853035569621,0,0
7.242903811544608,0.007311084651310029,0.4479409844202204,2.33463108080418,1.895142407949336,3.0363870643251856,0,0
7.011168740966895,0.008860748568459975,0.4640264443635632,2.39227349367735,2.737456017956841,2.3156602488521387,0,0
9.498813425679273,0.006711917954182356,0.4879208464698372,2.1854333990410226,2.081916317067268,2.0039750652970456,0,0
8.682299999999998,0.08241999999999994,0.48828108546900545,2.26642,2.4082993701370876,1.9392883283976983,0,0
10.624850185873612,0.0187436431226764,0.47313680708659644,2.206302342007435,2.312024847894771,1.6476716046869069,0,0
6.861667592268205,0.0090742725264501,0.4663245649492426,2.21735334209175,2.546565875767603,1.92286843938672,0,0
5.9950000000000045,0.0066550000000000775,0.46921336411758824,2.483145,3.3016373978212004,1.3632842060991923,0,0
7.570435563493902,0.00832019374587989,0.47102927861151134,2.16624605648145,2.4255036788541005,2.186684118787858,0,0
4.784300000000009,0.005569999999999853,0.47937615056851257,2.36113,2.6545732550043217,2.1003112219964506,0,0
8.926999999999992,0.006410000000000027,0.48979654219548574,2.33519,2.439132491284621,1.534373756814003,0,0
11.753,0.007370000000000099,0.48578402156946215,2.12486,2.7494215611759425,1.404613606068113,0,0
11.37915687197021,0.007436917916790131,0.4745996258556626,2.39901503097365,2.4687006391058612,2.841233310098885,0,0
12.570000000000007,0.0035400000000000986,0.4315219551350741,2.13906,4.081342644930216,1.7722623500278527,0,0
6.609780868011896,0.008615730083169959,0.4555488258539994,2.36992495830875,2.6543434948061444,2.5099951584398665,0,0
2.8859999999999957,0.01934999999999998,0.4950315767007321,2.08656,4.359866832494968,1.3935309207215105,0,0
5.011211158745212,0.008135525829680024,0.46443225050293424,2.21530104544327,2.074072736036527,2.5053605036941478,0,0
7.259999999999991,0.006729999999999903,0.47484760944850324,2.21843,4.298603789942364,1.5689786185384367,0,0
12.156999999999982,0.009480000000000155,0.4997370630036732,2.33439,3.047361383456067,1.987910584825459,0,0
4.159949999999995,0.006597500000000034,0.5022960692216,2.2577325000000004,2.263500213264864,1.8543514363725941,0,0
5.828782961912395,0.008421501037459977,0.47720528169615384,2.36614348176906,2.407038650768436,2.3907162511353985,0,0
4.1684999999999945,0.007139999999999924,0.4961564964469801,2.18494,2.5253755582622817,1.7478935542185459,0,0
10.594085238453005,0.01337290690703008,0.48609970637582645,2.3729739261512,1.5181482785944858,2.3273544865467413,0,0
4.947740202461304,0.008951914501299951,0.47910883165133894,2.26266004042961,2.3643068237712637,2.3296707250061295,0,0
4.361799999999988,0.009530000000000038,0.4886582091038755,2.32331,2.3472473218294434,2.5543014045486494,0,0
5.597000000000008,0.006969999999999921,0.46573360960162635,2.25192,3.8364424390525484,1.7246130936332076,0,0
5.739147973247398,0.0126322100540599,0.46924273588748555,2.47395734545809,2.4306446746521186,2.997555244793634,0,0
8.771000000000015,0.007460000000000022,0.48182751344878055,2.35533,2.7841537908731584,2.228673246711646,0,0
6.879995082103889,0.009863003923920033,0.48970555305815466,2.33312897393333,2.4253742300527614,2.3232722444156986,0,0
13.932000000000002,0.009560000000000013,0.47790463883563655,2.14967,2.560516317727202,2.572041506794942,0,0
0.9881004946213992,0.008455642966299859,0.4780072294889832,2.51429742553115,3.1810278481940295,2.8697178517870534,0,0
5.111000000000004,0.006899999999999906,0.4831104169702392,2.36059,2.309144725127416,1.5237419979062095,0,0
22.546162807912992,0.23548679867428746,0.44216412078505696,4.070246443017753,1.200425439842887,11.312989603463476,-1,1
9.831900000000005,0.00723000000000007,0.4857632128724004,2.22105,3.2111744682696273,1.6554741591262305,0,0
13.96460584579171,0.008146318809029829,0.4816743448284621,2.17574856504871,2.65827453046673,2.0646762205405067,0,0
11.38170000000001,0.005279999999999951,0.4760146471346016,2.09656,2.8543213338088886,2.1369686182422165,0,0
7.3214312564303015,0.011442517402040053,0.4738336409677346,2.26077124729937,2.3879386445016095,2.3828075177018953,0,0
8.786300000000011,0.013419999999999987,0.44547113406064365,2.07234,2.3983370236860027,3.3741901719813043,0,0
5.786450000000002,0.023360000000000047,0.49274551789600185,2.28664,2.5195476079930397,1.656984126509894,0,0
16.570800000000006,0.00812999999999997,0.4695764833720236,2.16434,2.22211680607473,1.9556290966255445,0,0
6.6029558176931005,0.008299110217629968,0.48486415345132855,2.52374728453256,3.0248036623843726,2.339712002660544,0,0
2.1209096511972945,0.007798203740589926,0.4788880819623701,2.667449218874464,3.2406317401375873,2.716820197325542,0,0
19.042328351806603,0.009608966334139879,0.46808726251330673,2.50342941658181,2.1403017876820876,2.406846802372177,0,0
9.019283355666005,0.007751425909549914,0.45130536834653945,2.35607869790675,2.087465703610603,3.328395211263094,0,0
4.531427744099901,0.009061121606579903,0.46554984401308636,2.84807038587491,2.205714010247421,3.685670378070471,0,0
2.5567487548618004,0.009193280347839838,0.48361818692391684,2.87259800005212,3.16994688335531,2.708526165872593,0,0
4.5989999999999895,0.009279999999999955,0.4748138916766843,2.32995,2.19514438984465,1.9982567242898528,0,0
5.908847288074213,0.015376861131719988,0.4708213814689082,2.32854338514614,2.5569138907755895,2.559883479541688,0,0
2.1032988916715,0.008191054124619956,0.4292583739397065,2.54588293334014,1.8591945413306443,3.880208207772191,0,0
3.35234542609129,0.0076730530693800425,0.4941901566402464,2.65249365208425,3.0952357579965915,2.407010677108751,0,0
6.334649999999996,0.006219999999999892,0.4792568585314434,2.135205,2.54480450197004,1.9511904386724332,0,0
8.9585,0.007484999999999964,0.4571655624970495,2.18653,4.816818490379228,1.5041958727950488,0,0
5.261523168381004,0.009513301394839857,0.48153738972230264,2.25597880562987,2.5668276640126964,2.339641356351001,0,0
9.816000000000003,0.010264999999999969,0.44754087412397686,2.38615,3.078073735939842,2.384120966854489,0,0
12.497947994002999,0.011147876214729902,0.49082687852366047,2.51000224886448,2.0720178881559184,2.284405396910252,0,0
3.6899965855863996,0.007491887919240048,0.4696501314920129,2.03445277904636,2.2478934190940434,2.4925797352816303,0,0
3.667658273219601,0.012657452973739991,0.4705880057518044,2.27752296964632,2.6942131821881268,2.9294676567651163,0,0
6.2030695332731085,0.013245152618720057,0.4730574591110117,2.40589754463709,2.682231872519163,2.8064202403902065,0,0
10.333100000000002,0.006159999999999943,0.48165297224376663,2.30767,2.3207242842921505,2.044903346904603,0,0
5.5875400157461,0.00871002366809992,0.47510453853647266,2.44163701097014,2.507282434023915,1.972755017628012,0,0
8.357036862288695,0.009519454362699964,0.47110766623402606,2.25785459125678,2.2643154928695877,2.892084846986789,0,0
12.715000000000003,0.009329999999999838,0.46916966605603594,2.13413,3.1603721161326597,2.0386006219458017,0,0
13.3108,0.00607000000000002,0.4959059887985995,2.30839,2.1415229804015103,1.729959323413711,0,0
7.792000000000002,0.02024999999999988,0.4489584574893169,1.98798,6.077765314961102,1.1787598044520564,0,0
12.669899999999998,0.009050000000000002,0.468405262032168,2.1255,2.3281275275363598,1.7249888226173151,0,0
4.436131518831402,0.009040100100390136,0.46295473272552323,2.2770928695363,2.330850524545427,2.430865159743622,0,0
8.315639750359693,0.009934786104489834,0.48287175939821214,2.31808945693115,2.3429707147510053,2.3968625243350274,0,0
2.456299999999999,0.00814999999999988,0.48126729412215274,2.25977,2.4148072504467706,2.3138357572392283,0,0
10.398227689819109,0.00757758282435006,0.45133799172369443,2.39769134294362,2.898267971786438,2.695627492974867,0,0
3.148300978577595,0.009682669902870034,0.472345937122368,2.5001703891566,2.1125499422689615,3.7138368491801983,0,0
5.280545748254198,0.01140903472010013,0.44418365600975107,2.54427793181671,1.694545815280345,4.725700271813575,0,0
1.0365895955850704,0.00875254882562504,0.48010504190209047,2.351983586922155,1.89860242190055,2.353476213231681,0,0
7.84190000000001,0.01869999999999994,0.4883002082150294,2.1558,2.4941783337223935,1.676677517588995,0,0
6.963269257024194,0.00801539060963985,0.48935762900703417,2.24381971278114,2.241247221895221,2.25017373992237,0,0
6.574000000000012,0.013660000000000005,0.477655441064082,2.19192,5.812543083339716,1.2243667891456875,0,0
10.142499999999998,0.00835499999999989,0.47814025731281523,2.31725,2.24268905459866,2.105798012148731,0,0
4.086725950421197,0.007613307691920035,0.47153144975399497,2.27133633098028,2.350713621548701,2.0213601366417904,0,0
1.8033906750872575,0.009335287589796959,0.46624656636957706,2.5366086322051316,2.964124997215995,3.1356453057237332,0,0
3.9452,0.008630000000000138,0.48501616603333325,2.31194,2.2941131309897367,2.072932715261388,0,0
9.6079238003325,0.010081793802630079,0.4761101041616919,2.468462303405695,1.9843377628556267,2.0224044912427948,0,0
8.63775390207799,0.018953876635539935,0.459262749544312,2.51889827535587,2.393412791951439,2.718609932570462,0,0
12.47408893057218,0.007439093891094206,0.5138112216931293,2.0603644383190343,0.33898755225068977,0.7257903018253862,0,0
5.2702081795493,0.008091294610409916,0.47077544126635973,2.26613257557525,2.087247092960736,2.0502650882277806,0,0
3.4513676948587033,0.009574521217700083,0.46203425031758094,2.1724214990219,2.351578579558851,2.160852179543621,0,0
17.84190000000001,0.008320000000000105,0.4818393386439422,2.1321,3.1493358590983918,1.5177798238618276,0,0
7.025850954938903,0.015948925506070077,0.47540230430883307,2.33471588186515,2.3050655792118913,3.1892868842418824,0,0
10.4016682424556,0.008569956982769966,0.49485188746923653,2.27893255014573,2.6121509374093113,2.010391675991847,0,0
1.013149999999996,0.03579999999999983,0.4602229419311497,2.19765,2.424827470425643,2.941647349324733,0,0
6.471185058264197,0.009626380147059965,0.48318789699776976,2.34942290329212,2.5331955818388816,1.8787922772732997,0,0
5.987085972764902,0.009306481096960084,0.464162309666123,2.19464963149026,2.5330347767578654,2.652952687380517,0,0
3.840366544679199,0.009409345543045067,0.48030928588345534,2.17608873365688,2.4764372894619227,2.4537362318474845,0,0
7.1673359780953945,0.011966588402829936,0.4572242214883993,2.32430940877568,2.7240433324165934,2.456876220143351,0,0
8.014200000000002,0.009489999999999998,0.49091143359346456,2.21582,3.4438528329931044,1.30321540550398,0,0
2.885419448085088,0.009105934650290193,0.4815288049366884,2.50986380360469,2.7484082545167303,2.194106255931679,0,0
32.29599999999999,0.008730000000000127,0.4802259700830197,2.4569,2.8714490180039376,1.7852780689339822,0,0
17.055000000000007,0.008190000000000364,0.4919259681683862,2.40633,2.7299777056660997,2.1992855613009827,0,0
5.8745986162152946,0.009459844547470064,0.49165055864314355,2.33115023803195,2.535091359640016,1.8449098695746977,0,0
6.787000000000006,0.0059499999999999,0.4197193121170191,2.08404,4.920653420187231,1.5557809827646196,0,0
21.231340280454987,0.010862667741979637,0.4901778687577683,2.4614394702103217,2.327347249404896,2.4135671880778435,0,0
10.667690909090908,0.005850909090909129,0.4882319106487646,2.170358181818182,2.992352619372337,1.650387408615947,0,0
2.0443527380186026,0.010120121634990209,0.46579929378028323,2.28100797257227,2.2413967523418257,2.8739313587707325,0,0
2.832700150272501,0.010529372626270073,0.4542625334308133,2.73227378291867,1.947227063899749,3.511578139850966,0,0
5.507961355057304,0.009538859089339935,0.48784487952395456,2.61402767463635,3.1624861196629137,3.131904628720296,0,0
8.486550000000008,0.0062349999999999905,0.491654972798796,2.11543,3.1400213681614395,1.803450269814941,0,0
4.3536,0.009440000000000115,0.4904429007975508,2.29065,2.0535388821385174,2.345088457278002,0,0
4.0567999999999955,0.017160000000000064,0.46403104361420416,2.29049,2.6276021179361613,2.3715578251828,0,0
6.390668714978901,0.009374034429080025,0.4799080863947783,2.3045335080219,2.2119818903331243,2.3613307711619824,0,0
14.850795095772298,0.009004752733710042,0.47892272423547505,2.11509893343723,2.285604106368987,2.4639326937547104,0,0
4.990611468822706,0.008295029895009964,0.4728026399604589,2.23267226000528,2.3746344957911782,2.249249426328791,0,0
70.95499999999998,0.033977529877919244,0.3769186443878469,4.801109575577066,0.8684439667638214,4.311200340412363,-1,1
8.84557395902614,0.008572238609535043,0.475186058916556,2.37161146725569,2.0054922706587557,2.8909034276082326,0,0
9.056799999999996,0.010370000000000212,0.4749054860119297,2.2779,2.1816325673103707,2.7534000634164317,0,0
21.625235588528,0.00842149148724003,0.46819747747376295,2.50766333194646,1.6260290330247555,2.977509500995982,0,0
4.091200000000001,0.014610000000000012,0.473735101467864,2.13325,2.7315587594687845,2.629868813236278,0,0
4.049341827439889,0.009170085491519986,0.4619876088779092,2.17497185021366,2.6742597950560167,2.253018426936035,0,0
6.6525999999999925,0.01802999999999999,0.4979626282288963,2.26953,2.4764107969059825,1.7319217001475782,0,0
7.4632882797463935,0.00953375982536997,0.4686956288935956,2.50959991360793,2.5475001754851054,2.7335746082305454,0,0
2.4889045348406,0.00988949245713977,0.47567418387635013,2.52616136105152,3.2016294240196794,2.6147679760214895,0,0
9.083799999999997,0.07026000000000021,0.47927013108255984,2.14168,2.7822006829863883,1.4703930639379923,0,0
9.010999999999996,0.005910000000000082,0.4420683377411753,2.412495,3.029624406233291,1.550950873656015,0,0
15.4343304289999,0.008163387274060074,0.4681791745672356,2.39571270344757,2.425456957149521,2.744092387933231,0,0
9.7881,0.00753999999999988,0.4732793027375545,2.11458,3.0705896918886415,1.6573618755175776,0,0
8.897800000000004,0.0060949999999999616,0.482350552712957,2.244005,2.9482342945143647,1.2219067221416169,0,0
3.080685213053698,0.01182855028869012,0.4778460456969569,2.47439767146865,2.716235267789979,2.5826290987492064,0,0
7.9769000000000005,0.005179999999999962,0.47833310606333335,2.21816,2.9657375214563646,2.218686766044305,0,0
9.589125189255299,0.008022217164989964,0.4776761210085807,2.50614214296714,2.3909366070244653,2.897901889855196,0,0
2.9013093930867058,0.007394931416990103,0.4666120600668891,2.74132253397505,2.3290902547423618,3.445912028995043,0,0
6.868999999999986,0.007240000000000135,0.486021259395253,2.37507,3.159922349100156,1.676197711473558,0,0
10.534999999999997,0.006269999999999998,0.4780857686868448,2.32358,2.9362058566045155,2.1878394757852675,0,0
50.352000000000004,0.027305000000000135,0.46506341404464296,2.44622,3.5727064307177505,1.7185018341414662,0,0
1.9746000000000095,0.0065949999999999065,0.4685860440713537,2.1644,2.4963691277026245,1.5591506226067902,0,0
3.6198849076267123,0.010467777354340013,0.4665427113338496,2.53795339088321,3.0975746198361804,2.76214533565684,0,0
26.65700000000001,0.009622352941176304,0.48689534697159437,2.91684,0.3017305833216621,22.838302496543278,-1,1
6.767266630989994,0.009640012597430081,0.4762226475191033,2.69186722224286,3.2631940850913375,2.4953880918459075,0,0
1.1221126557720993,0.01184321639986008,0.47874963637557716,2.35991037172176,2.623631261228514,2.6607649219883722,0,0
16.933571737094695,0.017091615810699956,0.4749268482820089,2.5237980137766,2.7518528737543173,2.124411562924552,0,0
2.500136154892701,0.009598194553189998,0.4736413080389964,2.69709764043957,3.0689172081672633,2.9789030248658213,0,0
21.410999999999973,0.005684400000000034,0.4352134601229435,4.40183,2.414420798006206,5.858626826929042,-1,1
5.209475547586294,0.0091743208844699,0.4846899609168934,2.35231257063402,2.44144880292516,2.194549496056373,0,0
2.5279000000000025,0.00503000000000009,0.4823691102564708,2.33526,2.7901646294606866,1.5876924371414576,0,0
6.130370715534298,0.009354835181699883,0.4768432096855027,2.38046981578081,2.2866229931155564,1.9538948784780859,0,0
16.269000000000005,0.007670000000000066,0.43398164220457564,2.18612,3.2663235351171003,2.240658730350373,0,0
3.9616268615976082,0.008657270495530112,0.4660226236229741,2.17417176117456,2.438025056118047,2.5081824537104827,0,0
5.5910790301986,0.009748620894229898,0.4650111734671283,2.32563841562029,2.4766436098614957,2.16949138240576,0,0
2.49015,0.008560000000000123,0.4619903258457391,2.17285,2.318354602111691,2.8169196188335466,0,0
2.4415242988081047,0.011103244469959916,0.4744490962618453,2.39933340236966,2.4591050148048654,2.778936193942764,0,0
4.4609999999999985,0.01415999999999995,0.469900594427579,2.08594,2.968169544578976,1.9370276134040154,0,0
5.021100000000004,0.004469999999999974,0.4789857216150399,2.15937,2.993732682959202,2.0636932861404405,0,0
12.1353,0.008519999999999861,0.4984392243417941,2.32187,3.179400598165427,1.296962609070701,0,0
6.5341999999999985,0.008519999999999861,0.49139243113754183,2.21151,2.626538507308946,1.4538454120530042,0,0
4.557013911174508,0.012397798889480338,0.4836812518411468,2.46406824637558,2.9155416648485577,2.9898718398443216,0,0
5.845799999999997,0.006630000000000136,0.48298962372462795,2.14477,2.427026325065395,1.8118533656916593,0,0
13.765,0.00766,0.48688523310805537,2.27979,2.6767093505852477,1.6164771948630958,0,0
4.191508150094094,0.009983450871905886,0.47399063624873555,2.36436482893716,2.09142566031824,3.2423389133674636,0,0
8.179000000000002,0.006959999999999855,0.47573531276024345,2.19393,3.8400737005620647,1.8750740817311005,0,0
7.307999999999993,0.00766,0.48183015875638086,2.38682,3.20965761039334,2.373725417952379,0,0
9.132999999999996,0.00546000000000002,0.4982166983500256,2.28649,3.4429605018688934,1.8060550552882053,0,0
12.014411591541602,0.009034730731140028,0.4988671850048505,2.33058939680215,2.381874799011736,2.0323922972148605,0,0
18.182000000000002,0.01100000000000012,0.4866444265803179,2.16082,3.0067554849099616,1.9509935936671154,0,0
9.82244999999999,0.005759999999999987,0.47941056818695477,2.23472,2.8032402556323537,1.743309500884327,0,0
15.677000000000007,0.00933000000000006,0.4898441355396299,2.31702,2.045775333762867,2.3460409526320416,0,0
6.449059613757001,0.014430630106960107,0.48238201652470636,2.45596746922054,2.0799341556190303,2.0820825403188263,0,0
11.099125430003696,0.007746849655009935,0.47480120222328037,2.30491553799457,1.7022242789013238,3.5302587306587885,0,0
7.525633265111097,0.007345789160490002,0.45254712397370883,2.41136088572382,2.686493336244791,2.7027700807578667,0,0
8.196670352551095,0.00914202355449012,0.4684289384932939,2.17331562796649,2.293123250453679,2.2578213580646223,0,0
11.780000000000001,0.005109999999999948,0.4751051156966169,2.30649,2.6224188427771518,2.3287536158356215,0,0
13.32152499999998,0.07245968750000009,0.4804067839284558,2.5724746666666665,0.3119385470382391,9.269213514658086,-1,1
10.39500000000001,0.003929999999999989,0.4946872207066961,2.28731,2.522999170142216,1.8172703824881957,0,0
6.313270502055204,0.007745028014310096,0.46616710174537646,2.26587749697285,2.1452582497811488,3.0924730803499685,0,0
1.72524813206401,0.012440026824360073,0.4770987469608113,2.50458170834706,2.6832926070876844,2.5947407307814236,0,0
7.064867673438798,0.009155330742359968,0.4655809501739731,2.1310853892541,2.426215977475127,2.528532037739767,0,0
7.864400000000003,0.009850000000000136,0.4884802181791011,2.29296,2.136793962386088,2.3474208194300092,0,0
3.8899147620275016,0.007736137695619982,0.4512857090354196,2.72757563384937,1.8647031389518978,2.970504362191147,0,0
5.946137384572111,0.008699215010399941,0.47610389687318966,2.27805533894299,2.3795024558248947,2.2010632180704173,0,0
14.011932231701806,0.00784156004668013,0.45687423850810527,2.51832524403905,1.8676008543278113,3.681570297949011,0,0
7.840950758979901,0.009425886444790033,0.4752874303511782,2.73507522299548,3.130985208742644,2.924359072043621,0,0
5.340916217025196,0.030820342036030013,0.48112453983590664,2.61398906540904,2.7447586513832265,2.835083907383354,0,0
12.819200000000002,0.008600000000000163,0.4712893921504925,1.97767,4.054652290490045,1.7049649115128171,0,0
6.862858766525704,0.00983124947367009,0.455997920649373,2.42884822369359,2.2941830872104227,2.6889345246981384,0,0
3.701999999999998,0.00821000000000005,0.48509230169379,2.11281,3.372869138668639,1.748946028471557,0,0
35.721000000000004,0.007449999999999957,0.5001779316257289,2.43054,2.545007534300896,1.5544888803126056,0,0
13.2671,0.006599999999999939,0.4759193525486298,2.12184,2.095480689946998,2.2075964229539426,0,0
1.7439999999999998,0.010229999999999961,0.4953245217301622,2.16047,4.080709369050313,1.4877311550224224,0,0
5.0987860816931985,0.009227987924719905,0.4730838106310315,2.38645606595922,2.7331818742383085,2.8418242557857805,0,0
2.7079999999999984,0.019720000000000182,0.4997753962685972,2.26131,3.0929271019724904,1.536857274576621,0,0
1.8171815673490954,0.00907552919529997,0.4694776026635997,2.55729994224003,2.309822040816654,3.0191924767225946,0,0
2.415999999999997,0.007425000000000015,0.48817404624386596,2.22504,3.2615198946345334,1.4429167188760053,0,0
4.515479926727295,0.009186875103869951,0.4538083622506987,2.13385204265275,2.4545830509679325,2.306578151471668,0,0
14.0946,0.005470000000000086,0.47515773506962933,2.24236,3.653001935249583,1.9967507583858426,0,0
1.5651225377733056,0.009883849666100009,0.46612334257788474,2.54437801141001,2.8859383992245466,2.7002203688549944,0,0
3.3202722342835074,0.009819297176099973,0.480381449957923,2.60596040752294,3.0315919150555795,2.6563144877887432,0,0
8.417385882352932,0.009221411764706033,0.4714979945443531,2.4303995294117646,2.320449924542282,2.6074263585425075,0,0
11.88355,0.006569999999999965,0.4758246186572242,2.271555,2.2730938992241057,2.3553362063016157,0,0
4.904112436861894,0.00875462441943009,0.4775021616832402,2.35483483087532,2.3518537946746525,2.4766726844600555,0,0
15.983000000000004,0.008419999999999872,0.46405173204376016,2.32463,1.8387596369071282,2.1223435137586937,0,0
6.000708346410903,0.008640159537660175,0.4696028208303303,2.37709341218918,2.1406552603509694,3.0495032870630197,0,0
8.06920000000001,0.028689999999999882,0.48475371383893673,2.18662,3.8110562567904807,1.2019473550340274,0,0
6.346049999999991,0.10033500000000006,0.4619028277600887,2.15543,2.204719761373444,1.536288937439026,0,0
8.842623172242881,0.01958084262701365,0.47520980333839397,2.2133619702602227,2.3846799054451076,1.5884073511269556,0,0
3.4497208528788974,0.008675472514729998,0.4741572158760249,2.21911085796213,2.2960654660751154,2.527876916690055,0,0
4.375083841602105,0.008178041741379927,0.45317193365560215,2.36494832881246,2.7907636786337715,2.848048567695678,0,0
3.9722408954180963,0.009333179185599949,0.4697988927078388,2.1318743303551,2.5105632316681588,2.256099762982769,0,0
7.0870902748414295,0.005679513742071984,0.45143942925672437,2.169695433403805,2.260451742848736,2.240476517195282,0,0
18.631929888311504,0.008999987173424984,0.482991298653693,2.46179972619586,2.799133617868203,1.5922180401543855,0,0
9.334000000000003,0.0313699999999999,0.4730484824762771,2.31626,2.977180115663742,2.1336956432707823,0,0
5.200999999999993,0.04917999999999978,0.47518018539367224,2.42131,3.1006539881086144,1.9584576594855883,0,0
4.661373524738991,0.006731053828080036,0.44151927161642535,2.09533430863675,2.452157169000795,2.501164880802561,0,0
6.188010483633391,0.009318119358560084,0.47803520010735767,2.02750015831824,2.0095730582887064,2.6892598352240844,0,0
11.676000000000002,0.008769999999999945,0.447785431628316,2.22794,6.274904092652861,1.2112676676694314,0,0
4.865068526957501,0.009122877573130017,0.4904588961395599,2.33460069428463,2.522263110032524,2.5279263208710074,0,0
5.763780098407395,0.007905303332260027,0.45449756550838516,2.03968521437086,2.4322380023173884,2.746019491120252,0,0
4.588437510818991,0.00777982407799005,0.4660782303929807,2.20675566404495,2.5069688642746404,2.192254707808322,0,0
9.563100000000006,0.005839999999999845,0.48156554789225336,2.13478,2.438658852915746,2.1356968525708795,0,0
5.550702724824703,0.008125462119869864,0.46581249693895166,2.42138731175057,2.4770990210606003,2.70606671443777,0,0
5.088000000000008,0.0099800000000001,0.4910862749852773,2.37498,2.405501008297795,1.9222251524327278,0,0
8.592699999999994,0.00912999999999986,0.47918632873646055,2.29207,2.175601161025415,2.3239264117694374,0,0
7.9140000000000015,0.00855500000000009,0.4727877654729374,2.165625,2.2835304436182016,2.734651699683426,0,0
6.736996300581893,0.009725172925040049,0.47756384054994166,2.05578508427808,2.1780301743813673,2.6100081248547045,0,0
7.870999999999995,0.005890000000000173,0.4502242008775777,2.16756,4.557271429984317,1.7612615527032207,0,0
13.606499999999997,0.009199999999999875,0.47577592607870645,2.27543,2.212532882283456,2.0634954695187884,0,0
4.662999999999997,0.00894000000000017,0.4960473737958518,2.21811,4.344198096972555,1.499037180278852,0,0
7.278800000000004,0.11004999999999998,0.4895109200721142,2.15566,2.094661743978897,1.9303893498972842,0,0
10.316808284129195,0.009149981832279996,0.45586471107283527,2.44702423726158,2.109511287071059,2.778065675444184,0,0
7.189722901772896,0.01835765960682001,0.4625125405711909,2.38982564184828,2.8055199277821257,2.314515017655989,0,0
4.438212479752195,0.007371854242190112,0.45283212431522885,2.24537086360955,2.495124928933248,2.0784319024982505,0,0
12.114000000000019,0.007004999999999928,0.48780372923866777,2.22209,3.8827466100294283,1.6704349492239894,0,0
3.215763811806397,0.008345409645750035,0.4571737265694084,2.31392890373785,2.322275120916005,3.3652674119599357,0,0
6.5867000000000075,0.008404999999999996,0.4811834046919649,2.165765,3.3394613004646634,1.6911197951758523,0,0
9.370999999999995,0.005160000000000053,0.48081213965120917,2.2457,4.818330128765367,1.3829530071552891,0,0
12.010999999999996,0.005809999999999871,0.481358083683683,2.1384,4.373733968402156,1.2688249488154433,0,0
12.737000000000009,0.010280000000000067,0.4500449693798518,2.03042,4.646491302476524,1.3635756114069322,0,0
6.100999999999999,0.008159999999999945,0.4800695905841831,2.27238,2.3779400799837322,2.1152088433594156,0,0
7.103238903020895,0.009023980241749996,0.4740522593933384,2.2134974704853,2.1950419889415707,2.3334010286086695,0,0
3.8319999999999936,0.006960000000000077,0.49380966100067225,2.21491,3.071518886646626,1.7638401181574819,0,0
4.9731997206792045,0.010256185306869892,0.4739688827074575,2.47102486612179,2.4746889608909965,2.725176442914944,0,0
10.600999999999999,0.006799999999999917,0.4936240638506447,2.22201,2.5136449264777023,1.4250195321476171,0,0
8.928036894381407,0.03526895252329987,0.4820780428510492,2.55685620716105,3.0064805748664036,2.6867306058182225,0,0
2.7079291839669963,0.008810010087999975,0.46666018044239305,2.65014027332831,2.3028714563785337,3.4604345125572054,0,0
6.4950000000000045,0.3968087387387387,0.49220589602181186,2.17526,2.8554576894323644,1.3309815484009178,-1,1
9.678273599799596,0.009376892471689935,0.479504041357201,2.33553596767085,2.4872698288384725,2.1575918234136804,0,0
1.877593256792423,0.009309454153759056,0.4668357362340703,2.5394685542776094,2.959220182522748,3.1631617111938213,0,0
4.320276939101802,0.009358085307290098,0.46992970000324125,2.23029866958947,2.4602146401305016,2.1813981225500547,0,0
18.867999999999995,0.006349999999999856,0.48616051127518783,2.16541,2.2038389184156286,1.838817569072729,0,0
3.718768443043004,0.008879742873220131,0.49049713972791814,2.6837970281838,3.024234089545653,2.4106302264583546,0,0
7.76100000000001,0.007729999999999793,0.47545035234821026,2.22607,3.247803312827378,2.072375374317421,0,0
6.652942608040405,0.009614975486969879,0.4709175858180386,2.17429695916641,2.4139893053590065,2.3570710462953204,0,0
10.807212100369497,0.010294935857219967,0.4704541512435932,2.20034504779179,2.231340907175175,2.388963872528143,0,0
16.14800000000001,0.006529999999999925,0.48464292743636583,2.21222,5.1596943351853675,1.173829738156005,0,0
7.495999999999995,0.01811000000000007,0.47106052055441483,2.12829,2.7889428166257217,2.164741183998893,0,0
81.95045958904109,0.011252029918084272,0.5592279855247286,2.250264452054795,2.446391680334371,5.215903798466364,-1,1
8.801000000000002,0.0066949999999998955,0.4887184313038911,2.283815,3.6838778303308497,1.495027579749836,0,0
11.735,0.005474999999999897,0.469423978317281,2.12505,2.322043424706805,1.7017938799247947,0,0
6.252134639265691,0.009131613770899882,0.46302156759646856,2.46482862604806,2.8526192116960165,2.2911429581906835,0,0
6.874853293256592,0.009530138326760085,0.48220527377937517,2.33761939866175,2.3524825244758008,2.640068638724564,0,0
11.650500000000008,0.019649999999999945,0.44864191339269915,2.044945,4.893392104663398,1.391605859118433,0,0
20.056523224715704,0.009008694041050092,0.47959610780963147,2.37779826768726,2.5599947602434217,2.3245350900719126,0,0
3.7104928096720045,0.01583724457191993,0.4602668809929012,2.43958112831485,2.7171632212195598,2.3582447545025653,0,0
3.3646741072248005,0.007621082497510034,0.4673278424251497,2.30754468821037,2.5248106703619038,3.050543351276912,0,0
13.415157873498188,0.008329481515679804,0.45351756407792526,2.48666204223762,3.2431293599272437,2.1640188522810098,0,0
3.177831809849806,0.008707952183860002,0.46161970436300437,2.25669170529663,2.235499180114253,2.605122086855504,0,0
9.552999999999997,0.015270000000000117,0.4776761568585987,2.26375,3.1956715723855367,1.8310627330050167,0,0
9.979633012518292,0.009349639267050014,0.46510106790560773,2.08467805789912,2.4465514829884873,2.327830707276937,0,0
15.474099999999993,0.009109999999999951,0.47892659856367836,2.33174,1.8131520069008276,3.0338989981598856,0,0
2.276206280878597,0.008956046271529905,0.4760717308500088,2.65165728804604,2.4031568276887643,3.030408790928449,0,0
6.694562089240108,0.008686814403350063,0.48670532240441056,2.37163993004723,2.1198557560344913,2.412180746028145,0,0
7.4533039450654925,0.00747823150387994,0.4758069692437505,2.41962932432879,3.359377383299808,2.589880023313977,0,0
13.010000000000005,0.00714999999999999,0.4926541504198051,2.25893,3.2796926153014425,1.7660368494235412,0,0
4.300324568692403,0.008625699692949906,0.45912795988668964,2.0977676749961,2.014002405154869,2.892541193512784,0,0
9.246049999999997,0.007404999999999884,0.4850052936143058,2.26442,2.882989906412337,1.3527360381703417,0,0
3.1509999999999962,0.0051400000000001445,0.5024419408109925,2.2936,2.6126731569162147,1.6078493653300403,0,0
4.513999999999996,0.007249999999999979,0.5080224170929323,2.36282,2.115654377145928,1.738225894479034,0,0
6.2602959341813005,0.014366335440110234,0.48063537805993833,2.54634795956148,2.605932675488821,3.213848800025781,0,0
14.578829330032306,0.00901708966185999,0.47455514260477144,2.33445611307031,1.8906570557466487,3.235258128254689,0,0
25.209463929831657,0.2589924207749619,0.4365968787046947,4.22444963435927,1.156798320824619,12.560787284244162,-1,1
1.9855160295420973,0.00900735164343014,0.4605596353890533,2.43567823910365,2.13660547427645,3.2356426390243302,0,0
15.240796492838001,0.007886047214269887,0.46235973784778633,2.09403549713861,2.129788925092872,2.2431213192764705,0,0
6.351645392491477,0.009146484641638475,0.4754458257340926,2.3642893174061435,2.2535992257598134,2.652732417309183,0,0
6.090350000000001,0.008670000000000178,0.4692733633258887,2.351375,2.484508513787485,2.4096374709281414,0,0
6.532658858858852,0.007360780780780729,0.4816228422535784,2.2291475675675674,2.2755006010266032,1.849649341737512,0,0
17.412000000000006,0.01786999999999983,0.5027510888035623,2.36076,3.2837328004737794,1.3415709014835624,0,0
3.3059999999999974,0.0040400000000000436,0.4986848763656292,2.08911,3.5021474588403723,1.823960901764802,0,0
5.602390768895489,0.00866772638048019,0.47991440514576617,2.39206870438996,2.1814884329351445,2.359472860942513,0,0
11.774000000000015,0.006159999999999943,0.4905959938992596,2.29083,2.3339533362630176,1.760486260210385,0,0
10.095349999999996,0.00662000000000007,0.4948608374154946,2.346365,3.44786417501491,1.60294283195619,0,0
5.828199999999995,0.005870000000000042,0.4929368942556296,2.29159,2.0848418746591624,2.016304553302499,0,0
4.804500000000004,0.021360000000000046,0.4811779901439864,2.06281,2.4733004867336645,2.686436433929949,0,0
6.938500000000005,0.007050000000000001,0.49273869182601227,2.2018,1.9879212511080875,2.035499589906885,0,0
4.991651157686206,0.009790779595270083,0.47260321388830007,2.18436742838155,2.4431906208591823,2.7215004987077096,0,0
10.1955058869803,0.009342591407680123,0.46697297710647223,2.49712515547281,3.1233678766412325,2.1527424943134745,0,0
30.950000000000003,0.007620000000000182,0.4789053792327191,2.19759,2.100892615634298,2.532079561340956,0,0
6.078888677292298,0.023105706531459935,0.4574606776264889,2.44239724553933,3.0840161630553107,2.4409989697692422,0,0
3.1884778265118996,0.008698532334539877,0.46452643786369796,2.55593727746537,2.452147082674345,2.455126738186937,0,0
5.335114843711153,0.008596829397139905,0.45488356866454843,2.61692472010716,1.6713518017760642,3.229184940123682,0,0
8.363033357715508,0.010137374629860085,0.4741221551656072,2.20876742180452,2.291283279438932,2.4364012615801123,0,0
1.3650156445933987,0.009696179505859881,0.46918675279130206,2.26185284144305,2.1624277079667142,2.3421490066579476,0,0
7.407931150527801,0.051646696797600145,0.469100914937706,2.57636858944434,2.7755628292549295,2.7238047575477853,0,0
8.138999999999996,0.007770000000000055,0.4908331660486324,2.29864,2.640189570094785,2.2732609985110703,0,0
8.87142857142858,0.018793030303030367,0.4896173297393667,2.1886172727272726,4.1786225555111525,1.5218376744672102,0,0
46.020920484539516,0.008702509493544897,0.47277876352072074,2.596948008406815,1.8176218061546976,2.368534046518578,0,0
4.728408473804706,0.009375634782339937,0.48607617487809657,2.50879387869907,2.3424101678632314,2.7992679074599205,0,0
6.724999999999994,0.006320000000000103,0.4772097771604061,2.29913,2.9095912115973688,1.9537420026222758,0,0
2.5124334376035478,0.008944055273180096,0.4790221133779438,2.34300692563456,2.4085781951302554,2.6699154815229016,0,0
12.590760456746793,0.009435885311819936,0.4887533017151186,2.41098198938265,2.244308717543362,2.137832859173956,0,0
5.673500000000018,0.006850000000000023,0.48271795756000846,2.36304,2.5776148450198177,1.5777724351539029,0,0
6.120999999999995,0.007249999999999979,0.46582520625755497,2.22588,3.741494971147497,1.7131217416964493,0,0
6.2620000000000005,0.006479999999999819,0.48916943637049903,2.36324,2.475326288749664,1.5023224592138256,0,0
8.0135459765727,0.00811872771675004,0.46111055246660715,2.28664277851654,2.1384576378904074,3.3561112316242427,0,0
7.257999999999996,0.015699999999999825,0.49389209423108915,2.18558,4.189537710899061,1.2684322085346857,0,0
7.244,0.017759999999999998,0.4394279019818412,2.10275,5.306275531408066,1.2603600189080193,0,0
8.5015328104529,0.011722134108430149,0.4655637037034376,2.57784981846971,2.6165431970466777,2.4733146633969185,0,0
6.706850000000003,0.006380000000000052,0.47246422440332086,2.24266,2.439260257301808,1.6079156487227049,0,0
10.789000000000001,0.011099999999999888,0.47839573115904344,2.36094,3.175848280679174,2.1911644583544705,0,0
3.44891462163271,0.011239752092499833,0.48038450083061485,2.66017961617459,2.5606884025051007,3.144121289355787,0,0
0.7477000000000089,0.009319999999999995,0.4789491014267166,2.30692,2.0919149351104447,2.3658075911040624,0,0
19.362999999999985,0.009240000000000137,0.491743471794198,2.569995,2.455221548366688,2.1174351083778675,0,0
3.76939811973169,0.00807793822064995,0.4547945737092839,2.20947098967917,2.333301662404234,2.1428591535957033,0,0
8.673749999999998,0.013775000000000093,0.48769475247534283,2.17742,3.2842612858296563,1.2303719960369577,0,0
6.874399999999994,0.00939000000000001,0.46874634029182394,2.01708,3.3537364146805793,1.9731067504148578,0,0
22.070999999999998,0.005839999999999845,0.48179870696820626,2.04478,3.3731934860878288,1.8398306134730433,0,0
4.472000000000008,0.008050000000000113,0.49108439498228557,2.09036,4.425800660783196,1.340296877287819,0,0
7.373449725294307,0.01450290041404001,0.4806385982757957,2.46189728334786,2.5285004132928877,2.742266575972297,0,0
8.51100000000001,0.018500000000000183,0.4823886194729863,2.29688,3.5676871330026794,1.492403977701999,0,0
6.269199999999998,0.009924999999999962,0.48123735183579064,2.23259,2.151636087307543,2.633318965606995,0,0
15.17895,0.017775000000000096,0.48213145282392855,2.029985,2.691932605277695,1.6099912087761727,0,0
8.432284389812793,0.03550304810107985,0.4832496991955689,2.55008312035645,2.9775494063916175,2.6406538050627866,0,0
6.176365203862204,0.008864469604920044,0.48794730234535905,2.29331935512394,2.5101325690587184,2.2028620231635787,0,0
8.830999999999989,0.048250000000000126,0.396511648449271,3.46504,1.3897422648127271,3.095085780750218,-1,1
5.499394468611996,0.009205170610349978,0.4910665883846897,2.3565698651685,2.501549819072651,2.356723700245697,0,0
3.5805000000000007,0.00933000000000006,0.47424136039074405,2.24348,2.2684783609464874,2.8140153271333896,0,0
9.297449999999998,0.01002499999999995,0.47911052862498754,2.25645,2.3619393050371493,2.4007163761497394,0,0
3.8245944341509954,0.007025078613569935,0.47081924710062883,2.11835185211917,2.4546734348545494,2.4620079759925684,0,0
16.227400000000003,0.006349999999999856,0.4795201335359588,2.21896,2.320408279434471,1.5954658848704841,0,0
1.5693411045880055,0.014560361827059998,0.47486585752358357,2.40045393344925,2.3524101488626803,2.7735493791982275,0,0
29.821499999999986,0.009519999999999973,0.4503747837565846,2.282105,1.652033640276496,2.5182660988063503,0,0
20.212999999999994,0.006290000000000129,0.4639629498600971,2.41467,3.017456593325056,1.9298915328954047,0,0
5.0623939918746,0.008951734377109943,0.4731527257379592,2.17473428620784,2.464578334386839,1.9749500201554588,0,0
3.8400535853552924,0.008904132048690006,0.4777029983410696,2.19588080529078,2.5086840729248445,2.2658721547953737,0,0
4.1505059940080855,0.0075850413361711055,0.4580998116067592,2.6906984047794134,2.2028867508548213,3.7317570620535796,0,0
6.27589223340199,0.008810324162324967,0.4812723075416971,2.095427555252125,2.663917401941999,2.0550179483862987,0,0
15.528991510160992,0.008711153081939926,0.464841916426787,2.52054497844522,2.3176584288044246,2.040141548718518,0,0
7.278380797559791,0.011077490019629987,0.44985988435497665,2.52109340701443,2.561632106512378,3.048832193413716,0,0
9.2612854712076,0.008559341914079921,0.46484759193904496,2.27729763751234,2.745802693560582,2.6485720882039696,0,0
11.2912708108623,0.008951028999349964,0.4827088256801471,2.57359237176634,3.4243279310883965,2.962242497843199,0,0
8.364627333626203,0.009056507395680091,0.4566561784609233,2.77739087696967,2.466173904971917,3.2832629542118843,0,0
18.599000000000004,0.0044999999999999485,0.4386314820497085,2.34449,4.577785340536861,1.523183152779184,0,0
10.406763119633098,0.01022257149026995,0.4722203502845584,2.63586177867895,2.641198931624265,3.2684024418615745,0,0
6.574578987904204,0.009513387874110268,0.4867088220105994,2.47034045425364,2.6159584231262767,2.9896222022825265,0,0
12.552516269715,0.007417270408700105,0.48544582227474803,2.52810835800806,2.645019695517444,2.235856418687702,0,0
5.854820854798604,0.008108535102419934,0.46977191117402317,2.24666647362818,2.565289948781281,2.3007711134117983,0,0
4.320999999999998,0.01558000000000015,0.47756773912008565,2.18036,4.381048702532353,1.4067229731057498,0,0
6.00909025588841,0.007749316451290067,0.46244784228117797,2.6417278280477,2.605668540195616,3.491813849949825,0,0
7.279912268203191,0.009071797354619937,0.47519995691154004,2.44186339463228,3.093148767628836,2.552404425146433,0,0
9.298000000000002,0.006890000000000063,0.4940522598956767,2.28975,2.4264111883046207,1.5649957070573755,0,0
10.173460159334397,0.011807142620279931,0.4752887773964625,2.47138851281066,2.814070107474773,2.630882819239804,0,0
15.560000000000002,0.009039999999999937,0.4754515506944219,2.1339,2.3008705586325577,1.7915811154795294,0,0
10.0,0.012320000000000109,0.4454043427963982,2.17544,5.492158067705132,1.2933513027852652,0,0
6.1959022866894315,0.008612098976109372,0.47400276387847284,2.3578201535836176,2.275991785948123,2.7887400288259747,0,0
3.1535999999999973,0.026670000000000194,0.4870675314838518,2.19234,2.7763817930625225,1.349011841227485,0,0
10.338399999999993,0.007050000000000001,0.48189910979228484,2.106,2.705744426612885,1.6374098063563447,0,0
20.912156805576444,0.22106547497000872,0.4454315746808473,3.97563868794349,1.2304506596383198,10.589031842694794,-1,1
4.3085955130872975,0.008870704550320019,0.4807535376460956,2.7532823943042,3.132851384578501,2.4488741372448124,0,0
14.279600000000002,0.00831000000000004,0.48271896603660636,2.13963,3.380325748715471,1.6272621598213066,0,0
2.9128631890148,0.011705583994769952,0.4796013484628735,2.59353741578439,2.8068078350226187,2.738670037770203,0,0
9.647000000000006,0.006809999999999983,0.47670577626175004,2.25208,3.533326447858243,1.9317233542387733,0,0
6.054999999999993,0.07111,0.4944927702657442,2.17178,2.5702601924550263,1.4594482525901584,0,0
6.3313482935153615,0.0090583276450511,0.4752578958176045,2.363446228668942,2.25650777636247,2.6696438885201723,0,0
13.009999999999991,0.007340000000000124,0.49457426405860977,2.31608,2.4509931822040336,1.4533438609523166,0,0
31.7676,0.007430000000000048,0.4816517127933723,2.24197,2.3547861978170563,1.580004441333637,0,0
2.4910999999999888,0.019849999999999923,0.47217737086258527,2.13089,2.782829955141395,2.3979582673629984,0,0
4.358030818984091,0.011908312164059964,0.48896764731112585,2.5460591830237,2.7709350994240594,2.9873437629089903,0,0
13.382999999999996,0.007269999999999888,0.48972175441310944,2.29385,3.7246943753888018,1.6135390468456887,0,0
9.830129098433503,0.023144191964480143,0.4812306011716343,2.31742952759918,2.623587885407509,2.3676767822249154,0,0
11.882000000000005,0.04903999999999975,0.47807066247907426,2.4722,2.3939454572170864,2.1251324640810565,0,0
3.328000000000003,0.007060000000000066,0.5053583370329368,2.25268,2.4361701557635738,1.7027364848425868,0,0
8.533000000000001,0.007480000000000153,0.48819081996000196,2.25716,3.8973527534325374,1.7211240423416576,0,0
14.965202718320299,0.010163631267019912,0.4874003592738326,2.37953729302368,1.900502157157628,2.286950220748626,0,0
15.906104836618994,0.00879001310164984,0.4535154595359924,2.31487232442828,2.489934370963432,2.1112329223098447,0,0
7.3359001961053,0.009824283276679946,0.4716572170967454,2.1274499282002,2.13970968737986,2.638173244979493,0,0
15.275000000000006,0.006690000000000085,0.454143686255026,2.43826,2.3814991881068983,1.7792472756258073,0,0
11.194318189842406,0.008497701827890003,0.4756430311668731,2.09072585997829,2.414068140524893,2.9880627623822273,0,0
3.558417078246805,0.010130380887680035,0.46705038165777346,2.28347322755012,2.2696089535478823,2.562609596602749,0,0
4.937098629491402,0.00918914056608,0.4543327983737829,2.64824497022133,1.8951433264685649,3.0318647459109296,0,0
1.980152384286697,0.009557018809969842,0.468924168543908,2.28819738448431,2.1964271739821233,2.72326440683592,0,0
7.6797510401563045,0.009385143206640079,0.488409234150151,2.20043344631287,2.155647787909808,2.180582011716,0,0
20.587000000000003,0.007640000000000091,0.49123864784169935,2.37136,2.434225815224109,2.1115283423353195,0,0
8.079700000000003,0.007600000000000051,0.47337732411744454,2.24539,2.1935537053829033,2.7325267594529854,0,0
32.27599999999998,0.005970000000000031,0.4969124613673649,2.38918,2.2183510324765736,1.701255654238409,0,0
4.5316813833034075,0.007158270962080104,0.46515647219285594,2.17109637929592,2.2299529022841016,2.362781280458662,0,0
5.957700000000003,0.07410000000000005,0.48580999410941195,2.1394,3.1543354118274136,1.2623721045640974,0,0
2.469999999999999,0.007179999999999964,0.4888154492204679,2.21373,3.2743612932398825,1.368587165047342,0,0
2.2188000000000017,0.0363,0.48064840821726085,2.32228,2.6757165804696426,1.5702950490776433,0,0
5.061499999999995,0.07015000000000016,0.4797601778577872,2.05557,3.344026728560235,1.3841463206681694,0,0
6.396000000000001,0.00611000000000006,0.46496681376806187,2.23097,4.199722650955444,1.5958614653663417,0,0
6.073699999999988,0.00658000000000003,0.48278790688483725,2.14994,2.543466513496253,1.9233366160689302,0,0
10.077799999999996,0.0074599999999998,0.4665654622966163,2.07402,2.526635892709591,1.6865632642122543,0,0
5.184783037728593,0.010048852434260125,0.4785786712019511,2.32198031149956,2.4116721313373644,2.266558667313317,0,0
5.932039680054999,0.007291635556019971,0.4733555150607048,2.1401820978099,2.202699410323019,2.863186672049422,0,0
3.704013025137897,0.008361559983930178,0.45409602381518177,2.18411473285643,2.4004533986700074,2.5804024255725873,0,0
18.56240447629395,0.00916699045717495,0.48102029649296796,2.311890439787025,2.185606037966097,3.690537232484771,0,0
4.420200000000008,0.006630000000000136,0.4869331481583932,2.14415,2.719228420749291,1.6587134190162618,0,0
8.935512263821607,0.011027502298769809,0.4725108529467449,2.33979041397674,2.208406607922465,2.3767653257639005,0,0
26.953228187919464,0.007141275167785066,0.4886458589018123,2.2555682550335567,2.84852967113143,1.4055170712491327,0,0
4.566299999999998,0.007990000000000164,0.5042349340014433,2.55583,1.396763706281952,4.482420555981789,0,0
5.333052585719798,0.009352634538330129,0.48493991685091936,2.32736721233796,2.5721880550711544,2.3720812127302104,0,0
12.474999999999994,0.006839999999999957,0.4936671686153312,2.22385,2.4057396012081074,1.5496694350189981,0,0
12.525900000000007,0.018209999999999837,0.4774421192936952,2.16276,2.714148180752943,1.5803732232192487,0,0
4.112034654443306,0.010050699280119924,0.4561250790911706,2.73467101377423,1.8493013726798972,2.5535031496075873,0,0
8.492999999999995,0.0049000000000001265,0.46632384587745773,2.22279,3.147295280251171,2.3313382546341184,0,0
3.835704919681703,0.009129366247210058,0.4701288888402228,2.52096590610828,2.983264110623995,2.4758964412170936,0,0
7.56245681216059,0.009269863903709874,0.48269646709549724,2.21506961083959,2.360805866790821,2.15116867987576,0,0
22.896000000000015,0.03389471731461846,0.37696334681634525,4.800568116157855,0.8589866201975891,3.9565897035442434,-1,1
5.430761971700306,0.019426590265499977,0.45725356003057005,2.34584080091497,3.4507750402702695,2.2445673562915287,0,0
9.998221985300404,0.008309862005229984,0.4653643045294432,2.53361120432686,2.924078492767088,2.287896887746069,0,0
7.5319999999999965,0.006960000000000077,0.43399658248731215,2.40182,5.445440479986773,1.544336120965609,0,0
1.62830000000001,0.07294,0.4825570649662693,2.085,2.7603014733403657,1.4842132840093807,0,0
9.391999999999996,0.006120000000000125,0.48783346149608686,2.23502,2.7243063745625458,1.73673729195834,0,0
15.119,0.008179999999999854,0.4698898604407221,2.47416,1.7864802615441318,3.069552022117026,0,0
17.049647651006723,0.007077550335570448,0.49536444833727933,2.328561510067114,2.5874754513054343,1.432082909131096,0,0
5.197688324728503,0.009353053904260111,0.4839013648654705,2.27161353959141,2.7451883934582404,1.888350963700538,0,0
11.388161248808203,0.008088899055679999,0.4593121765184637,2.50749051432454,2.4298670989426303,2.703070074081466,0,0
10.302000000000007,0.007079999999999975,0.4660719918341598,2.08389,4.073285905541294,1.8512307262681267,0,0
31.927999999999997,0.026639999999999997,0.4759644632492779,2.561315,1.8310656065667934,3.1994455319575037,0,0
3.5844000000000023,0.006390000000000118,0.477388531374298,2.24111,2.814958692460194,1.4560197235659178,0,0
4.223192200018303,0.03402128265511983,0.48342575640688246,2.69084202842347,3.3178048960239788,2.6325216266169567,0,0
3.184833385302312,0.011241464533389811,0.4838673790686301,2.57889716428434,3.0831303885765156,2.4325004693121453,0,0
3.632072244604501,0.009431731545270106,0.4944156504616839,2.73398220732686,3.2502688499211487,2.498169267007215,0,0
8.357,0.012289999999999912,0.4916610185110739,2.16752,4.676336805298328,1.3393753696067188,0,0
5.8655945742084015,0.008277361421629825,0.492943134911315,2.47159401814396,2.0078266031544585,3.1520280445257347,0,0
5.794150000000002,0.011479999999999935,0.49744687860319553,2.283395,2.4928011241477024,1.638144648534087,0,0
8.712099999999992,0.006550000000000056,0.4830270054945581,2.18036,3.2404048424117144,1.3639274678151656,0,0
4.311000000000007,0.005049999999999999,0.4951588948111081,2.31455,2.0003912569128324,2.072049739795266,0,0
7.579494483952303,0.011470710571880094,0.474724920798455,2.32448576059329,2.5732145162844002,2.4082977638979646,0,0
9.692999999999998,0.006850000000000023,0.4528838094486791,2.4469,2.9234278137391434,2.062602187936621,0,0
3.893012821601502,0.009036900072489917,0.48611445963288763,2.48449356140566,2.4635611411882445,2.1960828626864295,0,0
22.951099999999997,0.018019999999999925,0.4514963283579624,2.10723,1.9936263009759525,2.577641190241804,0,0
9.746279480552104,0.010544573335850016,0.47355535454106207,2.18515252450331,2.249257327620896,2.4549094626318615,0,0
12.574299999999994,0.011554999999999982,0.4753783283437233,2.091185,2.8879159197344144,1.4688243609471348,0,0
5.460097110610107,0.008258177996889993,0.46001021908065237,2.33602116029676,2.619891970399173,2.5873288769969456,0,0
10.95490000000001,0.005980000000000096,0.48742196998830767,2.22843,2.752904393551832,1.8429629050708007,0,0
4.136735894658202,0.006684949394490047,0.4609416752334791,2.10368959163901,2.8120635101684384,2.3062142815477498,0,0
17.2774,0.005979999999999874,0.48242159700147075,2.06217,2.2590588408783963,2.2428788086575615,0,0
12.877599999999987,0.007169999999999899,0.49513887855750777,2.21031,2.25738509996169,1.741660351610264,0,0
9.986629597612293,0.009923030504980002,0.4869954129464631,2.21240583059096,2.397566364017527,2.0875886165660917,0,0
1.6630175394351028,0.009022132970429864,0.4810005878033241,2.14342669701651,2.226737593733819,2.5350996357235687,0,0
4.229183260307494,0.011746485013859997,0.4547250098411301,2.2810839905514,2.4347584585003945,2.5444133757677556,0,0
6.310923242125611,0.008610311363089984,0.4840967119772733,2.70102447833692,3.6706283947784164,2.540489554037349,0,0
5.484849133528698,0.007617598574000128,0.46478724333046234,2.49993797470134,3.6013919336372306,2.3582727466392432,0,0
8.822000000000003,0.017239999999999922,0.44282367242106085,2.10828,5.465938924968909,1.2227140636615532,0,0
3.6603795495085905,0.009985102068739815,0.4884707787506124,2.21455519803769,2.47106426307801,2.2469873875373794,0,0
2.9482231704766093,0.00955162929112996,0.48043543369862945,2.32300630426825,2.4635941956591165,2.406189417557345,0,0
8.734408752409593,0.007956331313120124,0.47506289480062547,2.39521039904425,2.829326226930271,2.537668927313748,0,0
9.790867949276503,0.008924491855150096,0.4966932128771605,2.54622696890549,2.27192329682536,2.3671698861696098,0,0
10.324000000000012,0.007420000000000204,0.4821880103115019,2.33842,4.018871826440757,1.6549651980467928,0,0
8.579999999999998,0.006770000000000165,0.4445529510687575,2.28975,5.037383081342584,1.4324003160389782,0,0
7.829650838240184,0.00996249511204339,0.47393075755953235,2.381612556268985,2.4398380220947797,2.2019979084385763,0,0
4.894100000000009,0.04699000000000009,0.49343205892803976,2.27017,2.3514684707178013,1.8840431221687384,0,0
18.842624844819454,0.20051224984816307,0.44990630191868514,3.8408040133888313,1.278386252259828,9.607471813936352,-1,1
10.828158897176337,0.00584055673947792,0.48433468826527853,2.09077479222163,2.70424168413735,1.8956860395647874,0,0
10.962000000000003,0.012129999999999974,0.4494436164152666,1.99384,5.677827815567824,1.1956590306940866,0,0
12.4662,0.006269999999999998,0.477809035157088,2.32365,2.5034217170643793,2.2354893025059006,0,0
4.172200000000004,0.014209999999999834,0.4729764586521762,2.13699,2.4060822898032197,1.8410367552744484,0,0
10.995000000000005,0.007439999999999891,0.45370125965280667,2.28335,2.645807450925172,2.382924591612229,0,0
23.053600604249993,0.00866807523703006,0.48427482925763204,2.46378084507707,2.1497199350131257,2.0111953445807984,0,0
8.161816402189302,0.009166510054249954,0.4836538897858704,2.68306577995267,2.514877988478859,3.0137952322294614,0,0
4.436693908694906,0.008785796790359957,0.4784250663403245,2.19423200434172,2.188466196357501,2.5028049628511173,0,0
6.417406288065507,0.010261208914109865,0.47748733127727205,2.10136372047596,2.302534313867074,2.712642703239483,0,0
16.3707,0.008829999999999893,0.48331858966258057,2.28863,2.323713889592471,2.040809108593038,0,0
4.433987560372998,0.015721892099030077,0.4698759118390915,2.41669227476171,2.8743005509141777,2.6538227914034733,0,0
18.411151420580794,0.009150644544440034,0.45649420477306724,2.28235891220978,2.2013429206522996,3.3192557355707675,0,0
6.171739188588305,0.012060579146470074,0.4534642794097144,2.51163202866007,1.8777917986477042,3.386361473311313,0,0
7.611723428965604,0.01583269192139003,0.45925673292693014,2.17630120991973,2.5872149447839314,2.646688121512847,0,0
3.1249160766600994,0.009207725524899901,0.46101693337169336,2.30663466453552,2.1773159968545697,2.212723549757185,0,0
6.6138906228461,0.013366289572499968,0.4589555666895177,2.41265134230771,2.696757988788965,2.663003410857993,0,0
2.942999999999998,0.023470000000000102,0.4997160794751012,2.18969,2.4012915195232196,1.9231050039604642,0,0
3.2953143236933045,0.011125462202649983,0.46785251117215937,2.39519615990309,2.84432495624953,2.6893415886806054,0,0
6.482500000000002,0.02320499999999992,0.49680211349259273,2.182735,4.572813282025497,1.3957282264015878,0,0
15.468999999999994,0.007819999999999938,0.48208773734917215,2.28586,2.59014331218584,2.3464539986560524,0,0
3.6393465203259012,0.008415580202939976,0.4504322204924359,2.09694047383752,2.3909211166699746,2.1436501187531047,0,0
27.90100000000001,0.032850000000000046,0.4941040346111279,2.23309,3.996588651649244,1.4176539791135003,0,0
10.478000000000009,0.008920000000000039,0.4907853724542511,2.46032,2.676648417124032,2.0746267086539074,0,0
5.533700000000003,0.004965000000000108,0.47478752118025974,2.24453,2.5382659547419273,2.51360303597284,0,0
15.740700000000004,0.006240000000000023,0.4878534455831387,2.21515,2.3367928086604643,2.2538948000092316,0,0
9.923999999999992,0.007130000000000081,0.47630761793560783,2.21147,3.428640033344508,1.7214966755708072,0,0
11.200100000000006,0.00727000000000011,0.47842007917148033,2.23805,2.7529999999999997,1.5739477696234254,0,0
4.326103724015397,0.007950260654539854,0.4600650865816736,2.2959023524381,2.525847728938624,2.6141852917540866,0,0
2.759088788426766,0.00747743218806507,0.49195720264219645,2.2291463471971067,3.289508837287562,1.5209357664423275,0,0
12.0528878706657,0.008875051360120123,0.48360917984322693,2.34806113213462,2.2950913722078385,2.7065027207977224,0,0
9.143150000000006,0.02267000000000019,0.48564669086718965,2.20258,3.5747394003102966,1.3592574568108788,0,0
9.555325144509709,0.009997799454110057,0.46178997271531674,2.52185641707721,2.814878269627808,2.6627914029960844,0,0
35.26061324458158,0.07001374042949027,0.46031276581135727,2.1836558597057847,0.6423526073642103,3.0697045227824966,-1,1
11.60299999999998,0.006780000000000008,0.49156183820848814,2.303,2.5810428898767412,1.438171461532915,0,0
2.792500000000004,0.005980000000000096,0.4897472904275562,2.11609,2.3241266743870077,1.8672762255027158,0,0
4.237839568608493,0.009486694939599971,0.46317994697460113,2.45766617255495,2.3215153144259353,3.2542894093615153,0,0
3.5230894812475952,0.008946393020180077,0.47012458925732875,2.18046901522582,2.6840272138977945,2.4206419604080813,0,0
7.264299999999999,0.010499999999999954,0.4721009363732113,2.05463,4.074152958456309,1.6417416340080013,0,0
12.265,0.007299999999999862,0.4832203249434958,2.25077,4.2410718910910585,1.7129293592553483,0,0
5.87196956102639,0.015904847858279947,0.471059363284445,2.36901907670031,2.673605089647582,2.5990827582903497,0,0
11.242393116942992,0.008690061660650006,0.4812393243752495,2.48029496553202,1.535133379142877,2.420293280389644,0,0
8.0700836570756,0.009444523448399966,0.45978011004963015,2.25228199174706,2.41165706690419,2.8415666885871027,0,0
7.89200000000001,0.01990000000000003,0.47763400017712526,2.183175,4.383651844947941,1.615336958766435,0,0
4.876683109748797,0.008731492652340078,0.4682890562272238,2.01691670785233,2.71743576636221,2.539564345188769,0,0
10.760988564123195,0.008554470176730167,0.4811927241950718,2.16525335875633,2.3925313188043127,2.113052622652665,0,0
4.752400000000009,0.04651000000000005,0.46532157685014236,2.32044,2.592675605639242,2.4507717725204192,0,0
5.165199999999999,0.006839999999999957,0.5079497438717333,2.30012,2.293244938790736,1.6481990202133396,0,0
14.841999999999999,0.006939999999999946,0.49528099874752535,2.29819,2.5299670023212535,1.576018323104647,0,0
4.067233276792805,0.009277993538139961,0.4551387926341117,2.36588672755873,2.249077538070961,3.4458729594037028,0,0
45.17214674779652,0.04383680463703743,0.4551811860336361,4.63146358870553,2.011091158224262,13.844829796533586,-1,1
4.247155743945399,0.009068802885660032,0.4948503461507561,2.68537907395399,3.1482802051982515,2.233225275167079,0,0
7.4195117203168905,0.008527491463339976,0.45338722945955684,2.27951909556803,2.7804289058786464,3.1902656738033572,0,0
2.8128530983671,0.007565720254500086,0.4793286196539787,2.13569896509637,2.554980958111156,2.2567393670209137,0,0
5.2476413191757985,0.009153243096039931,0.45834545856962394,2.33501106191776,2.2170364690599365,2.7314174469897097,0,0
2.3900680914666026,0.008463076269749958,0.4725532541944681,2.26398379166436,2.482328834073804,1.887546705059099,0,0
5.428600000000003,0.005810000000000093,0.4920023012781935,2.12587,2.3104327328192165,2.133335861650485,0,0
11.611814117647057,0.008925254901960944,0.4686143576663772,2.3743204705882355,2.2760094341173396,2.6020600722258593,0,0
5.173899999999996,0.006429999999999936,0.49194177256217886,2.35634,3.505662040096938,1.4584725721042622,0,0
10.426900000000003,0.010399999999999965,0.47215269669920584,2.27588,2.2453246953865653,2.637717017352987,0,0
7.068299999999994,0.008790000000000076,0.4732255760025367,2.26248,2.1879824724370103,2.2960252700014343,0,0
2.8815911941943995,0.013854799811010121,0.4860812117066193,2.52848190804109,2.553165184183461,2.927059697636171,0,0
3.794738857335304,0.010888465585219942,0.44541590134335823,2.58345964517933,1.861646757440901,4.306899423987031,0,0
7.0447779813172104,0.010650164979709942,0.4790260630158336,2.41583959748589,2.5709606407052465,2.171448129557013,0,0
4.603450000000009,0.00847500000000001,0.49163937980218314,2.301795,2.103417754177724,2.4983942149907494,0,0
5.320052302468497,0.007930182010779996,0.46617942689342845,2.18809432254395,1.8122617157271859,2.5051866026656944,0,0
3.5279999999999916,0.01566999999999985,0.46840509544980646,2.16887,2.2184774907797946,2.690221191056168,0,0
6.9389290036643985,0.00703158807111004,0.45929759575273027,2.68051270794263,2.5064097427270844,2.8992733218824753,0,0
4.518338565318587,0.008647931188930036,0.45043393812949495,2.36852182025236,2.72617548185197,3.007713234039022,0,0
2.2918165179834915,0.011519822084919973,0.48229112936193713,2.27751331092662,2.3999406842312374,2.2150845422591026,0,0
3.3081706176341044,0.006378141805180038,0.46980330347226973,2.07762228286423,2.5476829080390395,2.3253890068373715,0,0
2.898260063301592,0.00875283335312993,0.4750318226297664,2.13184514081364,2.391454844526785,2.2420683091390217,0,0
7.059744222491204,0.009403747119659966,0.46729004532910756,2.47385069080499,3.029320835422529,2.0955451589287253,0,0
5.6705408146922025,0.00906744627816991,0.46374239510450715,2.49566476895879,2.4421527654305186,3.4142572381090175,0,0
3.831861513309093,0.009917088531840035,0.4695843822972698,2.49524994293251,2.309729414624701,3.4705424038349344,0,0
19.9730397241903,0.009574560484830075,0.4520946022517394,2.46441922674505,1.5946197337298933,2.7928707202429393,0,0
5.257023523432608,0.009391201679889827,0.48028241249292997,2.34343717668679,2.357170726504314,3.0380096040770606,0,0
4.737599623018497,0.01175163683623004,0.4780138976947076,2.53969720240466,2.1233663323907264,3.1735321432586705,0,0
7.910999999999987,0.0144200000000001,0.4942182526545626,2.18666,4.1179142344201844,1.2753696708780926,0,0
8.696750000000009,0.011299999999999866,0.47812391152494044,2.181835,2.180620196036951,1.498052958987354,0,0
7.084999999999994,0.004899999999999904,0.4744983185152279,2.32596,3.3078433847892272,1.9725788607796468,0,0
1.8007000000000062,0.008450000000000069,0.47122171383147254,2.07687,3.024521583046235,1.6647561070556003,0,0
7.435840081944306,0.011930862722409952,0.49244308147040716,2.39728770245831,2.8006343075421487,2.826155932516788,0,0
6.390599999999992,0.006510000000000016,0.48302516351377095,2.22876,2.8522757177093565,1.6000842151278656,0,0
8.491335497706999,0.008328383300709952,0.4897517258229124,2.21841537019387,2.3436850888780976,2.225389991832237,0,0
10.077041666666645,0.04586749999999995,0.4631649822919014,2.508565,3.3583983950706555,2.5802700000529,0,0
6.109999999999999,0.016360000000000152,0.4823149325278781,2.14802,3.2980386360480693,1.9512329413615448,0,0
4.4073752281432945,0.009214637501639977,0.48301932233225126,2.21381457050076,2.4954597985570133,2.4017298558839104,0,0
4.705879888268143,0.022867225325884588,0.4872571154247681,2.243427150837989,2.38988108556902,1.356199359178753,0,0
3.4528346791552877,0.008942642533499967,0.48253541837310826,2.29471620270955,2.4794727994547405,2.1139199261751545,0,0
12.782999999999987,0.01454000000000022,0.4717304373710691,2.36786,2.41457771353373,2.692108684235448,0,0
9.003299999999996,0.005679999999999907,0.4784726736021864,2.40222,2.943975292069944,1.8278117407454235,0,0
5.387103900351505,0.00841429342246025,0.46183340792450817,2.13940359064198,2.356011720664643,2.365396121164426,0,0
3.5458500000000015,0.07537000000000016,0.4794572591066822,2.10415,3.3194882008570223,1.3152755815504202,0,0
19.479,0.005450000000000177,0.4728465928350346,2.15086,2.200606084566502,2.0115103087971398,0,0
6.961541979522181,0.009065597269624304,0.48912841578169725,2.255516723549488,2.2523763682887306,2.183190473922205,0,0
8.731399999999994,0.008329999999999949,0.46830976563833865,2.48256,1.6083323553573525,3.277345507832783,0,0
6.139406403079946,0.010520680837494911,0.47708404527414416,2.297536282920365,3.2395898874251907,1.9959244896745907,0,0
5.468546475176694,0.008791261135630002,0.4796287111750635,2.23618411186261,2.6495665688350996,2.232959226249213,0,0
10.1609389225451,0.00990738377518996,0.4958681144235687,2.35027326772551,2.518164762146817,2.09877165367785,0,0
7.827600000000004,0.009970000000000034,0.48029123215607783,2.32061,2.141749136483551,2.561470343956297,0,0
3.553995398616209,0.008503552727389785,0.4890708007295031,2.47761642412309,2.866493779895704,2.442191686869045,0,0
5.783957122166797,0.008740283194889953,0.4694751572501319,2.36364426918015,2.0534283957874697,3.259789309164957,0,0
8.588700000000003,0.008809999999999985,0.49141025690353707,2.2495,3.3494854494650035,1.3144237545238464,0,0
32.77699999999999,0.009670000000000067,0.47031296593275773,2.41557,2.0189798504449055,2.9010313359699125,0,0
5.364377128963596,0.008713664512429942,0.4835552922799916,2.36838998268937,2.3736131327946284,2.286375248132371,0,0
4.595070756424704,0.007285588799589959,0.47109323166732103,2.16764560620668,2.367656829062658,3.0537120836884375,0,0
23.628500000000003,0.010669999999999957,0.4778242048403347,2.1253,3.4257583758727925,1.7782762938230383,0,0
11.875,0.01929000000000003,0.46772749231186156,2.13174,3.8515396555622456,1.773693815478202,0,0
7.342873273990904,0.009004723476540022,0.4705349187478495,2.22656011448663,2.2829334484823494,2.1642157402129323,0,0
12.759811764705873,0.008818823529411768,0.4675896502059703,2.3541670588235295,2.2597867085747207,2.600106641890895,0,0
3.665315811087609,0.011100677409040083,0.4705246716636323,2.49262385421268,3.0628278888551725,2.700734138717656,0,0
6.036278329006507,0.010818897376869918,0.4866854918126872,2.22369075238201,2.3139707083616288,2.525799189367675,0,0
12.149196996157201,0.009889426944600155,0.48201218231817156,2.20600847367969,2.7988901657179523,2.41037548941593,0,0
8.004999999999995,0.009489999999999998,0.44795543010763145,2.01138,5.552697898883297,1.133336125303627,0,0
4.8914999999999935,0.006449999999999845,0.4859488629144269,2.13885,3.4952637545318095,1.9641878912102355,0,0
9.99970369456291,0.027939977761659796,0.47675748018662517,2.39100520364833,2.644610119031324,2.4463421329905954,0,0
3.5334177822410027,0.008171221315059984,0.47462107063496134,2.28458902973884,2.139663111604181,2.666743184476586,0,0
6.296652167127391,0.020204282264249862,0.4697239173031867,2.40255180395816,2.990779711012692,2.1866649983809188,0,0
5.763999999999996,0.006099999999999994,0.44657677474082913,2.3629,5.297583693105088,1.4607687825092266,0,0
6.257783686006832,0.008738812286689601,0.4745764230017094,2.3603905460750854,2.2670739307052563,2.7329372158190255,0,0
4.083139355990198,0.014847782914179986,0.4754335201550926,2.46475955447859,2.5793054580261625,2.6706156440570825,0,0
3.523105347154484,0.00896769103204842,0.4684822857629597,2.3870340241341705,2.2501168277230303,3.113091100312006,0,0
8.898251137109895,0.008868372970969984,0.4735234561412036,2.12598082885477,2.2688789314933553,2.338930641246234,0,0
16.90500000000003,0.007870000000000044,0.4433089001749783,2.49906,2.6783981675477184,1.752450746837554,0,0
7.521186080551601,0.008965167646630023,0.4802996683813156,2.30392393267615,2.0458386714839043,2.84307159180203,0,0
4.815086363636368,0.009613090909091015,0.4873417147475386,2.171490090909091,2.0910724455617506,2.260853219637503,0,0
6.070766083861102,0.008825728716270076,0.47844447003927587,2.39558911421427,2.3530230131817,2.1742507049787627,0,0
5.677374286442401,0.00960210767208003,0.47660151779697113,2.211013256254,2.543915535246239,2.056548611943303,0,0
4.878900000000002,0.018960000000000088,0.48285818585703244,2.15475,2.6639792181523076,1.370534628895279,0,0
1.6536191012918096,0.010197558884349922,0.45111493420143955,2.63669792076939,2.055139736832573,3.3972948429941945,0,0
10.573452583910495,0.006007511987213832,0.48502653100168636,2.1089116462440063,2.5632924781163076,1.9191743453588699,0,0
8.60621842114871,0.009653491001100134,0.47720989505544215,2.35384515610994,2.409958532683816,2.2778487556457656,0,0
15.045999999999992,0.050759999999999916,0.4500884732642666,2.45244,2.5044387281601135,2.681441065622072,0,0
2.715299999999999,0.006990000000000052,0.49012726159111014,2.05162,2.999041622530862,2.00542280745735,0,0
10.859999999999985,0.013719999999999954,0.47863110060132685,2.21215,4.469885070312391,1.403938375635712,0,0
8.267745248099445,0.00865764098056987,0.4869694886534593,2.239172485270285,2.736527767786396,2.3480013376999236,0,0
10.342000000000013,0.00731000000000015,0.4915135533573362,2.23259,3.676202744276466,1.6919908028357924,0,0
6.013217433224995,0.00930885779320012,0.48595357918671456,2.41220586478659,2.2804194191676492,2.3409672026524415,0,0
6.795000000000002,0.013980000000000103,0.44745951916980753,2.12821,5.891420715476643,1.1226750844584195,0,0
6.584858355809601,0.013584627548759887,0.4608170937604335,2.45786439110774,2.2256771161639777,3.283894363198301,0,0
6.810704425564694,0.01318928300708011,0.4681310486742633,2.4245390418247,2.6424837263401995,2.7662680947367475,0,0
6.987894321478009,0.007704394387490154,0.43217912920794904,2.58123592211331,2.0467014515860034,3.749971512314612,0,0
10.273000000000025,0.010329999999999728,0.4910391917843237,2.40514,3.0332313826517394,1.9324273448665323,0,0
17.073499999999996,0.09534999999999982,0.43324933403985455,2.1221,3.9663898210653157,1.8856432232749731,0,0
14.921000000000006,0.006549999999999834,0.49468641434948457,2.30827,2.1950457087501936,1.7760399498025063,0,0
49.52550000000002,0.00808999999999993,0.4928946494329989,2.972655,3.7627907305655146,2.0301520162657942,-1,1
9.028238379693605,0.010588999065889837,0.49477886260985326,2.3468559502742,1.9067556196951525,2.8458404428759048,0,0
8.068412206105805,0.009843013391420019,0.4911611931843371,2.28606805797588,2.4184110021997545,1.9571191992187547,0,0
1.946504350012603,0.00941739267519992,0.45496534675426653,2.41384040240429,2.632421014713815,3.4646923145266593,0,0
6.473500000000001,0.005430000000000046,0.4839287481999339,2.0568,2.3784740154166903,1.8000867661033755,0,0
11.403999999999996,0.04259999999999997,0.4868921571002835,2.28878,5.421296325741434,1.1665646481846275,0,0
2.763654353876305,0.007738607863509994,0.460611301365104,2.78816526904224,2.091765514037498,3.7413980890061693,0,0
2.2668095207780965,0.009270777432520028,0.47328882848064563,2.21708151979499,2.294204361590814,2.422218038493686,0,0
5.011654129986198,0.010489368459239978,0.45358135229073426,2.30169606377798,2.601047278564452,2.8812379226382054,0,0
10.157654905593006,0.00939637034667995,0.4895160888732816,2.15590105037494,2.4510248398118777,2.3182846796553993,0,0
1.8397565643754916,0.009924004510009965,0.4572364846181136,2.25258400706064,2.6269465015513793,3.9610902557354413,0,0
3.059202010831598,0.009725638845220042,0.4663798543084704,2.10529235507735,2.22528038385782,2.5966444086323808,0,0
8.064999999999998,0.00727000000000011,0.48033849498565,2.24352,2.2704097101070144,1.6223144723380813,0,0
5.878237914478902,0.012770981723780217,0.4802296259271857,2.61913381505061,2.859234563643193,2.779157722515997,0,0
14.024100000000004,0.006709999999999994,0.4997739917979569,2.25773,2.3616352871774096,1.5383362216475964,0,0
4.018000000000001,0.00812999999999997,0.48501686855662207,2.03942,3.410681293163462,1.9922591481703658,0,0
4.450421817120997,0.009656219819440093,0.45422249207980236,2.54222213561888,2.995176787500977,2.6460866086126047,0,0
9.945300000000003,0.01611000000000007,0.48080448903195677,2.03418,2.6729510277111794,1.6761383412967126,0,0
2.9116500000000087,0.00951499999999994,0.47584364743865853,2.415245,2.4235870332238676,2.17985819479557,0,0
6.389599999999987,0.012399999999999967,0.47086028472798513,2.07909,2.843311828145627,1.3934303000672248,0,0
10.451032861818902,0.008895798185990067,0.4492501303026826,2.33618571693383,2.961040233499044,2.1809736446975294,0,0
10.930299999999995,0.004610000000000003,0.4719636938777132,1.94884,3.690000451398938,2.062955679595962,0,0
5.830722507787698,0.009288377950170013,0.47715904297326955,2.19585249839261,2.377346126023359,2.4306877225746155,0,0
8.055700000000002,0.008029999999999982,0.47552957504616505,2.21732,2.2521680212301676,2.324187042862381,0,0
11.311299060852193,0.00868690342469991,0.45320770057133214,2.55392351266141,2.4305470542746415,3.187862585445694,0,0
15.407600000000002,0.0041599999999999415,0.47738026781386095,2.38368,2.6786125243856236,1.8478553857426985,0,0
7.753950000000003,0.03434000000000004,0.4827651763596509,2.148095,3.290519682205998,1.2582102289228223,0,0
13.533373167828898,0.009464382350780065,0.49560441421373413,2.19843379538149,2.3465096199255666,2.2400474610184267,0,0
11.140192936802976,0.01850156133828973,0.4725393373026521,2.204261003717472,2.29157118876213,1.665161713447083,0,0
4.040999999999997,0.00590999999999986,0.4854236955773077,2.08316,3.538574213965884,1.7728504429390306,0,0
5.984349999999999,0.005599999999999827,0.47141525533104844,2.02233,3.2772178246186288,1.8840952662509856,0,0
11.855999999999995,0.006040000000000045,0.47903861591363844,2.33813,2.915381865308129,2.281553356812398,0,0
2.8076320800020085,0.009967056553600084,0.4944931553760636,3.14167569630829,3.823091736126052,2.4828007913536365,0,0
5.154452900412103,0.013759558736839983,0.46177038881467125,2.52131017877888,3.017503107125115,2.3454916230850604,0,0
9.943552797016508,0.006420399573788149,0.48672784254350565,2.153764874800213,2.2619233821856315,1.9714015097296729,0,0
9.059141970458,0.00912464991351003,0.47147655110186576,2.45846700998922,2.2224533122823953,2.8971897817102166,0,0
16.084517349943,0.00952871621564988,0.46205093254586227,2.28993589637629,2.1042392494905804,2.8899407476026053,0,0
7.678999840303405,0.00811144578401013,0.47706788376232456,2.6231494244057,2.371418324785856,3.0751396296313085,0,0
4.310763110456108,0.005889811032079972,0.4810167884730601,2.24832892861301,2.2143072091760616,2.1693755758660775,0,0
4.377665986618112,0.009563083719929866,0.48867705380000476,2.70234484727923,3.2501116911435255,2.643758174614204,0,0
6.5689812487238015,0.008267301682299832,0.48044893990594184,2.13232345279191,2.4142406696563175,2.93501103478279,0,0
8.681700000000006,0.00649999999999995,0.4802086789948415,2.12403,2.493130049155602,2.014175891526244,0,0
10.322918791876603,0.008904785005170002,0.4660596478323162,2.33088073614735,2.5252224528801417,2.0464225360050894,0,0
5.928934336652006,0.009228538641349981,0.4958940679050568,2.65247077703476,3.1918298215434704,2.2197904241676567,0,0
4.737968564618399,0.009530858401650022,0.48042892105344337,2.27379723435592,2.2435554337465033,2.606959506779763,0,0
8.492000000000004,0.021680000000000144,0.4697825561164382,2.19396,4.256063202842422,1.6898086217069557,0,0
19.562000000000012,0.010106666666666708,0.49435004866464777,2.587393333333333,2.8719247844493148,1.745497924502465,0,0
16.89,0.006039999999999823,0.4756013978321755,2.18757,3.290517081877646,2.1202981492592423,0,0
3.403061971174097,0.007742377792349986,0.47723886219316003,2.46533889727925,2.954185598874056,2.460288719014577,0,0
5.685500000000005,0.005309999999999926,0.47925222232854353,2.18464,2.6653535826687964,2.250187313480221,0,0
8.71907772376369,0.0082922652253401,0.4811589166313121,2.270176890425,2.866801216327602,2.0840037101425475,0,0
8.707309373250098,0.007737790468270056,0.4526931093158581,2.12209113864977,2.412151171347509,2.514985867810282,0,0
17.414574839629395,0.008253033592619863,0.48629109064152076,2.53602086064693,2.6256958866795923,2.4879279268451557,0,0
9.498999999999995,0.00611000000000006,0.46731070853152473,2.07251,2.9210114942528738,3.184687469495331,0,0
11.632499999999993,0.012369999999999992,0.4670522599700656,2.14323,2.2018852400058244,1.7895710105614788,0,0
14.77255000000001,0.0068949999999998735,0.5068535165452898,2.18338,2.4441848257317162,1.5935163613887866,0,0
5.557070868961304,0.009378221158000022,0.4573598254125764,2.16871081996052,2.5813829541924664,4.045882323641724,0,0
4.834324343116805,0.01167526474017011,0.4829871924837703,2.15066632608408,2.618665247914285,2.320187124756443,0,0
3.2602354039518957,0.011487322620040041,0.4846060963499295,2.35316989302667,2.1798431087471486,2.464558852702788,0,0
7.434642168546503,0.008381805447770008,0.48593246544775986,2.58398507292686,1.9423973598923927,2.7852141805486457,0,0
20.39630000000001,0.006590000000000096,0.49366394841646116,2.36836,3.061852784774699,1.3503993076476453,0,0
7.149000000000001,0.056620000000000115,0.4921886308151036,2.23769,2.5700612709984574,1.4792776001594354,0,0
12.429999999999993,0.017370000000000108,0.4717088598982541,2.20127,4.340837403406158,1.6355176956333384,0,0
8.412999999999997,0.006789999999999852,0.4790982963021119,2.37086,3.012408423261107,2.095055420233741,0,0
7.390866067237397,0.00884739068876006,0.4774560502477859,2.49718863805377,2.2372454088332248,3.254203795529446,0,0
2.7164455949456965,0.009895086163209887,0.4806886300552788,2.41789600685451,3.1645564231854446,2.7882814238295603,0,0
10.421199999999999,0.011970000000000036,0.4827839795924229,2.39146,2.4130262723622695,2.3907168082612595,0,0
4.563099999999999,0.004930000000000101,0.49907214733053873,2.12826,2.4940477651505852,1.9050107725675398,0,0
8.767949999999999,0.007885000000000142,0.4749400302473048,2.2301,2.2764648310169027,2.4737584540668323,0,0
6.417902290286591,0.00907018861291009,0.45320841660945904,2.15981662910744,2.2373187231468794,2.816001422001889,0,0
9.557600000000008,0.008289999999999909,0.4700168768699928,2.01059,3.958662547502529,1.8579076760534763,0,0
2.223255043744004,0.007818465526389984,0.47447506390088434,2.38304070282294,2.5779595256824384,2.2333304979043516,0,0
12.6508169609057,0.008383017372610047,0.46452086510868795,2.43743758649325,2.0827742714843813,3.3705851377487184,0,0
3.761250000000004,0.023174999999999946,0.48412754937795033,2.233735,3.8384719909666796,1.1607103189059989,0,0
8.707247031397799,0.008739794358419983,0.4759129405585936,2.22325774228574,2.438941754265182,2.167127907154436,0,0
3.8407357704794975,0.009450926787240022,0.491016793111141,2.7333757230739,3.060401329875403,2.3254496390183506,0,0
4.7918944540106025,0.009198464560300046,0.4802150628432502,2.08171001635119,2.8469518906246565,2.0088451130192904,0,0
3.025582726877701,0.009599199380029955,0.46916660921357833,2.3037342232142,2.3314432582596503,2.4103345053597316,0,0
9.80667583910494,0.006510119872136455,0.48709573183570576,2.1635114624400638,2.2039653751534387,1.9817732277840239,0,0
6.921384363183904,0.008974306538039878,0.4787998868188752,2.37328176082113,2.2599376369150868,2.4460918816948753,0,0
5.502168969089809,0.008570328995179954,0.47732448543824263,2.36790378603917,2.326208137227012,2.2697999189386646,0,0
3.1823205895206,0.008503010989400206,0.47428595591805983,2.13399043108644,2.0633615736809765,2.5335101255765795,0,0
16.89099999999999,0.0200499999999999,0.4783290446519079,2.29616,4.403171986231199,1.5524849228253093,0,0
4.819999999999993,0.008589999999999876,0.47819631769793525,2.25359,2.2786289851879498,2.3442434660612905,0,0
6.1894322798631976,0.007291249979040071,0.47291683691935055,2.16423215372595,2.571957506260562,2.4333452038122934,0,0
5.852499999999992,0.005794999999999995,0.4781949875613995,2.32277,3.3148398236811585,2.025279177162049,0,0
7.411094835586397,0.009745746292070034,0.47827522249305715,2.27867347145296,2.449680810621518,2.533238605304337,0,0
7.7667,0.010059999999999958,0.47592358065978174,2.28825,2.4600494553501853,2.502154562988786,0,0
10.19338646776771,0.006256638252530866,0.4860546977776175,2.1359749866808735,2.3742225164143664,1.9516111810235846,0,0
9.245999999999995,0.002060000000000173,0.4806149255312266,2.1215,3.5210725708418407,2.055320532101724,0,0
70.58358373205746,0.023046210855949933,0.5046201405733473,3.0505493779904307,11.010135794440485,1.8209170412457367,-1,1
3.1739500712365043,0.009347678669350046,0.47581009948260067,2.33863976364123,2.1521058361726393,2.527848553131104,0,0
2.6444512381611105,0.010307951328960119,0.4721225282144026,2.34829385349972,2.1921509522530185,2.882042200938221,0,0
5.573952906946303,0.008332888432019958,0.47982294534200753,2.25081194971676,2.7862378118472657,2.463116708547191,0,0
14.3737,0.020850000000000035,0.4721254092263309,2.17198,2.319652781981122,1.8281353229297188,0,0
9.32503332482949,0.008994488143220014,0.4711902859824121,2.36012353020081,2.55461777313318,3.176012102930594,0,0
1.2865381509020892,0.009593544213220007,0.47136425561178563,2.249027678927,2.257314601156428,2.6575565797668963,0,0
1.218811436842799,0.009638576101680174,0.46969698403491567,2.48824898480847,2.4969440287157627,3.2366594110797333,0,0
8.364999999999995,0.018340000000000023,0.4942701767525079,2.23921,4.396008957894561,1.2436496829592771,0,0
6.032220333335204,0.009103533743719971,0.4747253594107807,2.32898345499751,2.0016575340981646,3.010042221840115,0,0
3.8190000000000026,0.008950000000000014,0.4847777326473456,2.2834,3.244505938062665,2.3688424986807517,0,0
1.6720320507172488,0.009381019753593955,0.4652144286145362,2.531545797184934,2.972878919012255,3.0877065907276733,0,0
1.8715054377897076,0.010164993279160095,0.47823337781168584,2.51966661534562,2.665492718311572,3.0500084697631418,0,0
6.268999999999991,0.007020000000000026,0.49577413442161444,2.31739,2.6224384877086178,1.5258070240170798,0,0
7.459757684584304,0.00897733913973009,0.4561013644945643,2.36409095182513,2.5302288503377692,2.8889175467967085,0,0
18.668000000000006,0.007710000000000106,0.4931190494763334,2.34752,2.520445489928933,1.552602296013926,0,0
16.7272876845868,0.007204661501259979,0.4531483464174307,2.47271196322092,2.8642447757714327,2.5721230233301022,0,0
7.494,0.015644999999999687,0.46581314133371265,2.308855,3.699995023254972,1.9120565412597212,0,0
20.565000000000012,0.007120000000000015,0.481791150562414,2.05606,3.3573506002321936,1.7705384237204809,0,0
6.5428,0.012829999999999897,0.4706727163133076,2.14491,2.099051949513417,2.5054980529006263,0,0
14.206790802523997,0.008834153913360066,0.4825835809475652,2.581905193023495,1.7546696490258828,2.0863211900267307,0,0
9.684244705821598,0.008333090396219989,0.47356072574338237,2.34068199988861,2.3882245769273034,2.0138707299056473,0,0
3.9575604630375096,0.007886050454960047,0.46930303712292376,2.25910169146474,2.364617385050982,1.8932112889403714,0,0
8.370800000000003,0.00878000000000001,0.45701178173556145,2.21006,2.144541483371865,3.847778449000865,0,0
6.422340525134004,0.00958341502691984,0.4687724354973676,2.40739753914448,2.4930968159091025,3.2296491890002574,0,0
3.212599999999995,0.10528000000000004,0.48688781392071023,2.31597,2.6806937048886588,1.5150227022974896,0,0
5.825499999999991,0.006929999999999881,0.49844230174181603,2.3585,2.22273823933862,1.5120686091653197,0,0
3.7233667453197086,0.006927896747529916,0.464440955225544,2.60871998019486,2.3427898868895056,3.458654197049934,0,0
2.5560411839640977,0.009175342758469984,0.4661123032646211,2.33720667824939,2.1821111349855857,3.1617208812620836,0,0
2.6328791136654104,0.009856176901759994,0.46317000382985457,2.45956041208222,2.5085805775135968,3.164799451301136,0,0
7.956517509727632,0.0035949416342413443,0.48391667543636757,2.1196617898832684,3.205654060578806,1.9045585101200124,0,0
9.362468962692901,0.009005576351429845,0.4689940328778437,2.23190777858866,2.322174701741693,2.530979266622155,0,0
3.651600000000002,0.009840000000000071,0.4796369409534107,2.29763,2.2763695021861348,2.5997463916756796,0,0
3.4244261951796915,0.008658031526600052,0.46350907679502323,2.38788867350371,2.0629589926337886,3.6890349605585753,0,0
8.964218836565095,0.019287128347183824,0.47419663880018253,2.266929538319483,3.1226961831941593,1.9550569832529225,0,0
7.387900000000002,0.021230000000000082,0.470065185139633,2.16487,2.325358746569963,1.5684409390943832,0,0
2.928333499005305,0.01089902787462016,0.47299215081453727,2.51663588212914,2.4879675788227495,3.0124098773651915,0,0
5.127405675084702,0.009288399067549857,0.46191638036789134,1.99900284494393,2.82992785219218,2.8584840268597116,0,0
5.848018819571806,0.009213947880100104,0.4949384930328104,2.2352310289934,2.4290267066472517,2.2097617972718173,0,0
3.925937047423801,0.009878373312740107,0.47593386458833287,2.35255080308666,2.542193565380184,2.016732391954551,0,0
5.0357127229871,0.011736308454429967,0.47147254814160033,2.41103048771322,2.7086760466750732,2.646759762019351,0,0
7.655731650776303,0.0270586847289902,0.47904607323858933,2.37099113782467,2.424817906281545,5.714825353425095,0,0
2.004960085551602,0.00898561343139992,0.4631280497543487,2.3786855014241,2.516652482542213,2.9404976620099488,0,0
10.107589397686993,0.009422493884120087,0.47458739073003764,2.41296881582857,2.2794655985117176,1.9975869428180206,0,0
3.3821063527201005,0.009564443256419697,0.4868808718279337,2.66210944834528,2.20712048107328,3.3224151190678466,0,0
6.952699999999993,0.006929999999999881,0.5091184836983996,2.19807,2.519080337260425,1.5049208313283382,0,0
14.925699999999992,0.016045000000000087,0.47068908759117145,2.20132,2.27987503415515,1.6348983527683725,0,0
6.822376684115596,0.008782614039349879,0.4758942661185501,2.35674652979122,2.393274004505418,2.1633784970029173,0,0
36.55600000000001,0.010390000000000121,0.4592423342713793,2.44829,3.0451462873020456,1.8562570814883812,0,0
8.314999999999998,0.017469999999999875,0.4443617597969973,1.98701,5.575102710349291,1.1097259044318726,0,0
4.831681650403098,0.006956284768439902,0.4753785558139989,2.17155447806179,2.7967371423404606,2.6206142347215873,0,0
4.28233280548811,0.008487068671160003,0.4795019167977202,2.23369787498783,2.3437847067437456,2.3904550573994583,0,0
4.80412803751301,0.008534203505349947,0.4591809724763046,2.45080926075729,2.6589715290737295,2.5882256102980286,0,0
3.8324623327961973,0.009062384522990019,0.4675321358728168,2.3056133452218,2.0769026628051286,2.4788804747442006,0,0
7.559734394369201,0.008442598982900007,0.45454413975932767,2.3126609725277,2.443938701304346,2.8275703147745483,0,0
4.310535368636494,0.03137508137531997,0.4780808443923916,2.46743461908084,2.772941428723772,2.8405953062448392,0,0
3.4904999999999973,0.007355,0.48279410554046265,2.35192,3.0695955918527993,1.7752089097565746,0,0
15.875500000000017,0.025805000000000078,0.46909795995059145,2.29881,3.793947691021962,1.9487086049514348,0,0
6.998998506544993,0.00944017492497995,0.47610122112342834,2.38725055410427,2.6151360378858977,2.561044009549502,0,0
62.53649999999999,0.05598499999999995,0.44534648909195595,2.443095,2.6953589264699853,2.5547540240986515,-1,1
3.597560446593704,0.008841906607250039,0.4658639076167512,2.30903966161029,2.280120496903717,3.1692606878485274,0,0
6.26045696245734,0.008750423208191194,0.4746011965314696,2.3605015870307167,2.266689293404448,2.730580571518268,0,0
8.890000000000015,0.006226086956521604,0.47527770295610755,2.63644,6.662353037487643,1.5653086772664098,0,0
8.066375706922798,0.010630126358770031,0.4484661415245049,2.27665744980127,2.0981733926818187,6.277844550019229,0,0
2.6606652831573,0.010750456017960097,0.4737367987518634,2.45257102129221,2.704978094650746,3.153718056100746,0,0
6.903494564050689,0.008475860502600074,0.4729122047372534,2.13148765879364,2.161260372768441,2.9281430745945682,0,0
6.487382354948821,0.008925409556314268,0.47337819173599166,2.3550235665529007,2.2857254670002662,2.852308179598092,0,0
3.2765176144774557,0.009178876936364988,0.47384554778109905,2.5753582830633848,2.585786987218198,2.573471847450023,0,0
14.109543540680292,0.009761428050109933,0.48282048085209345,2.17417245961347,2.1690983614703443,2.7207069523442335,0,0
2.901146915721597,0.009214061157839959,0.4794560485448569,2.72927797654193,2.637015529538114,2.7546755522811908,0,0
2.682299999999998,0.009730000000000016,0.49130947464414726,2.29144,2.0734916462733013,2.581392356196114,0,0
8.422600000000003,0.00633999999999979,0.4873310780382535,2.22191,2.4391052074856128,1.649807165513264,0,0
6.666503475805101,0.009219795660189822,0.47359362391368576,2.22061883312016,2.4622051204796374,2.409262162149907,0,0
8.295999999999992,0.007390000000000008,0.44216839612675357,2.31983,2.7850375724758942,1.807259001946367,0,0
3.3144999999999953,0.005489999999999995,0.48724375782134555,2.16432,2.1578938370800924,1.8443546886873061,0,0
2.6779999999999973,0.00710999999999995,0.48090257664983027,2.14455,3.632910248992337,1.6598090622492727,0,0
11.012,0.009549999999999947,0.48896200032900144,2.3493,2.125775508326979,2.7820154603647587,0,0
17.890000000000015,0.006769999999999943,0.4302341404294353,2.224835,3.252603928101971,2.053167757287329,0,0
3.326429790606909,0.010160063970870103,0.46759673500097165,2.53979395621109,2.9133392607969446,2.623271638497765,0,0
3.5121000000000038,0.008950000000000014,0.47260504713488777,2.2909,2.6755311767326697,1.9698649353452151,0,0
13.288000000000011,0.008489999999999887,0.49559708790611756,2.42701,2.4874432726626723,2.314789545894659,0,0
3.4644414155681034,0.007411196733070113,0.4577273668420871,2.10105839093084,2.789324316840861,2.4288934542286547,0,0
9.088256568887303,0.010341069904410194,0.4798902973348718,2.22724688610535,2.637330336335982,2.25907428650961,0,0
21.5475,0.02821000000000007,0.48150482377466425,2.29,4.168321136056081,1.351087600655349,0,0
11.903171427664205,0.012693155193360006,0.4834731924351349,2.43753832774328,3.1493238427869894,2.435115282204034,0,0
17.591899999999995,0.006560000000000121,0.49731509792739964,2.23519,2.0791449471890124,2.520313859515728,0,0
5.4410000000000025,0.02943999999999991,0.4867188980583361,2.40575,3.892936987662499,1.5595019889593922,0,0
4.369,0.006440000000000001,0.49340854679777646,2.32789,2.350671104293757,1.7845700425445157,0,0
5.330029059722904,0.008290714024959955,0.4654124608307077,2.59795708344153,2.715816101038899,2.6726142697052606,0,0
2.4490550861778075,0.008579459837219972,0.45289597713086127,2.44155658230229,2.4376753468817896,3.04208754600069,0,0
4.0387486868947065,0.007976225521529878,0.47182028771034445,2.2077007489483,2.4955294028944186,2.1019282456952393,0,0
9.162229437229428,0.027732929292929365,0.4902612199717397,2.1982930303030304,4.406632222968451,1.3951324268492677,0,0
4.62624318314991,0.0078050198857801956,0.4592197251659445,2.3450649085474,2.611662677735131,3.264368567760236,0,0
4.614615828677842,0.02548953445065183,0.48643758241834556,2.272407374301676,2.455011266014465,1.372881563092344,0,0
1.421999999999997,0.012539999999999996,0.4972748533030422,2.27871,2.6156903584761526,2.040942704483693,0,0
4.614370597193798,0.009983940312289885,0.49034440542237084,2.61330835522505,2.3514993256399173,3.097382275732193,0,0
8.292046889877199,0.01083774449985997,0.474113267312802,2.28020348446909,2.5429719061587504,2.343503466247173,0,0
4.563761126082099,0.009260864688630077,0.46322251742864645,2.1521863156006,2.5910380476058106,2.213431525908786,0,0
4.010935414621812,0.008998023349050088,0.4659789451873048,2.26137896011985,2.650883631476682,3.70961208229237,0,0
1.0988751390690936,0.00957586869896998,0.4684297525505775,2.49912603898254,2.5873651554912835,3.2991969620113433,0,0
3.10414999999999,0.006769999999999943,0.49726594684938047,2.16698,3.006557090683238,1.500740342774659,0,0
20.554000000000002,0.005600000000000049,0.49449280652610356,2.29395,3.150576896174908,2.0012131195429905,0,0
21.004049999999992,0.007384999999999975,0.4866944987395508,2.316625,2.556535860359354,1.4603082089233006,0,0
5.656910456651403,0.008938079877589988,0.4612825673528937,2.20913631584187,2.637150399395297,2.1117183925109977,0,0
7.9416132166876,0.010094273701590106,0.4556940756297083,2.32880367498954,2.681393772470259,2.737551263801738,0,0
11.577100000000002,0.19789000000000012,0.4802771208802594,2.20794,2.7517587980170988,1.4470995131133069,-1,1
3.8729731713947047,0.010464505898929888,0.46474056061139996,2.49972805227392,2.5210810754408572,3.412290073663079,0,0
8.507000000000005,0.009989999999999721,0.4885594114537519,2.26326,3.1261851103911713,1.910696341654891,0,0
6.069800000000001,0.009279999999999955,0.478492845689148,2.14701,2.174983604501602,2.158008681755514,0,0
12.795392605078206,0.009058410454640065,0.48242591595306333,2.07222599597267,2.325610070991517,2.6287582678278194,0,0
6.155000000000001,0.006299999999999972,0.4772138299791697,2.26128,3.4828358390421936,1.938178561941405,0,0
10.783419179541823,0.005869882791688985,0.4844563754329343,2.0939605700586044,2.6785704336840306,1.8999210766078012,0,0
4.906206104615691,0.00854056674888004,0.4541394493677875,2.31907126672107,2.9756315426795843,2.7741987071738854,0,0
4.986999999999995,0.013390000000000013,0.4916891272241605,2.0785,4.745091469967256,1.2130837036497413,0,0
8.905000000000001,0.024020000000000152,0.4826024441425031,2.22636,4.874002488766398,1.3559258558271956,0,0
33.110000000000014,0.008890000000000065,0.47009130586124714,2.22681,1.7707058225324894,2.1970883767413882,0,0
7.525000000000006,0.007169999999999899,0.4483488207604693,2.20965,4.322250908069011,2.078538947391406,0,0
2.1119999999999948,0.011910000000000087,0.47825105271080265,2.38574,2.586722654725851,2.257118892849654,0,0
12.1502562823608,0.00920500663638979,0.475081583282658,2.38773387210829,2.4340999698600734,2.2298846098084115,0,0
5.266913397184695,0.010083423457139862,0.48264137338697266,2.30220163900854,2.372771359051121,2.467316196761144,0,0
6.311700000000002,0.007749999999999924,0.48891441999159707,2.27103,2.055656693079927,2.6642636913243334,0,0
5.954046251208908,0.00945563613187983,0.4391586672642903,2.13893164127579,1.8735918996317849,2.8062763218357416,0,0
4.4831946421005,0.009851203912849993,0.4925899787263072,2.41962674013599,1.6638905602972804,2.621395659603266,0,0
8.749200000000002,0.007369999999999877,0.4816472932309338,2.31309,2.035357207915015,2.5620980257491186,0,0
6.575086737826197,0.016626749282269815,0.4720941401632116,2.51920193327172,2.5650430022568775,2.9579811124426176,0,0
1.704669947944808,0.008741440866950168,0.4714823206524612,2.28534332325802,2.847987682349606,2.5132935343697245,0,0
6.37184348122868,0.009234211604095544,0.4756327984959849,2.3651282935153586,2.2507077491828547,2.636131268432973,0,0
4.326549955010094,0.00971826861341496,0.47644694083660455,2.179734680077805,2.7556688145624615,2.1564032421959434,0,0
6.155499999999989,0.01964499999999969,0.46089598626663825,2.46113,2.512416669728567,2.3841458885992157,0,0
10.274699999999996,0.006639999999999979,0.4841033283656234,2.26192,2.3041576675691116,1.928602158948686,0,0
3.6007000000000033,0.007889999999999953,0.4545118694518625,2.41442,1.6709866654579417,4.784905854218153,0,0
9.539223087235904,0.009179143346419893,0.45993637115432756,2.57603937079302,2.769530411310159,2.831211706559648,0,0
1.8331835896974837,0.009508615981592694,0.4624059333170577,2.5174201010026276,2.997794410384772,2.9589515882648003,0,0
5.825140548394003,0.009347756463519818,0.4577816322524153,2.23845965516527,2.544999888075502,3.01358546958565,0,0
12.4469,0.006549999999999834,0.4818005797011112,2.18406,2.744008743204724,1.4967284491881594,0,0
3.453063989823235,0.02537274466659012,0.4789727566087034,2.4324046859999715,2.7253259365132325,2.535760900157029,0,0
6.472999999999999,0.007824999999999971,0.495387344602092,2.154455,3.540396749328723,1.7135934694942159,0,0
8.308899999999994,0.009059999999999846,0.4805685057260444,2.34074,2.205322015566578,2.3659556839511966,0,0
9.426999999999992,0.0041400000000000325,0.48401289228323385,2.15596,3.369065396732895,1.8533951007940326,0,0
12.864438256681098,0.009234451823360024,0.48842070129661785,2.90692616151803,3.3658979588729734,2.440604339994224,0,0
6.716914150782799,0.00875832485950001,0.4655467926786731,2.35022638855659,2.5061657482842397,2.7660919182023957,0,0
3.869099999999989,0.007849999999999913,0.4717053685639621,2.2803,2.5937351897058956,2.062320887843056,0,0
2.4240998866115007,0.009525313124939983,0.4816115888606539,2.33859547685804,2.999064457761119,2.1686468347083427,0,0
5.285638068641404,0.008714055139160015,0.4562719939297284,2.33934079745542,2.4658100574883157,3.3146363675615023,0,0
17.36800000000001,0.007129999999999859,0.4862274207262698,2.21957,2.485198000768935,1.475991828418943,0,0
11.363,0.017879999999999896,0.4450608185335403,2.05333,6.255834919362917,1.0285856766636856,0,0
3.100934573949502,0.011387013539119861,0.49577352670718816,2.44116562993073,2.4412109492325906,2.1972947293029055,0,0
27.319416737121003,0.009292035435549906,0.4682356972212949,2.50004173275384,2.450695305762465,2.179575984939334,0,0
5.806820242635908,0.01026485986754011,0.4828684255850493,2.49088765240378,2.440974958946289,2.138531182663897,0,0
3.8481836629339057,0.009145556626129814,0.4806012777916879,2.19166173201137,2.499680389253366,2.503831727663629,0,0
7.724999999999994,0.021949999999999914,0.46192124712385,2.33569,2.4484113373959486,2.8714527090101196,0,0
6.570999999999998,0.018280000000000074,0.5027157208563041,2.3841,3.1657973892953724,1.3776457419384016,0,0
6.446767711115697,0.00862567461044006,0.48742977060399645,2.36225701872792,2.3765416263793004,2.219734977801237,0,0
2.7005315111632058,0.012891260325289977,0.4750272272101446,2.40144572037857,2.5847143538274517,2.7204997881609096,0,0
15.316999999999993,0.0043000000000001926,0.48113592250762177,2.22832,3.8610423915079,1.5881940884347616,0,0
4.054491932156708,0.008223859828970115,0.48408622293586184,2.11739587630593,2.527545834153859,2.7705938420310736,0,0
12.370927739197299,0.008840922367360005,0.4760749193072378,2.34935101016892,2.4958980805698516,2.0111085249695893,0,0
3.3040961017107975,0.033234161402670104,0.48184856859795466,2.56332460196481,3.080095671081984,2.7571702446911734,0,0
9.457695685874,0.009950409783120007,0.4804287043457914,2.04312422403544,2.1743849845411054,2.3567782595856244,0,0
9.215000000000003,0.014580000000000037,0.4695614439744482,2.19109,4.250768849140196,1.6827168639278998,0,0
1.291000000000011,0.02216000000000018,0.48479442025355474,2.14957,2.872305700209902,1.2908831137664396,0,0
1.630873149245005,0.010927196465339906,0.47452144103056515,2.2570240136027,2.224756564417778,2.935893603222697,0,0
4.832059637274412,0.008891418027239917,0.4796957644339552,2.26748716499802,2.693755363815707,2.1469459152580117,0,0
5.799876724632298,0.007883681067619941,0.4666967078140449,2.32037141917295,2.439216035780875,2.895825676882404,0,0
6.153943052324195,0.011338714725749988,0.4841814593334332,2.19571178789689,2.6290169790893287,2.3360881013481953,0,0
4.618501024419601,0.008700766190169906,0.4716453661135955,2.35979878984072,2.1381634541256402,3.0599627106729694,0,0
4.172399999999996,0.05302999999999991,0.49571540410565323,2.2813,2.2887219923596724,1.7783084571140382,0,0
5.872235341867295,0.014681869411480086,0.45615375427915333,2.34040443758191,2.4218649497653346,2.7969909207146033,0,0
12.254000000000005,0.004410000000000025,0.4946382673494192,2.34257,2.5425780023357483,1.6946253146543733,0,0
18.242999999999995,0.007719999999999949,0.4869502274515035,2.36993,2.3143774333694016,1.7879967501914231,0,0
6.085148029275132,0.009377552485229979,0.4793459164509372,2.317331799563955,2.240281980621991,2.3019159935228704,0,0
11.330000000000013,0.011319999999999997,0.47898816484354917,2.30059,5.576162908697291,1.1978074135815333,0,0
4.687947273467941,0.010031924316215024,0.4755883571844281,2.198807915406545,2.38297027675578,2.249583500755648,0,0
2.5786916135386093,0.010361460170270176,0.4862285193124599,2.34705297520745,4.045776669288455,1.618542459471691,0,0
10.279799999999994,0.007240000000000135,0.4888705322740704,2.1428,2.08970699578551,2.001401344351878,0,0
8.328999999999994,0.020910000000000206,0.44930426408723895,2.03244,4.291768878380376,1.3978228088657536,0,0
6.85744409967262,0.009740830030879888,0.4778162817598412,2.29044419365995,2.3831644941441334,2.3401613829399985,0,0
66.42032758620691,0.025710668058455344,0.4500344449856969,2.16438775862069,1.862762687081289,8.356707535954072,-1,1
5.420796560428599,0.00785198656938002,0.47493644423205456,2.15005558386905,2.6999107360676664,2.531013326025882,0,0
3.9455499999999972,0.005840000000000067,0.4820925467841508,2.334435,2.2610574301176007,2.731525238142731,0,0
12.653958424223404,0.007557991753219806,0.48926293040185614,2.48551086637379,2.1412679832568267,2.4186906821980587,0,0
6.2864,0.008119999999999905,0.4710857183232386,2.23972,2.174718676046815,2.3203352919423104,0,0
7.965000000000003,0.03224499999999986,0.4839778024596457,2.18468,3.9699766293601533,1.5532616764985272,0,0
10.015299999999996,0.005090000000000039,0.485749235938708,2.18886,2.404913220355083,1.6846885107666365,0,0
12.28563312011741,0.010046291218640091,0.45483646840479164,2.3487876657513,2.9621230816543656,2.084867502744869,0,0
1.6347298571087947,0.010359998851920071,0.476705816603904,2.67440491093506,1.9045172628118805,3.6306754334494036,0,0
4.030878103679498,0.005574965162699952,0.4703367929192314,2.22363189775891,2.56525325308981,2.6464382439983853,0,0
18.445999999999998,0.011579999999999924,0.45812230459628717,2.38577,3.5298763871884997,2.3302286157124867,0,0
15.361999999999995,0.006049999999999889,0.480938308250447,2.35879,3.3183888414460574,1.6168121827411168,0,0
9.874611627597218,0.006855644645711312,0.4885065521461064,2.201046864677677,2.001356775257784,2.0189041512737558,0,0
8.304819472997806,0.009907350680840032,0.47610347820561955,2.21685760716925,2.4877573291778106,2.3095798043259146,0,0
6.436099931392199,0.009307149912300083,0.4780121604113606,2.31690511455475,2.730300734411672,2.378882374806599,0,0
1.8870149606299123,0.007428267716535597,0.48792152927505367,2.2880855118110235,2.036144245483688,2.532352601275703,0,0
8.759337841104198,0.007216536809500074,0.4610249816117648,2.14646664187402,2.185487650136039,2.711520259330216,0,0
123.303,0.07031969696969709,0.5622679294088198,2.53405,0.2464626150201113,27.80550395465078,-1,1
5.4547000000000025,0.006449999999999845,0.4792911731941533,2.15581,2.735299388753522,2.6674295129989014,0,0
6.879599999999996,0.007159999999999833,0.48554921071801305,2.2312,2.9575568220252992,1.3175212365965743,0,0
2.998737704918028,0.006298688524590368,0.48517937658341787,2.286277213114754,2.947219201416993,1.9810247212088208,0,0
6.070589984944299,0.007916214992069959,0.4554995246134587,2.3339308469103,2.675420302882697,3.2517945974095226,0,0
3.0326943637830936,0.008818193833370014,0.4843959980629695,2.61123161901248,3.4006307233202118,2.584911608274995,0,0
11.707300000000004,0.06994999999999996,0.47996349889193063,2.14949,2.6074799706667817,1.6480757982633873,0,0
6.0157588987678,0.008282251266880092,0.46090187151897827,2.22456793069282,2.4148559079848506,3.0931443079936196,0,0
13.6123939614765,0.008709108261469867,0.4970306642664212,2.27474259155745,2.0736520887563943,2.4124221031301607,0,0
6.623799999999996,0.006080000000000085,0.4951978168672991,2.19491,2.760334473192841,1.7052420103658432,0,0
3.0646041798255936,0.008974966681779994,0.4849760143047554,2.34558112503107,2.1648521079506735,2.321520580682783,0,0
3.7249811210319024,0.008781859886789922,0.4736849572750724,2.27092026459066,2.6401650535001346,2.584315000487193,0,0
4.39727852197035,0.009193989851639994,0.48581088076509527,2.314349137710505,3.102217136559953,2.0317864990381334,0,0
2.340852545952103,0.007864566579820043,0.4550194064039856,2.28056355417195,2.2250944803218102,3.28521098706362,0,0
9.344149999999999,0.005074999999999941,0.474833164764011,2.298355,2.6022157999566855,2.09282358688767,0,0
21.23400000000001,0.007120000000000015,0.4449717615565421,2.54248,4.016247210235695,1.027294846808459,0,0
22.854000000000013,0.009360000000000035,0.4752119047671183,2.29017,1.9300193893040893,2.047645972908211,0,0
2.781273150266202,0.012934018365819977,0.4723031096417007,2.45806080615442,3.34550066575359,2.8784098013809323,0,0
1.5174123830815063,0.009683060289269907,0.49495336443491983,2.20384479900723,2.4001619462523087,2.2123898039648853,0,0
64.17599999999999,0.050065000000000026,0.33790364377453763,4.892345487714072,3.6648569771575024,3.1808552420170666,-1,1
5.468999999999994,0.013719999999999954,0.49807106045431565,2.17855,3.2544284341127847,1.7526288617775727,0,0
6.3300000000000125,0.01036999999999999,0.4484029959222396,2.47113,3.765810476708191,1.1699521546379132,0,0
4.3749569142802045,0.009799985869999972,0.4576363947113158,2.32124319032549,2.4959231332122895,2.668355120243784,0,0
6.317508278773104,0.033122791138429974,0.48592853101494776,2.64774188348376,3.055293111105142,2.8517742368594288,0,0
4.102400000000003,0.00731499999999996,0.5011436042273515,2.15897,2.639884855143518,1.6299845628989653,0,0
3.7889726707021083,0.009553100832339956,0.47353533733476183,2.1153492861238,2.472460400624259,2.5034788838736075,0,0
1.9762000000000057,0.008529999999999927,0.4746954331466539,2.22842,2.2991237858854965,2.39268438697318,0,0
10.031199999999998,0.005929999999999991,0.4860315697032928,2.21129,2.4300022721775525,1.6057694854012128,0,0
5.039099999999991,0.006269999999999998,0.49897683430818557,2.2116,3.181502298991241,1.5346269677843436,0,0
3.8248185247452966,0.006754239031850018,0.4496105904330873,2.52875587429343,2.4857637983821275,3.2033272014926966,0,0
12.665384455145713,0.009558456009109983,0.47639367888558837,2.27074128405534,2.5410536300339612,3.229586460177229,0,0
13.484890410958897,0.005075205479452061,0.4754796351726111,2.3431252054794522,3.147946176075227,2.227355896862133,0,0
6.387500000000003,0.06672000000000011,0.4915481386093614,2.2605,2.5424993842011,1.5527689347861722,0,0
7.524440102462705,0.008833967384469954,0.4710676727853259,2.11060112070069,2.1321081982500556,2.7795551119586133,0,0
7.9599608545801885,0.008374711345459973,0.488545759299215,2.13460752839008,2.1408838335427163,2.311227576867619,0,0
8.827928323428203,0.011510101310881371,0.444362741294125,1.7369090663223976,3.4443384789972615,0.09716335280164047,0,0
7.635591981090997,0.01108785272469004,0.4864929468878961,2.4611094258103,2.2387083065769797,2.4394962380748173,0,0
1.2632932707650468,0.008345738545104897,0.46138629467793657,2.7732243747618748,2.211589427945825,3.833716055640425,0,0
6.169049999999999,0.006704999999999961,0.49873248781750873,2.24392,3.2737539708620877,1.5569571030944716,0,0
6.007000000000005,0.08472000000000013,0.4678481542763064,2.02003,3.1859175925278924,1.9262227047786546,0,0
7.068326786824699,0.01372766888164989,0.4541643977424339,2.3602116865738,2.7941727061766115,2.4107343741459593,0,0
24.622465888953002,0.00824533717831999,0.4437920717707349,2.29740799756387,2.7415473959059735,3.5495491389505975,0,0
4.767857838485128,0.009136452182547439,0.4720885886561183,2.429543198009325,2.7920763301126343,2.694369881170396,0,0
12.463999999999999,0.01208000000000009,0.4467860144233588,2.09709,5.302725958813844,1.379068433855289,0,0
10.653966563997997,0.010868704626029846,0.47665754203131466,2.3168040678377,1.5767040980300624,2.668129867791159,0,0
17.573000000000008,0.005709999999999882,0.49218533995844826,2.21763,3.0399441149829953,1.4356904504858181,0,0
4.763088762701258,0.009523585470119889,0.47925528286675295,2.240577566769045,2.5818133028191843,2.279331918840168,0,0
15.128430086557998,0.009791174757550092,0.4392086458681388,2.61399478478775,2.7637595516677753,2.4697083541103337,0,0
3.5674999999999955,0.05845000000000011,0.482027667453328,2.10179,2.8623769227598808,1.4349110400039842,0,0
7.754899999999999,0.07839499999999999,0.4692198731754486,1.98376,3.817585098425064,1.8869678449804037,0,0
2.1991000000000014,0.00821000000000005,0.4760850138685256,2.30229,2.297201744057753,2.4326301436419064,0,0
6.572888004785298,0.007466768321910067,0.45576469678783904,2.40423939166679,2.6057360500707634,2.7288439083234817,0,0
4.122,0.007340000000000124,0.4914905506318924,2.08568,5.073382298741643,1.2645192431726164,0,0
5.373975342688993,0.009099286659440153,0.45253779345539746,2.34194847019396,2.8123138916855988,2.670518070146312,0,0
14.476857390033892,0.00866872218248993,0.4625670958391357,2.49012159335691,3.1195457266845525,2.315668439121117,0,0
10.96749019669629,0.01087531370685002,0.47428180172660955,2.30594390193301,2.0762622574135876,2.7400890533081057,0,0
5.084299999999999,0.050730000000000164,0.49266492733434947,2.27602,2.301637831136982,1.8800491456509898,0,0
19.99669520500501,0.008811845845920097,0.47298528682305013,2.90866384901661,1.2550264168658112,3.127571315906707,0,0
8.864543031029001,0.009592254683670198,0.4780320868542875,2.37055145607957,2.537263368374956,2.4500189749004644,0,0
7.246399999999994,0.0047600000000000975,0.47845043297756534,2.31734,2.693513610555502,1.9655155206889054,0,0
1.8413178454958086,0.007585607630710145,0.4597377511581797,2.08940520716486,2.8200108814864033,2.6030329042651377,0,0
14.835999999999984,0.005629999999999802,0.48915637686225183,2.14846,3.321909744321427,1.455815121658176,0,0
4.861900000000006,0.010049999999999892,0.4848546629062888,2.39148,2.1197812501375624,2.5646478406815887,0,0
4.824488756010496,0.02171519402237987,0.4743280703394525,2.33844099988515,2.129369727005945,3.1404297025989525,0,0
11.021693658792998,0.010854735700490004,0.48978258125777074,2.3806227498921,1.9824694740983915,2.5535322356531336,0,0
18.735500000000002,0.05078499999999986,0.4562460736638824,2.51976,3.029361068048447,2.3263831565426285,0,0
7.513000000000005,0.03391999999999995,0.49950867927323755,2.48791,2.7963629534031402,2.0388510843102607,0,0
11.99199999999999,0.033339999999999925,0.4467918043518923,2.0391,5.612334095776453,1.2280483604760906,0,0
6.447399999999988,0.005680000000000129,0.47173805780903966,2.17334,2.380741372896562,1.7170715211632757,0,0
8.427599999999998,0.005730000000000013,0.478862136495791,2.35037,3.2539751660984897,1.6133364111725566,0,0
10.357,0.008499999999999952,0.49769151697823927,2.38848,2.002503128911139,2.3713390152609732,0,0
1.4612242314647261,0.007267956600361725,0.49709789337298366,2.2798852622061485,3.252969658131824,2.088048762975733,0,0
16.502999999999986,0.008319999999999883,0.4781828869428912,2.45427,1.6195903269016025,2.388003311062496,0,0
4.2176593858586955,0.01186776704288972,0.47913884913033383,2.50714824516645,3.5958165942547065,2.8677756040543354,0,0
3.492999999999995,0.006750000000000034,0.45596279611785584,2.439,1.3985693559741084,4.57251646205631,0,0
6.393047275437198,0.009195374197120021,0.49171954318184324,2.2229461522718,1.887146461493389,2.5160225965997567,0,0
4.873386093800804,0.021176501783839896,0.4583904539137764,2.36428858934257,3.1459651173514342,2.556124285415186,0,0
5.1899008677511915,0.00988132677136,0.47266170239905364,2.21787715581269,2.2763533251451116,2.7501313361747632,0,0
4.638784231500594,0.014763490749440056,0.480181592419448,2.46912056747827,2.7442653759536086,2.968239747571679,0,0
14.525533632664207,0.009715946143360021,0.47856333749960267,2.22340162531747,2.2804101495416997,1.9805706088986097,0,0
1.2096631826751008,0.009522107942280034,0.48209910387115384,2.64561895076223,3.3657582344071906,2.95290463639121,0,0
4.9902000000000015,0.006569999999999965,0.46912995961035875,2.29048,2.2247057353334316,2.5094535855348035,0,0
10.88300000000001,0.007229999999999848,0.5033705323523587,2.50887,3.2876661294054443,1.5829474206965048,0,0
9.881522380747299,0.010897483858689938,0.48851119543963717,2.3276856710759,2.4428061431497103,1.944305971413546,0,0
5.326999999999998,0.006679999999999797,0.4908103568062579,2.28899,2.1510818285342443,1.746192720362022,0,0
5.409873010026999,0.007960890424139944,0.47467693134024913,2.6483987604784,2.067529204425127,2.8891642100592465,0,0
9.355169394748302,0.008182228065620079,0.4714605689601242,2.40801054070989,2.5452571949782863,2.515917808627392,0,0
4.917564813634911,0.00852834780888001,0.47284713643023485,2.22582363008257,2.5517697539565765,2.615499070824793,0,0
2.041039484061969,0.009252550774378143,0.4681494102521821,2.5457681123561753,2.9485170937675735,3.2249163732664745,0,0
6.850199999999994,0.005850000000000133,0.4680734758297438,2.02271,3.83923641656826,1.9834576931944414,0,0
27.04650000000001,0.09157499999999974,0.4724219107958226,2.445785,1.8926128996162632,3.0553259608287933,0,0
7.721899999999991,0.1849400000000001,0.4801781136317133,2.56158,2.9288311802571965,1.3048748403514898,-1,1
6.747299999999996,0.007419999999999982,0.4846804472345346,2.13943,2.6839522332797108,1.4747959803467583,0,0
9.084500000000006,0.006624999999999881,0.430625975283302,2.279525,3.368573466628339,2.0648333989170986,0,0
13.025853487674993,0.013498639968109849,0.47319364304702266,2.604150417812,3.2276753897264716,2.3458234730942715,0,0
27.05600000000001,0.005209999999999937,0.48052666709052544,2.03051,3.5069478761044457,1.9606539905534697,0,0
7.841754847091906,0.00828985703187013,0.4759931573649474,2.3073825189953,2.703227797784739,2.1066219979353935,0,0
6.238861690387495,0.008806689729410122,0.49192062922839586,2.31284297461482,2.4016200434596544,2.0094884046098023,0,0
4.988699999999994,0.010070000000000023,0.4722728451056713,2.23437,2.2079118604200283,2.686442976131546,0,0
2.687559518391893,0.011105622040199936,0.4584356529372923,2.3067838412052,2.793423091256525,2.6994107516562997,0,0
12.969750000000005,0.006604999999999972,0.48534281712108274,2.2471,2.2198438574572945,1.7901530190675576,0,0
3.3766000000000105,0.008950000000000014,0.477560104441879,2.28604,2.1726054509103694,2.71990413128454,0,0
3.069999999999993,0.006529999999999925,0.4739167488580977,2.18193,3.0763062713459672,1.6554851212448178,0,0
4.7547,0.006799999999999917,0.4909279036251432,2.19949,2.4122938103980758,1.9973563022343512,0,0
13.402525809734982,0.00905683061568019,0.4604155939309567,2.2823055509273,1.947753012156434,2.85894633889545,0,0
3.9832928326602968,0.008262780480950083,0.46594209925458807,2.16782152162234,2.374647148242106,2.232460809710693,0,0
12.974699999999999,0.007789999999999964,0.49198471745731714,2.22615,2.303489574223803,1.813025104549964,0,0
2.299666281708099,0.008569307618589983,0.48540491706296907,2.28539324747323,2.4622081846515234,2.273543889917657,0,0
1.3100000000000023,0.009559999999999791,0.49062888772973823,2.20334,3.299484712546071,1.6707806702495516,0,0
5.502600000000001,0.008099999999999996,0.4722121783282686,2.15547,2.4482091818927865,1.6182670790197557,0,0
28.396047833542,0.008932723775610052,0.4677303605938438,2.55594750375385,2.2928748480869863,1.8862320606509648,0,0
6.203625085324234,0.008576160409556444,0.474074377251919,2.3581409385665526,2.2748773472884807,2.78164223369403,0,0
3.6001099965283885,0.009751938196689958,0.47153340620968265,2.71061727740388,3.734210255262148,2.5600584066638383,0,0
6.536772138050594,0.00834909909488002,0.4810725220530578,2.20239035033826,2.5915610555608004,2.2242675544173776,0,0
8.781526315789478,0.019207017543859894,0.4736882321771974,2.276129649122807,3.0901078639150636,1.9846492103360696,0,0
6.491700000000009,0.0067749999999999755,0.4943191178780646,2.18464,2.043525091521506,2.00957504332304,0,0
5.074352062490206,0.009174449872840107,0.4625022228731976,2.19801919713929,2.604373891019391,2.068611908280144,0,0
14.283000000000001,0.007480000000000153,0.4823485792009439,2.33387,2.4391353612830122,1.5890141547325558,0,0
7.54849999999999,0.006305000000000005,0.4728439787298747,2.29814,2.8156477163060187,2.514146276209301,0,0
1.329759574949506,0.009959259012690014,0.4869483671392267,2.2771397370539,2.668783133519684,2.482225194308984,0,0
49.577999999999975,0.008979999999999988,0.46516414613018836,2.44878,3.4356600325067514,1.377712655963196,0,0
3.7331529128486025,0.007092558577419972,0.4427858012898934,2.56497739060563,2.5724585590059834,3.5914595517790033,0,0
12.919429448647392,0.009490149745100096,0.4755589574709087,2.14139790162927,1.936700627425049,2.9136237354297214,0,0
12.799104494681302,0.008944653232159983,0.4533758705303168,2.19032244793293,2.4239715439227294,2.3156800105304605,0,0
3.0729741757672997,0.012262114968399906,0.48324691581739354,2.5285349632857,2.7827029769385274,2.8310063373153755,0,0
4.974350000000001,0.017144999999999966,0.4709325036227143,2.134755,2.2693617098043664,2.510249631246172,0,0
6.2618201993171,0.009078647630359926,0.4779551865542111,2.23601156775446,2.4442830649813487,2.35747034142757,0,0
3.070849999999993,0.039570000000000105,0.4611132687442924,2.24286,2.8286043494366355,2.8901077027361444,0,0
1.6290000000000049,0.006820000000000048,0.4918359812189874,2.20098,2.619590511304022,1.4688372626956907,0,0
3.952477877054889,0.00860637636650985,0.46597295120974497,2.69676059850003,2.264819775328115,3.226003234253296,0,0
6.601444969831292,0.008327582001399936,0.4665042037170556,2.5047607795846,2.125277373485188,3.2432002401049354,0,0
2.8585772430083978,0.008587674266099965,0.4739994446612631,2.17720504496158,2.4857723081915664,2.521364699025193,0,0
2.385000000000005,0.008960000000000079,0.48450076783711277,1.9824,3.4359782154995924,2.0433819105809725,0,0
19.953000000000003,0.007070000000000132,0.467401826578965,2.3015,3.1552300840366745,1.9941047109855745,0,0
6.825064351589901,0.008728154636240104,0.47017063740235304,2.25385880805564,2.320077475719868,2.8710608521081733,0,0
8.411004848936699,0.006759957094660152,0.46363950104972934,2.10382081086932,2.0570177435847192,2.8336243938360894,0,0
9.306881065276698,0.009253079184599944,0.4796272992651203,2.10844267721096,2.170623261712953,2.4195381089917523,0,0
4.07820000000001,0.01334000000000013,0.475220915482359,2.23023,2.314731841142222,2.4572741922917634,0,0
4.2315078494684,0.010019637473379861,0.4707672597166258,2.18821666798155,2.3644689462436137,2.6185084908185816,0,0
5.306691271034104,0.007002469868420125,0.46606624845478745,2.36102020813582,2.7364496922193893,2.9271641123378007,0,0
4.263674271232503,0.008563663248190023,0.46224167617148143,2.27927387241845,2.4088949101175294,3.047303894652845,0,0
8.0913467206246,0.00944513449955009,0.4571106928766428,2.34441325408143,2.3233602978138017,3.133702274370317,0,0
2.945314516129031,0.005848145161290397,0.4827411630893883,2.133300322580645,3.008262663533536,1.5182335688360955,0,0
11.927000000000007,0.007789999999999964,0.45501193854144467,2.13261,6.271637715526207,1.259651847476037,0,0
5.428799999999995,0.009039999999999937,0.48667348671508776,2.10105,2.2939663845444884,2.4906384432743107,0,0
8.081999999999994,0.006809999999999983,0.49272368352303514,2.16336,4.477186838841468,1.1962570167844278,0,0
2.711517691057381,0.05576118778555239,0.4814940383967942,2.672733462550681,2.4241034330329585,2.987823704135444,0,0
14.433179677077305,0.008145588323720032,0.4545796813140628,2.27235091903158,2.7045847495175677,2.4196053711313183,0,0
13.526315068493162,0.005207534246575385,0.474760421935988,2.3928175342465754,2.9225243759814292,2.420712204367403,0,0
6.4752361324677,0.02654164274838,0.47134198274021033,2.41086671565243,3.002671309561848,2.123970396355232,0,0
5.169110067361203,0.009975774110539959,0.48114406220381056,2.23406587497714,2.2264953821959996,2.465951442944296,0,0
12.278499999999994,0.005980000000000096,0.4369093711715659,2.352585,4.294466304102654,1.6581510209424626,0,0
21.206999999999994,0.024480000000000057,0.4844803672063412,2.44704,4.224288378619276,1.1296635792371306,0,0
5.675117207040913,0.009736686621290014,0.4819536953564636,2.18655029112382,2.4385158591418206,2.414365737765611,0,0
6.511799999999994,0.006049999999999889,0.49731562910958055,2.12375,2.943203149302241,1.6325483493622297,0,0
11.653000000000006,0.006310000000000038,0.4871728479886153,2.31994,2.5545853920397903,1.4675630918630387,0,0
2.8555999999999955,0.009240000000000137,0.47055414920073024,2.31007,1.8541759641236082,3.46338314224993,0,0
4.368000000000009,0.0045599999999998975,0.4925776456748616,2.13134,4.606578039192149,1.2664563697172393,0,0
10.78200000000001,0.03735500000000025,0.46870456547001776,2.365575,3.725856360070051,1.9629927227635688,0,0
8.234684376710291,0.01118245865553158,0.47384473014792683,2.3185975134960786,2.6436342400123225,2.158223153348786,0,0
4.898530287908102,0.008812611678340021,0.4710090395298821,2.27169824284458,2.477633588467653,2.4711907023149697,0,0
3.643177689159188,0.007131530129069974,0.4572282088671662,2.667060169211,2.391899962654538,2.260511424595006,0,0
13.136199999999995,0.006809999999999983,0.4763599953299786,2.0309,3.975467296043479,1.9180086175569746,0,0
1.272900000000007,0.007344999999999935,0.4767593898968113,2.33013,2.3268456898291054,2.6667725829377362,0,0
8.286328691222394,0.009546383586880092,0.46383896770257177,1.98382828305743,2.709680989535868,2.3813002459249275,0,0
11.063000000000002,0.004009999999999847,0.4924555271653246,2.26982,2.4344395045490956,1.867642687519803,0,0
19.038833645868692,0.009721104964240057,0.45122530084641715,2.45581467053948,2.450635668902228,2.964166689052705,0,0
7.6338864613289985,0.00933939526817995,0.46277689907595587,2.09288043784022,2.0342478135557953,2.5488197469944494,0,0
4.843199999999996,0.020645000000000024,0.4689141590650557,2.13582,2.231576298353086,2.661223554159194,0,0
4.491599999999991,0.007160000000000055,0.47134370483333143,2.12519,2.325111553881035,1.6098511005288159,0,0
12.572600000000008,0.007959999999999967,0.4817751606159689,2.18313,2.1679066259215323,1.9383238155045757,0,0
3.2961583857726,0.008996143031000159,0.4830996078279712,2.32499270815463,2.7419866238463086,1.8981169070732655,0,0
5.944699999999997,0.021579999999999933,0.48647183986400533,2.0616,2.2275329073528667,1.9844977938615862,0,0
8.355533903821396,0.01038510806434001,0.4723757587294003,2.29691668213122,2.105927138634949,2.731816464946856,0,0
8.230975901538201,0.009044449468589955,0.4482262100120587,2.78827675249418,2.182056829792138,3.0360173362335883,0,0
3.986533333333327,0.005696666666666683,0.48331254747207025,2.1571166666666666,2.968572502266234,1.4872556810000483,0,0
6.650599999999997,0.007059999999999844,0.4913232694138447,2.21272,2.5130621001016564,1.6081788922313143,0,0
6.233873856655293,0.008856757679181149,0.47351508496642947,2.3556363481228666,2.2835898690957053,2.83811421262099,0,0
5.1133489204666915,0.007063569450519891,0.47029478845703643,2.19788043516336,2.5964924248008643,2.1689128161527815,0,0
9.176805522371197,0.009750611653289942,0.4681098745111428,2.40872868584558,2.8617897929708107,2.71487118375217,0,0
4.73437141154119,0.005916262011650186,0.46559033340366973,2.51328501267631,2.555985603033542,2.875760304676395,0,0
9.85479302442809,0.008979921213329911,0.46965737020588927,2.26593363259919,2.0968245231437606,2.5280125281843553,0,0
6.389213159257594,0.009486589713189941,0.49603635780025723,2.15814673246308,2.124587916429183,2.4815038017985023,0,0
9.765792974610903,0.00894443556471991,0.4945364583366111,2.30002043926671,2.4976823007758777,2.223639866444926,0,0
7.118454149226494,0.008950543457400206,0.45965655308801656,2.09986142738977,2.2552965834798835,2.303677437650903,0,0
2.1927372147952013,0.008002626400970048,0.45503612235287777,2.09669223381302,2.7269529087783675,2.275134202815671,0,0
9.06859999999999,0.007319999999999993,0.4914777936257641,2.27609,2.1358230222194843,1.8057337052767766,0,0
5.2720880180037,0.010827611967299866,0.4731290729892591,2.43655605179235,2.720043108240336,2.675630083614868,0,0
4.402236675993592,0.008593520012139866,0.48253231538977054,2.15529796147496,2.4789916709400424,2.0658164197018,0,0
7.808267660032698,0.008504149555029983,0.4641055975425218,2.08392517434137,2.3616213387964726,3.013221825908338,0,0
3.3817999999999984,0.008709999999999996,0.4747092355121121,2.10041,3.251773253474657,1.731684205077977,0,0
17.804000000000002,0.00808999999999993,0.4873434167252183,2.16268,2.9980240895178905,1.6616058270337895,0,0
11.629479553764497,0.008737589847100047,0.4533509106090328,2.23942756058254,1.572365529074003,2.90851220210334,0,0
3.7296874555854913,0.012870095538520143,0.46570687498793684,2.40041516570441,2.5894429109085255,2.5845512653738143,0,0
3.9432999999999936,0.006000000000000005,0.4784282839232453,2.2954,2.903623136069148,1.7268216552565672,0,0
9.68177922077922,0.03972969696969719,0.491124465973432,2.2112772727272727,4.746664211623364,1.241040861845363,0,0
8.841999999999999,0.009020000000000028,0.49161656315166996,2.08759,4.731622865164158,1.2814183841517035,0,0
4.2179785899216995,0.010098045480980034,0.48967346642484433,2.42417157436015,2.358948410424482,2.50414611857202,0,0
13.04353369062001,0.009168151042219908,0.46417791556031035,2.03018919681912,2.088462382269012,2.5661464181523006,0,0
2.7823841542687973,0.015098603177670089,0.4595421000629061,2.37536966875012,2.8017590663648217,2.9273649659839274,0,0
5.600469028190787,0.011964317074679931,0.4724361078750188,2.41382330344479,2.400630289437984,2.786120783572766,0,0
9.703000000000003,0.00861999999999985,0.47865728828607507,2.36269,2.5582683154017722,2.083923979399215,0,0
3.4073999999999955,0.007000000000000117,0.4908566131951095,2.22505,2.4138488636343878,2.197936292587851,0,0
3.0864244602480824,0.00908628692762159,0.4570468959609503,2.281252660275938,2.452306910952461,2.8809145842951627,0,0
2.603200000000001,0.01434000000000002,0.46165049518873424,2.23986,2.6215010560667342,2.746711957185797,0,0
2.093500000000006,0.008449999999999847,0.4961275979970867,2.17028,4.366853121718083,1.374720852353333,0,0
8.485500000000002,0.00957499999999989,0.4909398450407388,2.10964,4.524088272710596,1.3012165799529203,0,0
7.805300000000003,0.007699999999999818,0.4978568980388169,2.2032,3.0238252686865787,1.5849269519386282,0,0
11.547288088642688,0.020419806094182924,0.4814440463092146,2.136850193905817,3.692909292956004,1.5505286641076508,0,0
3.4758999999999958,0.009068333333333234,0.4746915445084747,2.2616533333333333,2.2918714931764734,2.6639237571956382,0,0
8.597118871178097,0.010744606310080007,0.4713540938100449,2.32738162597553,2.063163450957538,2.990132419921374,0,0
43.709649833147935,0.04589297948170468,0.4175182189391926,1.8032802892102338,0.8593720178310522,6.237404574151614,-1,1
6.6754999999999995,0.006690000000000085,0.48827005644729443,2.23737,2.7442584354199293,1.4341609654854333,0,0
11.720250000000007,0.007414999999999949,0.48992497155388015,2.187445,3.2117230282370963,1.5001053821860615,0,0
11.61,0.007359999999999811,0.44966918156857505,2.28146,4.435004113245178,1.6748048519000913,0,0
9.482423628129979,0.006722661161427945,0.4879646829292008,2.1866004661694194,2.07572000603853,2.005115507120405,0,0
7.700171119454197,0.00857542203462991,0.4611032227292502,2.13409818915943,2.081621625760407,2.6991474639941777,0,0
9.0792,0.008969999999999922,0.47761950869799946,2.1554,2.3716491218144333,2.276946240368435,0,0
7.700299999999999,0.006099999999999994,0.4711326865710943,2.37095,2.6587726008723114,1.5613073774899664,0,0
17.153999999999996,0.0062750000000000306,0.4661379037760471,2.225765,1.6615718222476545,2.599650166108819,0,0
12.182693950522292,0.01184989589268004,0.47915143887572725,2.35252787134618,1.874701213257124,2.5176573802248154,0,0
30.435000000000002,0.020309999999999828,0.4936700983452851,2.37303,3.290943733941511,1.659892865088737,0,0
6.455211009406007,0.009478599545249988,0.4683810182932376,2.27530357634924,2.38707737186101,2.3120508452913957,0,0
7.0497999999999905,0.005120000000000013,0.4907112085831372,2.28237,3.251192743997666,1.5504290560766316,0,0
4.869199999999992,0.01055000000000006,0.4826057002694801,2.36521,1.9628221389086606,2.9090986754320305,0,0
10.073999999999984,0.00831000000000004,0.46861094272692577,2.27902,3.7443976860385586,1.8526974608343034,0,0
4.603251050382397,0.01375317754654004,0.46456278532260953,2.35643151209751,3.067236521495307,2.8269778468775275,0,0
1.297700000000006,0.006769999999999943,0.489715625938442,2.24893,2.6970542469281535,1.6324056144873043,0,0
9.530366425012005,0.00913714330087001,0.4830507511383346,2.44545703679286,2.0400987433389592,3.2147364140659587,0,0
8.35799999999999,0.003730000000000011,0.44307675696103443,2.0188,4.831886335405751,1.3283975747076657,0,0
10.028549999999996,0.005179999999999962,0.4876040555315633,2.217825,3.2368922088765,1.5112035327928222,0,0
10.525630546885495,0.009994478293740006,0.48890784640448753,2.29832212553387,2.386916648676131,2.0624759984577,0,0
12.634999999999991,0.00490999999999997,0.48642759129574403,2.03578,2.7670546900597777,1.7289520786817485,0,0
1.8799999999999955,0.008090000000000153,0.48510646733762985,2.19772,3.594078583943232,1.6224103577995064,0,0
7.528099999999995,0.008929999999999882,0.46763215893955734,1.94968,4.157282579962993,1.7617564267086143,0,0
10.4469,0.006399999999999961,0.48511232894518025,2.2848,2.8365925455564573,1.555865223357219,0,0
10.892350573170546,0.008217031256775087,0.47119472820595704,2.333049589834295,2.263907531668471,2.7198783974390612,0,0
7.227599999999995,0.08868999999999994,0.48872599196099176,2.15745,2.482012577678257,1.850225264072968,0,0
1.9238519685039392,0.007626614173228408,0.4883074363575983,2.280444409448819,2.0640028298480324,2.5088419999723985,0,0
9.6269357347375,0.008748292848510086,0.48863809840320516,2.20500270248848,2.104762498682682,2.313780997411824,0,0
6.177999999999997,0.009190000000000031,0.4766507930700486,2.14348,2.8949448023180633,1.2963692550834662,0,0
33.51713698630138,0.02086386997547085,0.5592279855247286,4.053807123287672,0.5663173932410869,9.318297939824836,-1,1
7.004800000000003,0.007989999999999942,0.49135122717292645,2.25329,2.1854684147187857,2.491212207734526,0,0
9.745903227411588,0.007383906276559937,0.46751055793114143,2.10420949642775,2.178800914779192,2.521779013705103,0,0
5.312761487954603,0.008702586013880076,0.4773072589708491,2.25361760437382,2.386116482200177,2.2836749948795143,0,0
7.585800000000006,0.008709999999999996,0.47548739797449585,2.17315,2.2280787658699053,2.4774603568914837,0,0
6.392985887871902,0.00825468430912002,0.47778804279488485,2.27242387496049,2.2440433467687098,2.3310958781571673,0,0
9.454956265649798,0.009153818719340068,0.45796415109378624,2.05702567445921,1.9571964828103205,2.9603199900518775,0,0
2.841943337180993,0.008791178685150225,0.46102061762881597,2.12234460125204,2.8363037149326185,2.3771133583887836,0,0
5.814499999999995,0.006249999999999867,0.4850432477713999,2.106335,3.479916839518933,1.7878928514142116,0,0
8.933999999999997,0.007099999999999884,0.49727942626480515,2.32368,2.396141128768106,1.6399989821854175,0,0
6.0192148195372965,0.056297769240970075,0.4743189220020736,2.61165534008811,2.4844535532890775,3.3253165954192605,0,0
11.3830041284983,0.010131854448059974,0.4748354847211062,1.88190490858037,3.0946015502164137,3.8271675689261286,0,0
4.835440111036107,0.010361691974799747,0.4858838117819147,2.53557868506419,2.26384882765925,3.1742957875248528,0,0
5.454999999999998,0.013980000000000103,0.4808701898807906,2.27405,2.4442559771659402,2.3346798722908524,0,0
6.367168868073293,0.011698319042270366,0.48074633739381045,2.52619180511687,2.6188727318077776,2.955847674565647,0,0
17.343000000000018,0.009929999999999994,0.46515216988703006,2.13694,2.474092039316686,2.0459444387540264,0,0
5.136028791548796,0.01080627737927009,0.4659021953034028,2.38054019739077,3.4320063589434513,2.5084264394264864,0,0
7.998499999999993,0.006789999999999852,0.4658128195161314,2.163725,3.921919088589329,1.8637113760743234,0,0
4.517539478584723,0.025301191806331502,0.48649675320689295,2.2703259217877094,2.450329162187929,1.3716686271798015,0,0
6.151584090909097,0.005384545454545586,0.4893519808164746,2.1510409090909093,3.1105052773232367,1.6704162007806103,0,0
2.433696431152306,0.01874619874440997,0.4617367356064743,2.14702027181612,2.963035043794099,2.1893490756068803,0,0
11.5604152773369,0.00997182770449001,0.49040346145617725,2.26161452610782,2.392134113643801,1.9460881210378258,0,0
18.061999999999983,0.014969999999999928,0.46506205199417894,2.43726,2.9535023475498323,3.0383650283493324,0,0
4.4136132199028,0.009783519581689992,0.4758960931760878,2.4318282057968,2.1261339035649796,2.2749416104252624,0,0
2.081000000000003,0.005960000000000187,0.4952718076408213,2.30873,2.246664192396644,2.019788140864066,0,0
10.343900000000005,0.005889999999999951,0.47775714667749236,2.32573,2.7459131213092567,2.0610184997712837,0,0
3.392799999999994,0.008249999999999869,0.46233901471026195,2.26372,2.3815375986671175,2.8352376631698086,0,0
5.6986567458437065,0.01197357610096006,0.4808542043214885,2.34047434374025,2.4765229369825144,2.712457530955813,0,0
12.486499999999992,0.025370000000000115,0.4796164308094894,2.18463,2.775752808715431,1.5314542242698765,0,0
3.1431331738923944,0.019696816661110006,0.4568867710225525,2.26331879926534,2.810072469396727,2.2724364234878824,0,0
1.820050437486799,0.007257102283160011,0.465570551200047,2.75045180653241,2.208651205737011,3.462957995332379,0,0
8.522999999999982,0.008179999999999854,0.47199690174443193,2.14205,2.760886326304851,2.154466743703905,0,0
11.273329365641004,0.009473587391130023,0.4562440993436907,2.49449467373833,3.1227500128015775,2.696272319688674,0,0
11.677539938551007,0.0096864453715102,0.4786556716920568,2.06698780668245,2.222799802225209,2.0202185461508027,0,0
4.035929871923301,0.008899881364180073,0.47595094543823535,2.24312015368265,2.421484409203333,2.418219778686631,0,0
9.597999999999985,0.007770000000000055,0.4993897498278912,2.2799,2.227885259532811,1.6403067986040554,0,0
2.0183693376423975,0.008243417364770078,0.4715942891850589,2.181074738368,2.2875606619004047,2.5509914811440186,0,0
17.037750000000003,0.009814999999999907,0.4724325779621016,2.21261,2.2109336829803805,1.700490463056115,0,0
11.3202,0.006799999999999917,0.4775577551525128,2.1891,2.320060437046788,1.9327235462506565,0,0
16.36404999999999,0.006930000000000103,0.5015116431635107,2.34605,2.1912412483712047,1.7089750960752867,0,0
7.802499999999995,0.006000000000000005,0.48837716378483614,2.17635,2.941221298577184,1.847332775283464,0,0
4.071486875204897,0.008662809126579907,0.4648208833936152,2.31473433968733,2.0467525002852995,3.5105157234013027,0,0
4.692169514107803,0.01003252755500994,0.47752267557583583,2.31590140941351,2.520801785500289,2.1634884064236837,0,0
5.624847273379501,0.00847529145878001,0.45173587819055117,2.14733065724221,2.3953269406541104,2.0713188880754285,0,0
2.4033404473920967,0.01128140147794987,0.4797575796574183,2.77850059970955,2.7835205143790094,3.0997157543799787,0,0
6.8289999999999935,0.007129999999999859,0.48497521058965104,2.21206,2.2190258920004693,1.6714663159230672,0,0
6.580557540306799,0.008886606282209941,0.47625858761424317,2.45059070746541,2.312598642005876,2.4179185676019204,0,0
13.240000000000009,0.008419999999999872,0.4703538169893038,2.13752,3.685379546009275,1.8800736060059564,0,0
11.748000000000005,0.02397999999999989,0.47085329260407677,2.20721,4.101516452960037,1.6957736991286698,0,0
3.282517641917792,0.01666898088919999,0.4673119670779609,2.55629634359668,2.2884676365024155,2.943060535047799,0,0
5.4351716005160995,0.009097005423349902,0.4717750127543339,2.23922718992006,2.410123657693425,2.267002883684066,0,0
6.807198971651502,0.007650021900819981,0.4566650888096805,2.19815030985381,3.0304907606720946,2.01807157515673,0,0
3.5534147674889027,0.009269449601890134,0.48476582239422483,2.31623536811698,2.587247432934474,2.378932044016679,0,0
5.005620394488801,0.008424576076289991,0.47963733740325787,2.2592953822717,2.1879138539105694,2.6221265693343274,0,0
2.3544066586644163,0.009030669173650807,0.4752981555586417,2.3197319932256986,2.405933466586338,2.2042210473144044,0,0
1.8937602965677058,0.009417495144339982,0.4835030251628846,2.82356979230436,3.278583160991147,2.64754361736382,0,0
5.688000000000002,0.025540000000000118,0.4977652841586628,2.14329,3.4675749035333285,1.6667021331095004,0,0
9.641891928609468,0.006618132658497755,0.4875377778609729,2.1752452184336706,2.1372706724704162,1.9938442694675882,0,0
15.082529251000693,0.009172709918359834,0.4838211332415811,2.4216627275928,2.5721551401155454,2.8001010797458337,0,0
12.079300000000003,0.0035800000000001386,0.4892203849532293,2.26741,2.588761486245607,1.8678163262532785,0,0
5.988187164299106,0.008889659744110157,0.4746218279079041,2.15897965617211,2.485777921226695,2.299974774408623,0,0
1.798026188932596,0.010019352189389874,0.469026189371852,2.56596922613475,2.987671404941761,2.6726025449786865,0,0
5.966549999999998,0.005780000000000118,0.4895367662370065,2.18432,2.3564181018885098,1.7965913497978012,0,0
17.144000000000005,0.00706999999999991,0.49197762649166005,2.16693,2.99784892037026,1.2597503509123722,0,0
7.472202749753791,0.008881338201389921,0.4915772159410755,2.25944696132118,2.3447031828232245,2.236509532773601,0,0
3.8256999999999977,0.008219999999999894,0.474584458019605,2.20634,2.740853953452379,1.8952374317550993,0,0
8.239023600071107,0.008242902230270133,0.478841032506809,2.35317858357911,2.7118993839340715,2.6920625599696364,0,0
4.5869,0.008819999999999828,0.4661310518733375,2.19498,2.2949029361356588,1.7511489891979592,0,0
9.9405,0.008040000000000047,0.48325611759255355,2.20646,2.375298093914595,2.437756429291387,0,0
2.5083000000000055,0.00757999999999992,0.4832340042297456,2.14149,3.034241418436708,1.972428131588635,0,0
8.10199999999999,0.006149999999999878,0.4827382015578526,2.25975,3.6618374631587924,1.833215753699534,0,0
7.967725333333348,0.007207600000000092,0.4895189318323959,2.2412961333333334,2.688628309060889,1.3792766912209538,0,0
7.469999999999999,0.007449999999999957,0.468060258798808,2.23387,3.8131154058954415,1.860955106261589,0,0
4.436999999999998,0.013470000000000093,0.4931375538869875,2.18069,3.852229884108949,1.296478447079749,0,0
3.9756821230426027,0.009498277299329949,0.4734381423253203,2.23961563924114,2.8724293043462836,1.7542816538511918,0,0
6.316099999999992,0.006429999999999936,0.48714014728855165,2.1839,2.3282610947537705,1.9749272714033586,0,0
7.394999999999996,0.015309999999999935,0.48434481168454274,2.27854,5.003833777085484,1.1430375553807295,0,0
25.697000000000003,0.00766,0.47450312458768634,2.14672,2.297450286731297,3.187071766333194,0,0
9.8892928948746,0.010066525190840059,0.47071910337907025,2.32509184143276,2.306430980264584,2.1078536656245355,0,0
6.830700000000007,0.004390000000000116,0.47765082067602327,2.28804,2.6969582224313635,1.9654046242774565,0,0
3.707438409107297,0.008522444341690028,0.474654656715336,2.25931730853311,2.2296298672995727,2.393565471755701,0,0
1.7612756962816007,0.009349949810250946,0.46591415037797873,2.5349854331910224,2.9669216594850045,3.1201690517079883,0,0
3.6444404195878946,0.009724319940189963,0.46416531193859106,2.31530797055829,2.3896629424131794,2.172615655847002,0,0
7.205399999999997,0.00853499999999996,0.47222238229424185,2.153885,2.3796418301841475,1.626402744787543,0,0
4.376679969425155,0.01010138354971013,0.4880023386848623,2.171656912844035,2.3901872401792077,2.3452213770919754,0,0
9.064136872032392,0.009246195025359949,0.4872493822670404,2.3956190652404,1.9200688839802735,2.2095776974906722,0,0
6.286468274139793,0.007631302552009833,0.4733256134194509,2.51682263008831,2.8903686310667096,2.73936843403521,0,0
5.807485319866402,0.007781867115000063,0.4468830591528797,2.17525468251238,2.36471941525736,2.010723047438551,0,0
6.197000000000003,0.0067550000000000665,0.4717859259853773,2.198475,3.7465252312040502,2.012419453544044,0,0
11.655008670277795,0.00837819718619004,0.46334635227480037,2.11668807706343,2.288012131729718,2.3752714296821527,0,0
11.715999999999994,0.00649999999999995,0.4848169834935804,2.16632,3.3315095438828113,2.1404742374601127,0,0
10.142429417204099,0.010792110373030184,0.48774903127467645,2.36107421052733,1.8000005150382024,2.61204729406973,0,0
4.256327314904794,0.010304125534829733,0.4770768178572262,2.64117687304514,3.2376201529250386,2.5886994935877854,0,0
2.974628684398809,0.008922401752430087,0.4723689179934297,2.2266475847272,2.418115416543526,2.2790215147086865,0,0
3.5785748754079094,0.008015431035169884,0.4610561873565875,2.38904541865676,3.400139808577237,2.219901401827381,0,0
4.632999999999996,0.008219999999999894,0.4464309232187541,2.74273,3.1741888240618636,2.1055888871836417,0,0
2.4714308465269994,0.009053524368509924,0.45740530382526934,2.8267281993855,2.3799238631659705,3.7798144205040103,0,0
6.522958283406197,0.008650723827600126,0.4691636184347156,2.33585185085555,2.7019477390417372,2.402851221098039,0,0
3.7745988611730894,0.00949499716332003,0.4898717818698173,2.73889571465198,2.5118990798464464,2.667342927896039,0,0
4.746377769243097,0.008899331862640025,0.45400336126961827,2.52178304497531,2.5712044623582004,3.881736885921419,0,0
6.074044076275101,0.03190808493072006,0.48168167064668,2.60505164485261,2.0057287783354574,3.5188828130843377,0,0
21.968999999999994,0.005754999999999955,0.4408068498823971,2.29401,3.631534035857517,1.7614110658445499,0,0
6.372635563139937,0.009237651877133102,0.4756401299396556,2.3651611945392492,2.250594416547975,2.635484810120274,0,0
7.510197421508295,0.011141402144660084,0.4788599735267686,2.5225139638694,2.146972448236437,2.7700624599362524,0,0
12.3307915325112,0.008976597430830013,0.45710934687243854,2.42587084653712,2.65405987596462,2.8647846555722385,0,0
8.393,0.006780000000000008,0.48736546656749175,2.21943,2.5334955528183114,1.5164052540357813,0,0
2.531268472200793,0.008632869364229911,0.474366322155594,2.32601266481458,2.392188885226653,2.200673915179528,0,0
4.114100000000008,0.005739999999999856,0.4764489470091666,2.21497,2.334093477422367,2.411812707065102,0,0
8.659371230929104,0.008984742061479922,0.4757314162426699,2.26936152967451,2.4196239442342358,2.220386297347949,0,0
5.099899999999991,0.009929999999999994,0.48877237511270744,2.25539,2.063363370319751,2.3760833987714753,0,0
17.88600000000001,0.006590000000000096,0.44341668907412385,2.39194,2.798044802775575,2.3397384497110876,0,0
13.41325505307995,0.013153355960184854,0.4653165911070455,2.3935694670047862,2.635437905502484,2.4020873116605164,0,0
12.2603,0.006299999999999972,0.4844774983891378,2.30564,2.3069386583346683,1.8473093679566122,0,0
5.5578,0.009334999999999871,0.46770393902595775,2.1473,2.654606404458526,1.6264795099992237,0,0
3.4580818773674054,0.009570667175440084,0.4759884622824969,2.21427430175476,2.5074495782264146,2.3585509805005955,0,0
2.5080000000000098,0.0049799999999999844,0.48970309294313474,2.25143,2.5422065955032633,1.9023833584249346,0,0
6.244318293515363,0.008680327645051333,0.47445162705798244,2.359831228668942,2.269012135353254,2.7448746168781946,0,0
14.870999999999995,0.008899999999999908,0.4881078094181823,2.2933,2.443629387591737,1.9502844780307593,0,0
7.564800000000005,0.006129999999999969,0.49848870151018315,2.22541,2.7714637185994397,1.4103534636484445,0,0
10.050224376731336,0.019763342566943676,0.477230181709369,2.2122399907663897,3.335119257361356,1.7818720385859717,0,0
19.498154860254942,0.2070983661855501,0.4484949619314211,3.884010704682589,1.262304635848122,9.915834249304938,-1,1
3.640199999999993,0.010129999999999972,0.4745991732698748,2.329395,2.218971644300911,2.481488198014836,0,0
24.72399999999999,0.09963999999999995,0.4674043491856898,2.40753,2.908803856025574,2.656632573447009,0,0
4.95435415025311,0.011638292637340175,0.4433840226612147,2.57807973920184,2.1834101749400068,4.118183147918433,0,0
7.553200000000004,0.010039999999999827,0.4551315556573618,2.11951,2.242542419266557,2.6124725186337074,0,0
9.473799908158313,0.008714130425750088,0.42485705474132623,2.78569364598021,1.374684916308067,6.17797902153212,0,0
12.277704075686742,0.0069543034481098776,0.4624406080769551,2.5137032061638,2.520548020999967,2.9669109051111517,0,0
8.835000000000008,0.008300000000000196,0.4813861781821296,2.24463,3.742370047587362,1.5398760070726276,0,0
9.829999999999998,0.007080000000000197,0.43742360450903167,2.28229,3.009196724221771,2.5486414045786514,0,0
6.688773112337401,0.009288133741929938,0.4705251988507056,2.18930434462361,2.6377777238318654,2.257023428894564,0,0
10.943999999999988,0.006879999999999997,0.47340403235947526,2.14174,3.0556541732176967,2.1214571994727827,0,0
6.789599999999993,0.006610000000000005,0.4848672584928068,2.27375,2.685643540999447,1.6515951063663992,0,0
6.837000000000003,0.008320000000000105,0.4783481693184007,2.2976,2.1603936635830103,2.4349971804546846,0,0
9.106499999999997,0.0173350000000001,0.4362139234274014,2.071195,5.764146495674643,1.2477552453611445,0,0
14.932000000000002,0.007050000000000001,0.4710071149534037,2.25427,3.076378612705173,2.253863952710642,0,0
3.440399999999997,0.00825000000000009,0.4832452932962881,2.2106,2.3409322781668784,2.1332235330448626,0,0
6.288800000000009,0.010040000000000049,0.46307388037802444,2.24168,2.4415640882114804,2.527099221781467,0,0
12.527260762969803,0.008249640752290066,0.4559734270703733,2.5231834465519,2.4442649189512946,2.926649456975583,0,0
5.263900000000007,0.007570000000000077,0.45171156846617533,2.23868,2.143159068629655,4.706995449253889,0,0
4.6519571807668,0.009699175873919996,0.4810815119617101,2.2072650789156,2.6186455809353095,2.1533894834974996,0,0
8.326610759991794,0.010401578563679958,0.4663607624723991,2.10308244178997,1.9615192135462591,2.7360652473188005,0,0
14.155050000000003,0.0192699999999999,0.47164972244982634,2.195515,2.2793625612165918,1.7967051422508376,0,0
12.677000000000007,0.01028999999999991,0.46762129073586306,2.15433,3.106150055186222,1.9941562623966147,0,0
3.6230468380707066,0.008243640194800061,0.48003089116166625,2.63352332868588,2.1700332192396865,2.9564321237514974,0,0
5.180901825222094,0.008009785851520013,0.46922919553083076,2.18294819409536,2.4785817401580186,2.3357809568434917,0,0
4.3779595618907905,0.010792776052269915,0.4690939948160061,2.65585913584348,1.9009242173788525,4.529151715416941,0,0
7.390500000000003,0.009750000000000147,0.474186739339855,2.21562,2.1850375556867148,2.5143829461966005,0,0
0.8240844295344942,0.01071512557964005,0.4840252187937913,2.58493300165385,3.3553244549851455,2.8388459461520066,0,0
17.5745998879909,0.008929516087750056,0.4500114369085134,2.71713883605102,1.4276110949220355,2.9037893522527787,0,0
5.824366666666663,0.009326666666666705,0.4812372195233332,2.356316666666667,2.23823258263512,2.4725251482776853,0,0
5.132384758530293,0.0070438050073298175,0.47406856558795485,2.24459785781512,2.3272623757013657,2.1975465808289023,0,0
6.895352003977095,0.032604452450170074,0.4793139212079914,2.58451912730199,2.435629474107477,2.9021322911866183,0,0
6.630299897610925,0.008964112627986465,0.473301007512981,2.3546781058020474,2.286930116385334,2.8603775278069166,0,0
5.456000000000003,0.005830000000000002,0.48873960395630234,2.22999,3.148447544148568,1.5483460771553261,0,0
19.668114093959716,0.007105637583892488,0.4923975473976975,2.2963891275167785,2.696529549486144,1.4208639859931398,0,0
3.6975108208955163,0.023735606343283644,0.47212545024501285,2.1730599347014925,2.6293945241500727,2.7406484196944594,0,0
1.3640690777576765,0.007401627486437468,0.4937674154381739,2.2475076672694394,3.275715080878435,1.6946933883348814,0,0
6.7199581486759,0.009670308617509837,0.48217741093117933,2.30391211374794,2.6314871775823905,2.4425300197075197,0,0
1.7697764771666016,0.011455013555919935,0.4788169901002394,2.58825850534754,3.4423459295440484,2.4634742443591415,0,0
21.829999999999984,0.006560000000000121,0.4599747573242764,2.62102,3.8969480881727114,1.1333498268184068,0,0
13.527000000000015,0.006380000000000052,0.495201774080899,2.20968,2.7969725206497826,1.4113653760928246,0,0
12.619821159868806,0.008303082238850124,0.4617285392518673,2.22477959858541,2.4142900239474185,3.0490853503913256,0,0
10.557900000000004,0.00710999999999995,0.48376803180701905,2.16472,3.37413645710589,1.5951483254646572,0,0
3.569049895795004,0.008801201178830098,0.46205361476902546,2.16198798144224,2.1480898665136072,2.7527492930984225,0,0
6.399918423539802,0.009312677444769824,0.4796348247883836,2.33431936314721,2.249162677019312,2.270084799838218,0,0
8.020577989112496,0.008291577149819984,0.46642873198183427,2.34864907154919,2.6347868356823216,2.5345896943162947,0,0
3.1349192664171994,0.01010222845868003,0.4771158270335751,2.7376610664089,2.4719049307373475,3.033722274326776,0,0
4.111400000000003,0.005649999999999933,0.49077310468131313,2.23114,2.6433167424631687,1.5762843508508948,0,0
5.647915649724496,0.008430116309960045,0.4599420814808674,2.43815566965906,2.6577395564757857,2.959655136783765,0,0
2.7447549838766037,0.009887228800109948,0.4724683897840503,2.31042818759942,2.5506876974785313,2.0392550917951984,0,0
9.489445875573395,0.009949171601850049,0.4788592008717063,2.45461475448126,2.861307319546857,2.6512801314427166,0,0
5.887869711687102,0.008503878147789967,0.46247153914392825,2.23984178678727,2.4787495361366227,2.2238351532885914,0,0
4.774500000000003,0.00649999999999995,0.4815829167548096,2.195535,3.5311503479293367,1.6935265952403524,0,0
9.415599999999998,0.052669999999999995,0.4948454993110701,2.318375,2.3792135024224206,1.6717301429560891,0,0
10.181083133328642,0.01109380389173742,0.46308012266779,2.384245736164311,2.9001064555440625,2.1539832392090332,0,0
5.084828775339403,0.008758211292369866,0.47517331511395194,2.26081826487884,2.39527323597612,2.1239988545742596,0,0
4.6346037572744905,0.009208475428069907,0.4687996797427225,2.15242416879921,2.3348585641159256,2.2804179204830604,0,0
14.043499999999995,0.006900000000000128,0.4819165211606713,2.126655,3.203235347646903,1.8348391352804276,0,0
9.004500000000007,0.0064349999999999685,0.4451527658184625,2.42452,5.9849305639646415,1.349818913827069,0,0
4.157028072069096,0.009167947059290027,0.4581206549279463,2.35974367464035,2.745100476561842,2.81707830786456,0,0
79.76049999999998,0.004906877315664415,0.36031236648876297,4.594001347728965,0.34774057190962215,5.566758978042632,-1,1
3.9579499999999967,0.008724999999999872,0.484197577950056,2.099985,2.136609436652741,2.7191971031459725,0,0
12.557000000000002,0.007309999999999928,0.4295948217822172,2.17387,5.667935116056226,1.2105954959127723,0,0
3.089052255366397,0.011421952515900058,0.475238754658026,2.45129550737704,3.1041826297178083,2.580425207243851,0,0
8.891499999999994,0.00761999999999996,0.4707326053456051,2.31276,2.2469349907907312,2.4261870895790265,0,0
10.9615897933473,0.007623302834199874,0.46710171495206904,2.33766183485346,1.9085599880946589,3.2981938017270713,0,0
8.956244642786402,0.008959942806950005,0.4777276596803017,2.4250776353546,2.504629669637548,2.1933980131202184,0,0
6.847167882374009,0.007234546378789952,0.4782887770513534,2.26235939639417,2.5741943179501208,2.9550964416667185,0,0
1.3702897701992072,0.009182148447649974,0.49035466108937636,2.27233356577436,2.562389158361754,2.316304492190172,0,0
14.552999999999997,0.02968000000000015,0.48462530473044474,2.37345,3.6927459411706374,1.5239763430667466,0,0
6.913721122458398,0.00860604203727,0.49309962564249815,2.25424846079239,2.292347167006064,2.235391747284363,0,0
7.8999999999999915,0.021099999999999897,0.4941714633209,2.24085,4.174800776530321,1.092581935116406,0,0
11.483099999999993,0.012880000000000003,0.4947862089874653,2.1852,2.5879473609036197,1.5834071918875803,0,0
7.682118486979604,0.009060034949899931,0.49569409554054494,2.73876598403603,3.1594269639489156,2.442813453333079,0,0
10.48599999999999,0.006099999999999994,0.4394558709697803,2.14103,3.985852423908106,1.7483366464250378,0,0
3.8596000000000004,0.07126999999999994,0.49263227118747754,2.2173,2.422270938991814,1.7975655886654274,0,0
9.038899292169305,0.00935692931459986,0.47201768276180534,2.21844116146054,2.3317703245562074,2.06417038639989,0,0
26.503131884737,0.01004050018085989,0.4720886493224502,2.539704725038935,2.7252598912087818,1.7471457779347743,0,0
3.778556031013295,0.007840739759699789,0.4521671828249613,2.63046382867224,1.5295085018145438,4.54715188588731,0,0
3.188299999999998,0.06128,0.4632669191635506,2.20637,2.4668336419249166,2.736352316042623,0,0
9.556000000000012,0.007689999999999975,0.48670742109752624,2.37242,2.4192898743264006,2.3067833566863234,0,0
2.732781040891993,0.01398666106330504,0.47873261716775506,2.40864176930125,2.1513023613521947,2.1162604257980586,0,0
5.524529191532608,0.00902624391233009,0.4593732783009454,2.45636118918554,1.998490884308648,3.219499402977753,0,0
1.0186999999999955,0.007130000000000081,0.4743208060094371,2.147795,2.743423348981002,1.592686176247496,0,0
16.21900000000001,0.017330000000000068,0.4816087887239312,2.27173,4.115179806098204,1.4928034853484589,0,0
5.490676450600333,0.008822089093739827,0.455476867010904,2.386843243203425,2.465611139178738,2.9368093812830343,0,0
8.739000000000019,0.018669999999999742,0.49129607987653673,2.33091,3.5135368744503244,1.898618211059235,0,0
8.03787708515111,0.009097330729890052,0.47790775928810686,2.13009489500856,2.260380349372397,2.5868672265842405,0,0
6.921191655771295,0.009496489371159988,0.4562274467710633,2.37142186282833,2.7616457423948284,2.345790914223359,0,0
52.9640533926585,0.05499026828977871,0.4161769808330013,1.7519674527252505,0.6955934558506222,7.678611333971534,-1,1
2.6030000000000086,0.00817000000000001,0.49146028791732893,2.15974,4.095764615200606,1.551228663313268,0,0
13.617999999999995,0.010380000000000056,0.5019317560995,2.24494,2.66256510044068,1.6125846761540876,0,0
9.741699999999994,0.006200000000000205,0.4850656834693257,2.12216,3.3605489385205853,1.5417261055634808,0,0
8.5929,0.01055000000000006,0.48102616785092606,2.2588,2.2698946843646786,2.302278167498547,0,0
4.187250000000006,0.010014999999999885,0.49055098049500573,2.26565,2.088328372335358,2.4773526615062074,0,0
5.5691630079167,0.009075663835860004,0.4834455248548679,2.25032465795934,2.1636423422254225,2.345981211799568,0,0
45.02000000000001,0.006149999999999878,0.45928748938876734,3.08363,2.917505086925438,2.300904566307825,-1,1
24.90299999999999,0.008079999999999865,0.4626295657088645,2.56229,3.486717648390782,1.268659249973885,0,0
10.264739209494905,0.009611940072959957,0.48057415592636676,2.6809818021667,2.8148272260340175,2.71701923366802,0,0
2.308269051959691,0.009159515494592485,0.47034560611093384,2.5560676965766533,2.9313105645258184,3.3294124794250854,0,0
4.280592303465895,0.008955680429824975,0.47460423577295463,2.179149262307,2.624242223898806,2.2897371672690268,0,0
14.850999999999999,0.009509999999999907,0.4662222877648331,2.23317,3.255930267304428,2.113400815156537,0,0
6.6942870266926064,0.021861251633439993,0.46561718801728513,2.40807700581516,2.706036597374814,2.6001334541507974,0,0
8.852599999999995,0.016469999999999985,0.48427284621104455,2.19921,3.584505339069382,1.2689399693104142,0,0
9.8694850296921,0.008810057309030173,0.4864287601399948,2.43410771006083,2.0790540139563283,1.9655152884172058,0,0
5.229465192233292,0.013421607052150009,0.45791745854932625,2.49634941953437,1.6951541998293937,3.725602166097699,0,0
4.179748776622901,0.010520310163369961,0.46893694041701695,2.51752793471265,2.4589880574390346,3.309599187304743,0,0
5.943557944932394,0.009304218509784912,0.48270945720911457,2.30803689649838,2.126808971055574,2.4052485175374407,0,0
3.5450000000000017,0.018569999999999975,0.4942929981343939,2.16272,4.267663547170239,1.2309120485998628,0,0
7.577962853498406,0.009486885243849885,0.49025785660531124,2.29175264998593,2.2716706720996926,2.599765231170059,0,0
5.445454141467792,0.009446285997940063,0.47627865957921045,2.34665589006084,2.385637894852196,2.668146624524745,0,0
11.6050848867541,0.009486552979739882,0.4814487225749289,2.38439575364061,2.360620344080207,2.1946975045906507,0,0
3.565890151167892,0.00933983279178996,0.46023182612404373,2.70378578405904,2.129363321157587,3.7086697619891034,0,0
19.391999999999996,0.01617999999999986,0.4727036804521776,2.62146,2.966324455686158,1.9347854859737013,0,0
11.519053495373797,0.01065682746835006,0.46043868985461744,2.13063920962022,2.23443279736026,2.191822057184101,0,0
8.599242306695189,0.009337999047050127,0.46347816913730033,2.19995426069295,2.2635294814800337,2.2446285048000463,0,0
11.252449999999996,0.0650599999999999,0.4924199582707281,2.261475,2.4315795001050198,1.8984325935476154,0,0
5.109799999999993,0.008990000000000054,0.4539418937733041,2.3503,2.0166305009734717,2.9149221640721357,0,0
9.787999999999997,0.030990000000000073,0.46840758452890346,2.33931,3.66504124039789,1.9610381721783046,0,0
13.972000000000008,0.006820000000000048,0.4897359570108633,2.26243,2.5715587643729143,1.530051318977735,0,0
1.765789983959607,0.00944609423374998,0.48019898601701,2.35611439229002,2.5132584355114362,2.317226987137091,0,0
5.683905507255005,0.00916804040538488,0.48124328794638144,2.00947481332407,2.6568861069973595,2.2988167635924737,0,0
11.257999999999996,0.007370000000000099,0.48949401640102413,2.32404,2.4802570559021526,1.48580357877799,0,0
6.269999999999996,0.006739999999999968,0.4894606667116843,2.04654,3.3001773678609436,1.852882407585929,0,0
7.095248515888514,0.008493848770950052,0.45783191413065977,2.12496440559194,2.009682476842695,2.8715056709264872,0,0
10.938999999999993,0.006950000000000012,0.4505718156700567,2.31011,4.333780411808001,1.6984737479419116,0,0
3.4930840523288964,0.02138321360191986,0.455782156812616,2.27993290695063,3.232346085667193,2.2882447998228486,0,0
11.919918415637298,0.02120750065702004,0.47198657566014024,2.42909799206476,2.431223804366031,3.000105255445421,0,0
16.116890086336596,0.009352232223579948,0.4822488813768007,2.22495853646373,2.3695963455106215,2.277506551095625,0,0
13.860996247244003,0.008459390174100134,0.46002387268733913,2.54467516822363,2.502007906926764,2.800101059225217,0,0
10.924760826222908,0.00923876812024993,0.4859548603865936,2.24676322106447,2.366088906092638,2.072522952475838,0,0
8.118210036288602,0.009652716889489987,0.46460580475344665,2.25521993566977,2.5658821652261876,2.3262962406743393,0,0
13.107852169856905,0.009067640157019996,0.46226686595775945,2.40722765703445,2.9740743386688613,2.481580231546767,0,0
4.837000000000003,0.04947999999999997,0.45181226544071734,2.32801,4.365578193509925,1.7681929165427825,0,0
7.4461990582925,0.004922697532079967,0.44800393727045207,2.02168535682294,2.0597344049693094,2.833715656177325,0,0
10.431260015982957,0.006100716568993025,0.48541177974816163,2.1190367421417156,2.4897728020469905,1.931658425974093,0,0
11.613299999999995,0.06203000000000003,0.4841780120532492,2.18169,2.6483558044350803,1.4888400161555175,0,0
4.983800000000002,0.005879999999999885,0.4779501031469366,2.27644,2.6467105676887277,2.247689934251975,0,0
4.614400000000003,0.007929999999999993,0.4721032731248434,2.27446,2.190145947138563,2.7108746001985224,0,0
4.528692430119307,0.009981275344600027,0.47889926059373894,2.03188279534019,2.2443752343468266,2.6217626970961487,0,0
4.949269122431602,0.009161899780560034,0.49036310653109483,2.64907794864354,2.4056888030389407,2.577371214717679,0,0
10.998000000000005,0.005810000000000093,0.43933315957490593,2.19365,4.229025609261197,1.593851862569043,0,0
5.042522357093603,0.009029455510680018,0.48600880697665655,2.32501626912513,2.428373030166272,2.443857962139672,0,0
8.835116222563187,0.012985640055100056,0.48840329187026454,2.55804446514185,3.3617116050083538,2.834771891497196,0,0
7.516999999999996,0.06170000000000009,0.47519809976649313,2.4474,3.1761718402217296,1.787573694262227,0,0
9.520700000000005,0.005640000000000089,0.48427568138116667,2.04458,2.2616487977668127,2.156076403894053,0,0
8.057806785746095,0.018437455081460108,0.4708113807129734,2.26635680774431,2.6413970100527204,2.6094995691813594,0,0
1.0144055881166878,0.01013137616774018,0.4808089986915493,2.53394154022952,2.974478021470169,2.6892160379151564,0,0
4.427999999999997,0.010739999999999972,0.5018880099419257,2.27721,3.3193400100257042,1.8747525564171372,0,0
4.721391283929449,0.00864863853920017,0.47320757831132937,2.1110715713641053,2.3820164859523323,2.2375721018192003,0,0
6.937099999999987,0.00835000000000008,0.4725276622519606,2.26322,2.4048766532426664,2.3455561202611053,0,0
4.4113489604058955,0.02743084697956988,0.46748614645477865,2.27194699386655,2.7352201271365124,2.646328821375157,0,0
6.021574666405613,0.009404919990990024,0.48071399266198805,2.43881448283157,2.481102959207279,2.4029743641393244,0,0
5.494563544815094,0.00889157068924984,0.47014398425960685,2.24946380507178,2.5847818091298094,2.205783580465243,0,0
18.718400000000003,0.008460000000000134,0.47625332288507033,2.29987,2.1486141265688112,2.451766026175708,0,0
4.5927910204960085,0.009167443087059857,0.4515883532912169,2.37863414982796,2.6744241794577963,2.622249503188066,0,0
24.014999999999986,0.02867752582667582,0.366670856779455,4.76645617274758,2.0604706566131923,3.203851005225629,-1,1
7.529566239214901,0.018046620236539912,0.4640854699792599,2.25515633217296,2.9922665139440223,2.6738589436808966,0,0
14.418679071423,0.008873039987620013,0.48096574244301893,2.47784466127206,2.9657690298680794,1.7383020576911594,0,0
8.723500000000001,0.00943000000000005,0.48657771884754564,2.20962,2.4743528056502853,2.4638955352391174,0,0
6.945357927793594,0.008276283372290028,0.44901783914405663,2.1678963598797,1.853848981789415,3.0893681694113844,0,0
2.940442187219503,0.008343418393539803,0.46153081853751776,2.42108520545497,3.562279410625417,2.1948357685304707,0,0
3.367384266638993,0.013031369169109741,0.4879586670122267,2.4641928850578,2.646382344784062,2.9789654930963576,0,0
10.783000548029506,0.009073470078720058,0.46301180625761906,2.13931488619087,2.168435516270174,2.6027663644384478,0,0
6.782799999999995,0.006359999999999921,0.488690024414592,2.15453,2.8262747249148545,1.7136764128177786,0,0
4.454066480446926,0.025178044692737434,0.48653541578894544,2.2689649720670393,2.447268142169966,1.370876803765644,0,0
6.496956067809208,0.00846797448254999,0.4638542705574527,2.23691557367701,3.012698892304667,2.149465975257665,0,0
7.4539800681803,0.010496733694119964,0.4878430917717189,2.23815639220158,2.709549778141271,2.265410119403606,0,0
54.703931034482764,0.028625897703549175,0.4465293521411552,3.032005603448276,0.7042734063107958,16.790715686052696,-1,1
10.598268846508802,0.00920405157751003,0.46272070085556194,2.45027634661889,2.5420131953395595,2.854426502562794,0,0
8.211894114354507,0.009717912037830123,0.4750916707399503,2.11585865958506,2.1310748511516016,2.3339046896222015,0,0
15.299500000000009,0.006739999999999968,0.49219071066710857,2.12407,2.9635490995766145,1.6052061564480857,0,0
6.845991535467405,0.008562552288750025,0.4641771512591669,2.14573157772069,2.5620423848157694,2.6627779543229604,0,0
5.994411484068408,0.009286734668269903,0.4525990574380972,2.3122247957312,2.431295560467167,2.7592427069751686,0,0
6.883790915155899,0.009507259168590076,0.48738933952853875,2.4843670997667,2.2016320500334627,2.2249694046470703,0,0
10.144217075119883,0.006288867874267412,0.48618734803300623,2.139476188066063,2.35142063800921,1.9555973120657342,0,0
13.4714086368583,0.009109482152290127,0.4719119501322315,2.39964402631624,3.087751473721802,2.2407968580087267,0,0
3.304517406528902,0.008304535671310065,0.4669795221829011,2.30350130672441,2.524325591211686,2.985748199716017,0,0
4.967514430037397,0.00882099729122987,0.46965853353789627,2.20545509116371,2.5951250287856102,2.506577323365498,0,0
2.705768984903898,0.012587310663199958,0.4723993735261622,2.65859328509433,3.041783799485594,2.5157267130520733,0,0
7.313174251942996,0.011506315912530152,0.49471777458571553,2.37198257846289,2.40375376576585,2.4299894447038923,0,0
9.02033333333334,0.009726666666666661,0.4886026247057414,2.4839366666666667,2.4459325476577107,1.8225194567731449,0,0
7.411314474730489,0.008610688435770175,0.46810272278123455,2.45134962156716,2.5307810280240512,2.9998807282206426,0,0
8.755999999999986,0.011450000000000182,0.48239634229455336,2.258105,3.540904335007183,1.633739831336261,0,0
9.483799999999988,0.006929999999999881,0.4886927975939114,2.10186,3.0285963753887857,1.8635699453972159,0,0
12.792718468926807,0.00743278813411008,0.45862394873941353,2.3696889131668,1.9629632735174527,3.2960410465662773,0,0
3.4326322020815923,0.009963641406069979,0.48048271205246174,2.29400282989202,2.30497305434995,2.5543242645113837,0,0
1.7628428408335992,0.008540327542659876,0.47861149567584493,2.16469843322814,2.2195943806935547,2.583603498300272,0,0
9.748499999999993,0.011400000000000077,0.48408179470392076,2.26384,2.6832419597024826,1.4112303564584132,0,0
24.695999999999998,0.007139999999999924,0.4956393737450881,2.30579,2.5633900659951374,1.3898518174308137,0,0
3.574575333085292,0.009254473933690166,0.4545231523288901,2.30277311120999,2.676636567264631,2.694732512168688,0,0
10.997299999999996,0.007749999999999924,0.4913846686067398,2.2385,3.9059582675065143,1.1990135119344145,0,0
2.486699999999999,0.006739999999999968,0.48375135056728474,2.32129,1.8262311217245384,3.3899856416801515,0,0
6.31998620620449,0.009111828808579858,0.4769018278170218,2.41531922334251,2.625503226367808,2.2442956757143446,0,0
12.769000000000005,0.008680000000000021,0.476835222126494,2.28304,1.9174167066067225,2.279428422061514,0,0
5.275000000000006,0.009530000000000038,0.4921973152754945,2.51291,2.0232177970867897,2.225988926484159,0,0
21.742999999999995,0.008990000000000054,0.47927598335370725,2.39484,2.4468523937087996,2.5405179479442337,0,0
5.338765815539006,0.00912364120914999,0.4782863532107441,2.44383668322026,2.6643650704323174,2.0125415042724395,0,0
5.460613455090595,0.008681832621320051,0.4579365877851682,2.53245200832218,2.37517690835615,3.8896327698120015,0,0
6.089789615127188,0.010611877548329929,0.48361592113045226,2.47002417296349,2.547567314010191,3.0530929324457934,0,0
2.586318939928404,0.012991075163359955,0.48473544966614307,2.41082868214407,2.947546901968384,2.751071942604236,0,0
5.481384165834697,0.008492054916530156,0.47160634033392307,2.18183813942854,2.428372791388274,2.333039639719467,0,0
4.3663215867736085,0.007249742489030098,0.4650170018801315,2.2867722224996,2.313857608579382,2.2494990996460014,0,0
5.279163568009594,0.00898547113353998,0.47542896951125446,2.2507310779785,2.5085218490894494,2.1934779565703386,0,0
10.204017687799677,0.006249669685668868,0.4860260056925603,2.135217970165157,2.379199660584722,1.9507432567192595,0,0
4.203339125723701,0.00842221040745006,0.472702890422714,2.51842781053434,2.4023585260338445,3.477369361880978,0,0
6.485799999999998,0.009220000000000006,0.48002035510897983,2.22779,2.3960754995237754,2.4598208849943948,0,0
5.450901676614492,0.006842985965350046,0.47856804596925195,2.16116580498998,2.111658336293364,2.4661124060187802,0,0
3.736720297216607,0.01208312102314002,0.45456269534277166,2.37188665757869,2.5372901617450547,3.0286591729122145,0,0
8.6675332230177,0.008281668349040094,0.4515667479269506,2.71295042959794,2.193204727425567,2.493157616395123,0,0
5.374801833999612,0.010188898576249938,0.480787291792144,2.70657624329059,3.7397878907158018,2.4557790248243028,0,0
12.189555329115692,0.009176053278389995,0.48168990737500533,2.1039698226667,2.246651729221514,2.2928218039364983,0,0
20.52132732440799,0.00958629679608003,0.46758860551979015,2.36370317999051,1.5832108625769123,2.8717192959422193,0,0
2.4861999999999966,0.04532000000000003,0.4894286353955579,2.21818,2.658665375211879,1.485851903435469,0,0
4.590266734492445,0.013244812080480006,0.4756806617061482,2.46039255470416,2.861360737611942,2.527308958704217,0,0
5.169149768148998,0.010110048096670043,0.4634969917677404,2.26884676288603,2.5300839049112147,2.2001558193108783,0,0
6.3701603071672395,0.00922690102389101,0.47561721897234516,2.3650583788395907,2.2509485957106885,2.6375061297357996,0,0
3.9110000000000014,0.006939999999999946,0.48977016770385773,2.07326,3.3215455846294004,1.8730403123217967,0,0
8.644269760837801,0.009893519557350183,0.4757810323225299,2.20402665591035,2.3227619642263333,2.4952526889445275,0,0
4.868789727270155,0.009238217136285032,0.4790570607051532,2.21684606306235,2.4429448686538615,2.4615389009953215,0,0
14.242999999999995,0.008979999999999988,0.4900580217638867,2.22544,2.807328403164728,2.3857494970730557,0,0
6.326328431940098,0.009610551305490045,0.4717960452511658,2.20945883871853,2.4005831914864246,2.473940692483441,0,0
7.3331557807334065,0.009304678032159952,0.4810440509354648,2.51814253233838,1.8937941132970983,3.400298167774231,0,0
10.956000000000003,0.007370000000000099,0.4921456011562892,2.25006,2.3792166266986414,1.618975037386403,0,0
20.558999999999997,0.016589999999999883,0.47191850062812213,2.48329,2.8300483705979413,2.353349865924716,0,0
7.341999999999999,0.006050000000000111,0.4870634843946275,2.43956,2.8326249945718156,1.29294430977368,0,0
10.598301939058189,0.02000367497691613,0.47876854472689123,2.1846396583564176,3.456235210583406,1.696202190509382,0,0
5.582200901309548,0.009843568575545136,0.4793311785362311,2.343767622916055,3.0897559637584595,1.9105174833175211,0,0
29.339,0.008599999999999941,0.4568574529683275,2.32395,1.767817437097718,2.3159987500478296,0,0
9.66669810868406,0.006601872669153019,0.48747129255606686,2.173478846563665,2.1471043367788343,1.9920552452942695,0,0
6.9637693928128925,0.020463432465923193,0.4774065916466,2.2208043494423793,2.4646612036654005,1.52790917280605,0,0
5.503530942464593,0.009113240271070078,0.4740908278651477,2.68880509255755,2.2789065353103592,2.6653967770189193,0,0
12.661199999999994,0.01756000000000002,0.4799222132388724,2.18154,2.992918705557116,1.627760913881832,0,0
7.757868400611997,0.00902462471497012,0.45175923638378473,2.44581312084679,2.608030255906808,1.7750753208546883,0,0
3.1284811223356,0.009416537604499897,0.4708085181612971,2.28751030039256,2.304255694107219,1.9328485977179866,0,0
1.562100000000001,0.03151999999999999,0.45954063783400084,2.16018,2.4397778354383335,2.878218131540969,0,0
3.6684297121509957,0.009034406916740068,0.468428100463401,2.64973855565759,2.163355238129354,3.7950366284614105,0,0
4.523877504244695,0.008925114606330053,0.44881197384974847,1.97508406240599,2.1917681085709266,3.328448392848538,0,0
8.748000000000005,0.005410000000000137,0.4973760006302583,2.2335,2.7038423032071064,2.067773349667375,0,0
5.608611184362601,0.008744726806869885,0.4567263899532681,2.22111935028465,2.41779320256413,1.945653057273712,0,0
6.2119,0.061530000000000085,0.4899721432446889,2.13334,2.4468197469317055,1.5384244952464237,0,0
10.802466782099089,0.005857397442727841,0.48440457655429003,2.092604248801279,2.6894502834563236,1.8981238980282849,0,0
11.521239283524707,0.03252153144184011,0.4770961397977881,2.55842969374492,2.527466094920248,2.5602294945458355,0,0
1.457315771230597,0.009538838468039934,0.46659570259943745,2.48566855751567,2.7163542500925923,3.510740687064722,0,0
11.399000000000001,0.00831000000000004,0.45858756992785205,2.56583,3.1246124280292054,1.2477595850950423,0,0
6.37995792100989,0.008590678029679832,0.47580048777809286,2.144997017761035,2.187645810557887,2.68101971243212,0,0
18.042,0.006930000000000103,0.47005648226351354,2.44997,2.9654514544767663,1.509655636541993,0,0
8.051869275430207,0.01876004264219011,0.46122593186325983,2.57340501368968,2.3482020358046247,2.4532891631757088,0,0
5.753721719325796,0.009612378836060032,0.4713788066421758,2.27837380955959,2.368767644934055,2.308501470106519,0,0
0.6775999999999982,0.006109999999999838,0.4901573857555419,2.14173,3.090691272540908,1.8493633324268552,0,0
5.646599999999999,0.009050000000000002,0.4486323895240507,2.25124,2.630409439361289,2.8896488362596977,0,0
11.39800000000001,0.00275000000000003,0.4256210602161196,2.13429,4.343400497820627,1.5038766911562322,0,0
14.174799045252968,0.15361455937676927,0.45938517781262084,3.53314257365914,1.41799261440567,7.565145973340132,-1,1
7.502300000000005,0.005819999999999936,0.4881971827115763,2.29548,2.4395094811658984,1.769107312059605,0,0
10.989694943585079,0.00946287842583593,0.4847696979158194,2.2415405889655498,2.266309923212823,2.214792563760222,0,0
7.276499999999999,0.004529999999999923,0.4898278078998099,2.27588,3.2783117246124407,1.6235037856970815,0,0
6.406400095873607,0.00907520429090014,0.47562652156440466,2.41652174429809,2.6705515470433827,2.7309297267097694,0,0
3.127595787632899,0.009181668136539756,0.48074651765480103,2.51418984196429,3.1263293360481144,2.753270663078569,0,0
2.128866973967291,0.009637942531290022,0.4586111344270359,2.31505339253634,2.26020689391329,2.151747604036033,0,0
3.0904237901130074,0.00835473035434986,0.46615492124768393,2.12600580581046,2.346599344229109,2.294269230994336,0,0
9.2494816958164,0.00863059673290012,0.4757248619437609,2.53304537769775,2.422715042691326,3.0729155210106183,0,0
5.613397036143709,0.010876396889969886,0.4740755679538656,2.28444981421768,2.592660162544642,2.136891903442457,0,0
5.8818458460900445,0.007602140312350514,0.4564314897314421,2.7187185451672145,2.1312826428783302,3.6382855715706226,0,0
16.203500000000005,0.025514999999999954,0.48408997766027545,2.352435,2.7473009000448987,2.0574952884853914,0,0
3.8149999999999977,0.00804999999999989,0.4817128314747825,2.3841,2.1325437172531014,1.9675881133379407,0,0
13.879999999999995,0.022094999999999976,0.46054108291327245,2.4172,6.897225992683551,1.7215548343271192,0,0
3.380576030661402,0.008910382877530099,0.4824876904676475,2.22099528549876,2.624935901746006,1.8483444100482793,0,0
8.339657263426645,0.009168386685925123,0.4744323572914909,2.13389265318436,2.44324772469998,2.3305731072093616,0,0
10.957099999999997,0.00719000000000003,0.4793109677693591,2.07811,2.53041743131517,2.304789792562499,0,0
4.853475719933698,0.009810996146199846,0.47528520235156696,2.52697623242747,2.927398113711041,3.3968461947576825,0,0
6.550868854245394,0.009639846199485547,0.47673141401204305,2.385618117857153,2.4168946786719174,2.0974305497816195,0,0
8.134,0.012390000000000123,0.4784149779101505,2.24463,4.931326440212382,1.3484464007247858,0,0
3.3176753560666015,0.016898413795300105,0.4547436415698156,2.25963383342378,3.270006854094723,2.7007783095446047,0,0
7.0732551265464,0.009966387106939978,0.4959129101122306,2.84005776558736,3.4464199579031862,2.039668671943346,0,0
5.9375809275679075,0.010048478630179991,0.4701543329433992,2.49122639459824,2.5461882598321983,3.0850588679976063,0,0
14.501000000000005,0.006800000000000139,0.4912827764583597,2.22917,2.560855873767288,1.562338801804242,0,0
3.5871412488647962,0.011994883633580145,0.4777398071996945,2.57172926691451,3.0370149377113402,2.640052672276354,0,0
2.1321999999999974,0.009220000000000006,0.44871114315481736,2.27968,2.67483515090033,2.939901518642593,0,0
3.3113678408977023,0.009283831232310025,0.48171951783404826,2.17571738458059,2.883325263886307,2.0520986266308547,0,0
5.782095600567601,0.008343815145239963,0.487918025146725,2.76989912636809,3.1092256269161958,2.1105660412224463,0,0
9.778227045177005,0.10944215842429394,0.4674884039167841,3.2433597648096244,1.6093948174307706,5.8578893719347676,-1,1
8.729661682258694,0.012516340260030123,0.4858354721963231,2.52076138465847,2.3673240094643506,3.264357784956744,0,0
4.6156788783432035,0.009838980099589945,0.4745161505228257,2.51674973382011,2.797274960652448,2.8876469332798176,0,0
4.619399999999999,0.005249999999999977,0.4695117660372047,2.02311,3.22894681979916,1.9606543674249206,0,0
4.315079904294507,0.008951653476940047,0.48212384930058866,2.32208673650259,1.6942276574236794,3.626443910452287,0,0
3.8521999999999963,0.0046999999999999265,0.4792194266630487,2.18926,2.813327680957067,2.245914240542264,0,0
3.2177021425160035,0.02305334176111984,0.45733719358112085,2.41722683972282,3.1784333705994867,2.2111409150455428,0,0
6.032200000000003,0.005609999999999893,0.4890812885286024,2.18677,2.7469398409494414,1.63814737199449,0,0
14.757999999999996,0.006470000000000198,0.4728622616601654,2.32566,3.101924664118034,1.8260204789116838,0,0
7.895663935380114,0.008026233793129833,0.4690006414079408,2.16985233636974,2.261119898425496,2.1480308248088167,0,0
6.381,0.008789999999999853,0.4788308182410559,2.14693,2.5263117178779697,2.335676550050765,0,0
18.488699999999994,0.021730000000000027,0.48193137939631076,2.13667,3.7393186886475895,1.2158362025549005,0,0
4.90388373852511,0.008329110983269938,0.4548151026858433,2.32022917967588,2.454787393637997,2.9770735214711266,0,0
5.110401245610504,0.06254446795289992,0.47533286217127874,2.9356983250799327,1.9335689622605476,4.238030961400625,0,0
1.935076510598364,0.008684597496786406,0.4611487671191852,2.2848466886420216,2.2210525485380193,3.1190501096130547,0,0
8.109298712612002,0.009900808287970131,0.48945991217594775,2.56345198134091,3.048548661857765,2.297749689963827,0,0
1.6827000000000112,0.011740000000000084,0.47074547190782573,2.12662,2.3153269569699964,2.5755295004171415,0,0
2.473627553677602,0.009400795062019851,0.4603389055634677,2.41251677754984,2.8072242494976476,2.3787599674106223,0,0
8.806899145456995,0.008913262439959935,0.48133178429110773,2.14075887861077,2.264844287443519,2.457486856560004,0,0
5.457999999999998,0.0317400000000001,0.486125863617554,2.21292,3.6931432110342475,1.1690781181298548,0,0
20.848000000000013,0.006899999999999906,0.47432925579459184,2.26541,3.0110281108708468,2.2619444629716092,0,0
3.9288917910447765,0.021938936567164058,0.4711772333080994,2.1635356529850744,2.6816810877097548,2.6741631780966597,0,0
10.909999999999997,0.00719000000000003,0.4996288401154367,2.31907,2.402063699620914,1.5997638659314102,0,0
11.09222223517341,0.008117143779049929,0.46112868736111134,2.18646810967926,2.1903013603996775,2.6221274416478377,0,0
4.254749919479252,0.009580252325189997,0.4793866632123974,2.21912951931208,2.511344200589117,2.3154646560892758,0,0
16.101,0.007224999999999815,0.49579298742010547,2.253475,3.6699282544910146,1.564679147637425,0,0
21.48400000000001,0.006529999999999925,0.4983772537862402,2.32425,2.5123654115513068,1.5495034273629125,0,0
9.048000000000002,0.00766,0.4805024868794041,2.36288,2.6526818723193326,2.4184548016366896,0,0
4.027298898154413,0.009901878915249851,0.47210109616956003,2.67166640460422,2.1266103646110954,3.413386843381162,0,0
8.668899999999994,0.01480999999999999,0.4881502194616028,2.17863,3.1450417155376544,1.4785547877074499,0,0
2.2207040000005946,0.010207634319399972,0.47771557393142416,2.22189684276474,2.330334622684073,1.949092208318441,0,0
3.7908036846354918,0.013296194876539769,0.47555420514972774,2.4564057455113,2.966167013430962,2.5691599006390167,0,0
15.73431714930399,0.009011152427380154,0.46568840075029716,2.48182649427236,1.796228817757211,2.0506757989391304,0,0
4.452312483502297,0.009899931650729998,0.4683761526397276,2.15126659611895,2.6200814271956383,2.115968806050591,0,0
4.091124816064607,0.00915508463489001,0.46931757026210624,2.33098207782621,2.2784578821369443,2.321263024381431,0,0
43.482397260273956,0.01711696160389309,0.5592279855247286,3.616584657534247,0.7743768477387205,8.572173590174382,-1,1
3.464199999999991,0.005029999999999868,0.4899623918693132,2.25479,2.3131553113453225,1.887802115775656,0,0
6.377586902369998,0.011233218460170002,0.4655775078097932,2.43320084276554,3.4171290290983767,2.3722478312181985,0,0
3.3975318660354077,0.013449828360359906,0.48516828849443133,2.58418714742982,3.5267604225280467,2.600497605674344,0,0
24.137,0.006600000000000161,0.49024899591338394,2.33251,2.605652688313396,2.073098501475269,0,0
14.783585887268885,0.010207027205104025,0.48483795132586116,2.413151361303845,2.3525533180109,2.3422169122112417,0,0
13.211500000000001,0.007305000000000117,0.4625309612146554,2.409355,1.674643310327752,3.2488582592450332,0,0
5.817923822189002,0.005866526845709874,0.45336680652251776,2.16808912694325,2.178469218581601,2.2467941087246035,0,0
11.744924940071897,0.009799780631610133,0.4911688743525191,2.73221735939282,2.9203028657491807,2.551081743187863,0,0
16.667033274907,0.008985209350540035,0.4807862096355761,2.62573184142516,1.998873252777292,1.9976667054236725,0,0
1.1691701060177024,0.010096862970369935,0.47683465029904565,2.27465206738989,2.482652969450488,2.329615345922125,0,0
5.633299999999998,0.08475999999999995,0.46207433715311774,2.05801,3.5749929174598285,1.8540269074824915,0,0
6.4979999999999905,0.006480000000000041,0.48092760025959264,2.22881,3.480745811395166,1.861857242844749,0,0
6.055099999999996,0.005570000000000075,0.48580607803948667,2.11424,1.9488252621044062,2.0782581096093002,0,0
10.248991307487202,0.01038599216469005,0.46134083329783887,2.47733732122033,2.4402862321363923,2.2322709152277076,0,0
5.608604924228601,0.009393946309180112,0.4848424274104891,2.3271905412736,2.542172264386828,2.194748126340492,0,0
11.334800000000001,0.0047400000000001885,0.49135956613251436,2.32729,2.5292097700375704,1.5431755414774946,0,0
8.359182687719397,0.008588418935439934,0.48829339593903354,2.67084845357137,3.4114443444585762,2.892889633057333,0,0
8.554000000000002,0.007070000000000132,0.47777297474122016,2.27304,3.502403036160817,1.8612719148040717,0,0
12.916000000000011,0.008480000000000043,0.48153486055995387,2.24456,2.687080902884511,2.2502257345692818,0,0
2.1396770118134043,0.009056151341209961,0.47888797140836453,2.35667266278438,2.823876499511179,2.0702463259643955,0,0
2.8759419541393925,0.011953710417839769,0.48361102741021356,2.4172970434977,3.117977099761871,2.751431724285467,0,0
11.576999999999998,0.017120000000000024,0.47777978230801615,2.25192,4.681482835019757,1.3404107937649972,0,0
4.612364134960799,0.007226777739429924,0.4724926944976051,2.0155175728154,2.685219488000694,2.3686042956952806,0,0
7.6892456186983935,0.009465157789400047,0.4771032949803466,2.67699794653877,2.6956612816110987,2.6725725819763317,0,0
1.3656644479569024,0.008899688713159826,0.46214235318677466,2.39629147571925,2.609842165816567,3.327495365655448,0,0
2.826999999999998,0.008410000000000029,0.4788755422584706,2.14192,2.5136174332539096,2.3743615244027447,0,0
6.080299999999994,0.007570000000000077,0.4750498584968375,2.13544,3.1282992781987287,1.5048924406135056,0,0
11.158500000000004,0.006035000000000013,0.43994252733604466,2.204975,4.152259371362651,1.8370588528453413,0,0
6.225011296928329,0.00859647098976124,0.474272660371786,2.359029266211604,2.2717934294558644,2.762187948219856,0,0
4.198681279051499,0.00862127349788988,0.46258411900613966,2.44519095711444,2.6760648806536675,2.700707885627415,0,0
4.210198067791694,0.009928483035589908,0.4810994490499994,2.18310252124158,2.2544650428683606,2.3275204082137466,0,0
2.8383747617853885,0.008683638451140174,0.46860487158588415,2.17578715523419,2.781686147468835,3.5068362192699967,0,0
14.011584275772599,0.010262681387389838,0.46316713500898876,2.46134594354363,3.426383099036823,2.21315512181148,0,0
3.7621741738513492,0.00877709305005503,0.467016986002782,2.19555932030163,2.406865205842332,2.3121171836918357,0,0
7.984999999999999,0.006280000000000063,0.4427953898987437,2.38286,3.7514669562628082,2.148105296328174,0,0
4.61999999999999,0.018930000000000113,0.47056190705868406,2.21182,3.9722015083141784,1.4374640852230032,0,0
4.793727025979592,0.008540428869340033,0.4792600023149765,2.17388179726729,2.399073519421394,2.4221247283718177,0,0
3.8962306487978964,0.009312135584859993,0.47421385998961507,2.11712866228889,2.2394854445609713,2.659104769750184,0,0
13.249499999999998,0.1050899999999999,0.45938625374964337,2.17241,2.1844684629016666,1.7058771277902958,0,0
4.616000000000014,0.007160000000000055,0.4999989806590244,2.31433,2.557850866773114,1.4197921787242054,0,0
2.584629610494403,0.03079957565575997,0.4848346700738457,2.68977598338776,2.7721793773746786,2.731440064364834,0,0
3.2170675768783497,0.009682646221854885,0.47326927607845337,2.141800205090425,2.3285047362708022,2.4636632264866174,0,0
6.3407573070251,0.00845981903751003,0.4836751439493766,2.14756924994834,2.037354452259662,2.4624282895883356,0,0
22.150499999999994,0.012709999999999999,0.4876527505005884,2.24345,2.879209444505116,1.622564120905114,0,0
12.469999999999999,0.006899999999999906,0.47856967438379283,2.19479,3.963258481129612,1.8275237103279298,0,0
5.441800000000001,0.00827,0.4740905371333488,2.26774,2.2428516653377764,2.529900480550685,0,0
9.632828952861004,0.020839066023799813,0.48439242269905564,2.44923656669835,2.1663025680604746,2.244404368212094,0,0
5.555416661493496,0.011303270958579859,0.44749448867970465,2.66008192392002,1.733904453060691,4.839828812237899,0,0
9.611797093486487,0.00911029851815992,0.45637202820575273,2.13099038199939,2.353850923346702,2.330398157631743,0,0
13.707999999999998,0.008580000000000032,0.469564358659577,2.07798,2.14002895435692,1.8160014451752757,0,0
15.478000000000009,0.010296666666666399,0.48990574526061126,2.4544966666666665,2.752835779310197,1.5848066989031726,0,0
6.331971881606776,0.00864826638477778,0.46109894884722963,2.1513857505285414,2.405486975199365,2.0335777101955617,0,0
12.975099999999998,0.007079999999999975,0.49264411898283117,2.25151,2.0926266051423856,2.376458328697832,0,0
5.4036812577987945,0.009585517154010015,0.46913003007585524,2.17460973535944,2.429418864125119,2.6674546993250288,0,0
14.345560391485506,0.012207600981729794,0.48505617551330515,2.4750780629209,2.9021227072866216,2.5649093224183614,0,0
10.696100000000001,0.006210000000000049,0.486049701005532,2.19219,2.4745896416760216,1.4653247453331928,0,0
5.600477542508102,0.01201604907956999,0.46749097418656577,2.49002867891227,2.185072054077958,2.803472254317949,0,0
7.526250270222704,0.009767044572690065,0.47216148504212324,2.75901113301619,1.7544089825659426,4.161800450163437,0,0
10.995473852866297,0.011720844513979811,0.4610970923854837,2.43329516190634,2.679171958619391,2.4904017830346192,0,0
4.560400000000001,0.008859999999999868,0.4872027734860761,2.24725,2.20279714629673,2.3334150295991853,0,0
5.351228594119505,0.013182184247169992,0.48537763805994655,2.5242555258915,2.3751728918282575,3.5576501157864677,0,0
6.098589048799397,0.00934603161265013,0.4520138724667918,2.13872097684103,2.051637056199243,2.2973104179258224,0,0
8.721000000000004,0.007120000000000015,0.4807042694001395,2.27664,2.5288700133613284,1.5395021996682838,0,0
60.06100000000001,0.0049000000000001265,0.4804482822997912,2.20489,3.2140712709059405,2.010702516444754,0,0
0.9960050405297949,0.009990403653469926,0.4618580452443803,2.08940127674864,2.4007342035151544,2.624494379435208,0,0
22.485000000000014,0.005619999999999958,0.478139405825708,2.343065,2.859733877786105,2.16726178688095,0,0
9.259,0.01407999999999987,0.4822747448971907,2.10837,3.4262253003054273,1.856267976884677,0,0
8.039000000000016,0.007010000000000183,0.4953210109452109,2.2318,2.567894170173999,1.5797724610013857,0,0
4.813000000000002,0.005049999999999999,0.49556202345852157,2.10993,3.5675927634326112,1.8086924448269504,0,0
7.2318952564477,0.016521030776029955,0.4793657592983698,2.46409537097463,2.545939012515795,2.613586340872821,0,0
9.488500000000016,0.024499999999999966,0.5007698566101063,2.360635,3.330673530202668,1.1746682327276665,0,0
8.22626742244259,0.009481820555139908,0.49492878761735654,2.6798978102984,3.151874540575334,2.1925341170348815,0,0
7.8961216821234,0.007971551960680001,0.4584213978129817,2.15138126301918,2.2824856390852806,2.415915853391802,0,0
11.251000000000005,0.007929999999999993,0.4878179296367713,2.18448,2.7953675669734306,1.753669358230297,0,0
6.356085696882317,0.006878574344022725,0.5019480848298655,2.262204055856038,1.521694376955782,1.5126197304400701,0,0
19.60299999999998,0.014839999999999964,0.4869411820665381,2.33187,3.3581520548637678,1.8049025272953985,0,0
5.1077011894679885,0.009763361302079998,0.4727072158133856,2.81448065796347,2.299078448321141,3.6529935258328363,0,0
3.07622028033299,0.008881125275210122,0.4648314384114484,2.31972839265491,2.6639341824892906,2.7131797416127306,0,0
13.514405964866896,0.008432175387830032,0.4837257505041218,2.18851784797954,2.1564488880102104,2.8989669757128524,0,0
17.815966442953027,0.00709657718120793,0.49335364080790917,2.3067673154362414,2.6603829988157366,1.4245630304440808,0,0
3.274000000000001,0.0029449999999999754,0.4961691204986513,2.075445,4.800834277912918,1.3459164468812395,0,0
24.024,0.009039999999999937,0.4777533471977487,2.28172,2.4696392951701482,2.324870453967447,0,0
1.708120784815108,0.00956440667781,0.45772160633988945,2.443905384168,2.9731801344122273,3.209694871280259,0,0
7.720300000000009,0.02304000000000017,0.48527243810162163,2.20269,3.180405676478788,1.2289079103866476,0,0
5.875200000000007,0.007540000000000102,0.4736589747866034,2.22711,2.1956166602602822,1.5971671791835906,0,0
18.187094829383966,0.19392613351077603,0.4512970151549656,3.797597322095073,1.2952127701382075,9.304711009871948,-1,1
7.582087549955801,0.013518769382510065,0.47121142567531543,2.28964514923219,2.8250478248509605,2.349381389276633,0,0
23.49600000000001,0.02017000000000002,0.4973860909333312,2.31145,4.831208541213835,1.4775807699668018,0,0
4.873961496949704,0.008320487442329938,0.4589253986545265,2.35016652821317,2.372163127791307,3.311674903711576,0,0
15.962415847612604,0.008899963665039978,0.539845558787248,2.84375109883533,2.319136267975024,7.916142479766193,-1,1
5.292999999999992,0.008520000000000083,0.4944825067974115,2.22249,4.0550557659932664,1.263981061563219,0,0
10.819688071346206,0.00802274807355019,0.4891128556545645,2.52026034912721,1.9011207106800145,2.0810998493273947,0,0
4.677161308175755,0.009708984660344644,0.4526832323799926,2.0586925101793856,2.198828408417084,2.502516115773372,0,0
6.572654263776599,0.009780141391739994,0.4660121235408983,2.34667298015029,2.3590490396499977,2.1636423144112236,0,0
4.034100000000009,0.00623000000000018,0.4795091473234994,2.28359,2.159013659429435,2.651413814198497,0,0
3.9646224438781985,0.009556117710600054,0.466602018231104,2.54172761220931,2.8656744343740232,2.315177128281438,0,0
7.4950000000000045,0.008490000000000109,0.4888026171698896,2.2035,3.1165054215994097,1.5346729629924816,0,0
8.124070877479156,0.009361414227734954,0.4744885701638715,2.16820633073282,2.057329717931515,2.5546008996017475,0,0
6.233499999999992,0.006985000000000019,0.47308091484926473,2.205765,3.512139006918063,1.9899341307612965,0,0
5.913401791751305,0.022323058284509978,0.473015818704163,2.38012385723745,2.6816313273889976,2.5527224769465127,0,0
2.3176739229229923,0.009902366752880143,0.4808671690587075,2.40484274641036,2.431986142030154,2.9983331340117636,0,0
3.976531877923364,0.006942263931234205,0.5065949841677774,2.311699936328813,1.4462184403567204,3.533153508095464,0,0
13.190007381621307,0.007337929395089926,0.474317894963985,2.40236557807241,2.4836347881555807,2.6498088792618897,0,0
15.429196755199996,0.04614685671926266,0.45464932753793047,4.39985029420668,2.4075314796089518,5.297770448088617,-1,1
3.8857744564162005,0.009630160199159965,0.46968792037530854,2.27023670846189,2.365463586349058,2.547161790716158,0,0
7.954068503301201,0.008228917082139908,0.49176183137216833,2.24499188386439,2.3559822047176415,2.487721893609937,0,0
7.275245067791587,0.008984233541269981,0.4778956550065224,2.67644264669697,2.3854977294017266,3.001594305850876,0,0
7.276777409487508,0.009087633410239881,0.4592280239856712,2.44386714521938,3.063808149609033,2.2812605763216873,0,0
3.2995019563133923,0.008488055506800096,0.4667458070184721,2.19121265748164,2.4402333909051683,2.3118581378074277,0,0
8.406300000000002,0.0080699999999998,0.48200753080395037,2.21784,2.796788026265123,1.4825965967342278,0,0
9.622500000000002,0.005249999999999977,0.4815701816937711,2.20322,3.0961645122285524,1.707173641745995,0,0
9.538899999999998,0.009580000000000144,0.4769747479201576,2.18975,2.962637291391037,2.1099549851874335,0,0
7.322991895221804,0.009338731976409997,0.46249111946679494,2.2160212861357,2.285554483387459,2.0610624065297283,0,0
3.1723262806937953,0.01116771355094004,0.4720451437834596,2.63438237172096,3.2207389590763964,2.3143676842049996,0,0
26.234999999999985,0.00778000000000012,0.48816579200603166,2.33502,2.561315039785193,1.456700612940924,0,0
5.238100000000003,0.006220000000000114,0.4963790075683404,2.34813,2.2044129721859016,1.5907758305050415,0,0
6.4609999999999985,0.007640000000000091,0.4941764236525027,2.19122,3.6404564738318754,1.4764959255781953,0,0
4.601638022178008,0.008301431363910039,0.47247392286375595,2.41327356716926,2.754238054283855,2.8716988196450997,0,0
3.5668297589850937,0.010357900395319808,0.5096252485213252,3.15586808951558,2.3429124540588204,3.59221583738486,0,0
9.8885167925838,0.00895220902184013,0.46027174358899137,2.48673964554291,1.9923389019065372,3.6163447558119897,0,0
5.89500000000001,0.008440000000000003,0.4731048883091187,2.11143,2.00796734261511,2.4930274874800724,0,0
41.989377990430654,0.014523987473903821,0.5038558967032642,2.626253668261563,3.9157635664118673,1.6345511580982297,0,0
40.30000478468904,0.014083757828809995,0.5038112164076157,2.601185869218501,3.704804591861666,1.6295916446182814,0,0
3.912719434723499,0.00905705717039007,0.4717796491817213,2.61862081615183,3.0932901866007065,2.3946493992057447,0,0
6.021947968264698,0.007984648626970126,0.4719104433716041,2.15742704437509,2.0979576824031985,2.5266480806984664,0,0
18.341000000000008,0.010380000000000056,0.4737243150285919,2.39154,1.8105295233575178,2.4153341626881515,0,0
7.608999999999995,0.006410000000000027,0.4865376173661045,2.29137,2.786594903363765,2.061591027887956,0,0
4.097999999999999,0.01163000000000003,0.4914824001729329,2.11042,4.336027746725141,1.401962675411101,0,0
60.12521701847501,0.0057998245732675535,0.44800393727045207,1.80901398654389,2.6067795189655674,4.278661148554637,-1,1
14.61214650447151,0.011153829470849974,0.4922723021300596,2.336652444774775,2.2483810279980596,2.1235164115540934,0,0
5.814820923837601,0.008217837801280048,0.48670546381176377,2.39687363674625,2.946547067080947,2.238037190386561,0,0
16.545000000000016,0.007079999999999975,0.48236741838473846,2.50755,3.254828491965389,1.6961723428511524,0,0
4.76680246568759,0.056760328005879934,0.47321872812290505,2.54530218586523,2.840512181115634,2.455562969014869,0,0
3.5546000000000078,0.00666000000000011,0.4857183850325691,2.23278,2.6459201072085796,1.5025111048571238,0,0
13.469000000000008,0.00719000000000003,0.4851455739691604,2.21414,3.439610079236316,1.8915767490428124,0,0
7.677010243718797,0.010806426638000133,0.4805064821499463,2.34927571180343,2.3933300905860357,2.3100733807575518,0,0
5.046099999999996,0.010669999999999957,0.47627314164578627,2.28877,2.2364398914114294,2.559288849975071,0,0
4.084000000000003,0.012920000000000043,0.49430060871493936,2.16791,3.4952939331885804,1.5023269425687733,0,0
4.026899999999998,0.07363999999999993,0.49026055491726417,2.32913,2.5859479048697622,1.5745723154879425,0,0
15.611999999999995,0.053389999999999826,0.46864093711518706,2.40408,3.248912157317277,2.1101208365286963,0,0
40.43699999999998,0.007340000000000124,0.496387767152657,2.29151,2.3319231322050573,1.5781276474800088,0,0
8.028638492146698,0.018982353777879934,0.47623844951832334,2.46852327222218,2.824236343526339,2.528083156072912,0,0
4.207999999999998,0.012904999999999944,0.4801712716882951,2.214975,4.141539379053553,1.5334955194904174,0,0
6.955930690656302,0.009665968682570192,0.4808762028552439,2.55782213059134,2.641983393362139,3.0120829044197563,0,0
4.277299999999997,0.008369999999999989,0.4805751624918826,2.33804,2.416149669619607,2.380000078103339,0,0
8.265799999999999,0.006369999999999987,0.49168732955461947,2.17468,1.90838833241124,2.0000658286574087,0,0
25.238,0.009600000000000053,0.4750008190410667,2.35967,4.351358384511293,1.2674978560591068,0,0
4.999890741771793,0.020835608827819874,0.4599939825684034,2.45039449608046,2.5545534637375216,2.3377263785085076,0,0
10.669337401494502,0.008381719054320058,0.4573855965618196,2.28132597596408,2.870647797559916,2.2775839748719564,0,0
1.954302682474136,0.009282747966503635,0.46744953044201454,2.542425095339022,2.954179796786557,3.1919463993793373,0,0
9.87356393180606,0.006466275972296431,0.48691603437202885,2.158748566862014,2.2319876548658004,1.9767449844831162,0,0
2.344249782050312,0.009570695623989822,0.4629686339114602,2.59084518249287,2.9328206948799562,2.873821230900144,0,0
4.327970895522398,0.01884009328358216,0.46955178209589604,2.147108451492537,2.7769093818970063,2.5610119092333705,0,0
6.563569643841404,0.01150929231935982,0.4595694971224975,2.80227215108686,1.9627352964381524,2.915747366539278,0,0
9.498000000000019,0.006279999999999841,0.44700890147075617,2.4217,4.396686995909743,1.0683258967861264,0,0
3.735088607994598,0.009207220067810162,0.4833068162140237,2.33521081102055,2.468373799856929,2.5966246652190663,0,0
7.06498950223461,0.00920670576925997,0.4703150273115012,2.23556899634928,2.171152278005432,2.4993012022117616,0,0
19.340000000000003,0.009500000000000064,0.47995416846151656,2.20487,2.537307478902915,2.1707648283652885,0,0
7.340006345429998,0.008555640883439963,0.48367733978445004,2.22918002542062,2.4688974121345395,2.158044403256787,0,0
13.232,0.037860000000000005,0.47901919562447415,2.10552,2.447226104851746,1.9059258753276076,0,0
9.168999999999997,0.009000000000000119,0.4404346599476618,2.2078,5.843045191582124,1.149516496931924,0,0
15.192000000000007,0.009440000000000115,0.4737457934247994,2.328,3.262571023746691,1.9580949398344996,0,0
3.328329990622194,0.03144374649050996,0.47423288948995523,2.51132539957044,2.3866431451715377,3.49788954470766,0,0
54.87866985645937,0.0178827766179539,0.5041985148772172,2.817511690590112,6.031096549521626,1.6860028090895305,-1,1
5.0439775235439015,0.009389566338479982,0.47725519760987867,2.23102170087033,2.6763537999433877,2.4888909318074623,0,0
9.047621471848004,0.008245777796360043,0.47802929114239184,2.37262239306875,2.64148868806074,2.7670665034865634,0,0
4.157499999999999,0.013440000000000119,0.47903473458256624,2.17698,2.6862911610409608,1.579800956037928,0,0
7.079999999999998,0.009525000000000006,0.4860209018448004,2.16976,3.521942252300775,1.78858110980572,0,0
23.536,0.014119999999999688,0.48709587292264456,2.31364,3.2346881516038124,1.7984895373649576,0,0
5.075499999999991,0.0047000000000001485,0.48223672898478204,2.32083,2.6926497390591493,1.8062541521925228,0,0
6.92349999999999,0.006979999999999986,0.4747091302533648,2.16805,2.184912536324887,3.0041920341602038,0,0
8.067700000000002,0.009110000000000174,0.4920975762589145,2.14157,3.2163709770030824,1.6513518236884281,0,0
9.2437603198522,0.009470773527310072,0.4667981840689253,2.08764222133649,1.951384199703847,2.688307822844098,0,0
3.91279999999999,0.006850000000000023,0.45468634221703486,2.07081,2.8191424007863373,3.514077396082145,0,0
2.6685956042414034,0.008864952572489981,0.4880800455581793,2.63708582665041,3.3504497260019943,2.3731897375449713,0,0
6.718999999999994,0.009379999999999944,0.49054625167947913,2.278205,3.552256892552869,1.376686012851736,0,0
9.180111338775404,0.008300138432740134,0.4651603850302673,2.16944159425014,2.379127284496882,2.3577463460649932,0,0
4.653781915083499,0.016079866767040096,0.4778658003927599,2.45036773593067,2.685179690135766,2.5713461260115147,0,0
7.172384151930501,0.008189693712529866,0.46856628597966854,2.41751766659665,2.758392756732744,2.6912349116636562,0,0
10.739999999999995,0.01324000000000014,0.44484034481140194,2.03143,6.1584721173337575,1.0984016660045142,0,0
11.81669490149369,0.008322930174319954,0.45502991085552236,2.46273826361723,1.8962073326436226,3.3922197598688544,0,0
6.570999999999998,0.005430000000000046,0.4850715379553963,2.08867,3.475165908376844,1.8717067017413127,0,0
4.951400000000007,0.008840000000000181,0.4838742535800291,2.20123,3.384098897502843,1.2528884130172522,0,0
4.69111526573559,0.009606299665909868,0.4780747788987815,2.31761233766859,2.46599663040656,2.216731457023939,0,0
3.353812630167795,0.008272008635350048,0.47694190902317074,2.21410824405299,2.4309790110934935,2.2585903674694894,0,0
4.962000000000003,0.012280000000000069,0.47794877465653396,2.4022,2.460346082368383,2.262381841435985,0,0
9.361099999999993,0.007479999999999931,0.49189499025564604,2.27553,3.455033719756537,1.1771403012433355,0,0
4.268667949458589,0.011294618691559899,0.4458847278438028,2.54824551776931,1.6696765123847563,4.936811340639414,0,0
5.1118069797643955,0.008729524652600018,0.4665990568600557,2.31317406801473,2.5082051175209497,2.6191386963586254,0,0
3.051569679347601,0.03301870921203509,0.4820356475936576,2.529079061243065,2.9290604686578683,2.661121227317729,0,0
3.086397693439096,0.009039703062369897,0.4717231491164726,2.19033061795364,2.24233551001287,2.3833248942739176,0,0
6.314899999999994,0.007065000000000099,0.47814650881649245,2.225695,2.346284335273151,2.5042101093195552,0,0
6.551000000000002,0.007020000000000026,0.48491253026690484,2.09701,3.321009309862369,1.9535699490264593,0,0
23.6541,0.07281000000000004,0.47922756360559643,2.16131,2.5407468834959492,1.6187882129052553,0,0
5.481596685156703,0.018877200917619907,0.47261729502721034,2.29594649410244,2.655436821235389,2.1356757914240028,0,0
6.0380436820347825,0.010002211495402591,0.48520168181417433,2.3472311473617777,2.440567082776764,2.121052318675826,0,0
5.1591999999999985,0.00607000000000002,0.4854686498153215,2.12645,2.3088564225573625,1.9319883744376691,0,0
10.286000000000001,0.008440000000000003,0.48774759585225363,2.21796,2.55600352732406,2.134914332420424,0,0
4.753475798796501,0.008279114897500106,0.48136168089311937,2.13543232394953,2.5603143293759536,2.8479685543109707,0,0
3.167100000000005,0.017859999999999987,0.4711804850346749,2.12407,2.2181169917930825,2.879390014017111,0,0
1.446640997666762,0.007485618159630114,0.45114304812922207,2.0363417774404398,2.496654858624909,2.318659451492598,0,0
8.1614,0.005959999999999965,0.5001262997564488,2.23561,3.132467856858316,1.467520073817296,0,0
8.192400000000006,0.026639999999999997,0.48642233870331264,2.18431,2.5530524673298225,1.420516727852047,0,0
5.285819944796401,0.008441609781010051,0.45815887039575304,2.52200919366101,2.7548970754145072,2.802790026281314,0,0
6.161842764505124,0.008770597269624814,0.47368686002219385,2.356405409556314,2.2809118289565005,2.8205133844116954,0,0
3.6456970480506072,0.008100896896799936,0.47416410986614677,2.47458654669361,2.825598560894206,2.6733099844629,0,0
3.87997652028821,0.009157423699070133,0.4622468720490529,2.34662602932728,2.4371682849330556,3.197126538184369,0,0
10.618249999999989,0.007370000000000099,0.47185126521888476,2.157345,2.5066462143182417,1.5876573463827457,0,0
14.856912325269192,0.0315615956988502,0.47775367990355305,2.44220814240967,2.322693875850602,3.239906008160841,0,0
10.260200000000012,0.030079999999999885,0.4761410019962431,2.21372,3.606632002259029,1.2787702767064184,0,0
5.747,0.05815999999999999,0.44593792082437667,2.42895,4.18811799312455,1.8156683411480563,0,0
23.186000000000007,0.009469999999999867,0.46616838793644255,2.34268,1.8614164966640527,3.100197614302388,0,0
5.803809485614792,0.008618386390879973,0.4751119854011999,2.23554187703783,2.200221187124318,2.5613883855363766,0,0
3.4600758780603087,0.010123321999599977,0.4816540355748912,2.12628252660161,2.1281255903176164,2.6799991162652654,0,0
31.354000000000013,0.008990000000000054,0.4767229240711178,2.31544,1.9797651320470675,2.357181966247358,0,0
23.398500000000013,0.006364999999999954,0.48122374564447573,2.12617,3.9446499103521737,1.466034654003135,0,0
5.495448666142693,0.008725460421465048,0.47635078480568627,2.283498360381935,3.2538420602389126,1.917324476529928,0,0
4.322843215010394,0.008992194592940095,0.47445232950601435,2.04085375373242,2.569391002186579,2.6248237100535485,0,0
10.927412577407708,0.007346842182589963,0.44324553699512176,2.14293587419961,1.8228275531053713,3.19833935439244,0,0
3.7029211179157926,0.009686473079939972,0.4973503594720835,2.79104294242662,2.39220896288891,3.2758178769493242,0,0
6.965432710302096,0.008192863880390089,0.4694329008057777,2.10067968082198,2.21022993940157,2.5666507452380567,0,0
5.666724847993294,0.010295980685020023,0.4873782077721317,2.23433899592522,2.5089725017316407,2.5637791063780946,0,0
4.088099999999997,0.05805000000000016,0.48551409781051613,2.19307,2.906993633476991,1.3482685916449275,0,0
1.9789490538383916,0.00956723626586009,0.4786888335071397,2.44084912739226,2.4968914479406252,2.1078162660347672,0,0
7.109863693134997,0.011452120418359968,0.46232513769170197,2.55711111444429,2.30782960860017,3.044199744864172,0,0
10.505678556206718,0.00605193660095904,0.4852102416354414,2.1137376265316994,2.527813583110588,1.925178664558459,0,0
0.7941294048139014,0.010411737187220105,0.477386941861227,2.66898765179294,3.5310723633136365,2.6655399657297383,0,0
6.273950031343105,0.010622567464170007,0.48827068413745706,2.3080572057285,2.2977875775398715,2.4285437697553602,0,0
29.74759999999999,0.03139000000000003,0.48216383189688045,2.20942,3.4481449808465023,1.3729031635492224,0,0
4.564715017064842,0.008956996587030641,0.48906805149321175,2.28515590443686,2.201603701354837,2.1844219578978534,0,0
10.316441130106398,0.00870006242702992,0.4736579803031319,2.1819531703921,2.456516914259017,2.211791001330477,0,0
4.209594986638109,0.007245328669809981,0.465253487583123,2.07084385456955,2.7670380807204844,2.537029656065541,0,0
6.427000000000007,0.00645999999999991,0.4675751052353591,2.20023,3.392634762497776,1.9984001422095814,0,0
6.195416443572697,0.07344562602857518,0.4735736914703296,3.007212848600636,1.841666139706849,4.598531151718498,0,0
10.876149999999996,0.04952500000000004,0.47583342406304857,2.1896,2.421877768762299,1.5098449783780816,0,0
50.655,0.008119999999999905,0.47001322523144157,2.28152,2.6335086128106053,2.827847100392874,0,0
5.428554126659904,0.019924520920650002,0.4611155353346205,2.4652632080001,2.3990209617159715,2.59009461810287,0,0
9.138892930327792,0.009557934585720185,0.44424676806499197,2.36698061280792,2.602442245764343,2.848435933017966,0,0
10.540000000000006,0.00710999999999995,0.477673356334127,2.24355,3.5261310155518837,2.0116383290170026,0,0
8.508485914315202,0.009455049353989997,0.4853070418005618,2.3171007332271,2.4605499742139756,2.455465278792568,0,0
6.01939999999999,0.01338000000000017,0.4940523994969163,2.15656,1.8292917479688668,1.9391294409220516,0,0
4.038332663376494,0.009045754529839911,0.4622078176267051,2.85136289857349,1.9108834526428544,3.3070446550672963,0,0
10.616846055401098,0.008822097180640087,0.48691689671604016,2.32454573080112,2.3827514640892793,2.087087121205123,0,0
18.670999999999992,0.006659999999999888,0.4720565532829607,2.15066,2.980327360974854,2.165720624611407,0,0
1.1735710422316004,0.008592556155669895,0.4692746175312499,2.07414753018055,2.9406668714001074,2.493366745242327,0,0
9.696766233766226,0.040075757575757764,0.49114935348544936,2.211651818181818,4.757117656834887,1.2368411737311278,0,0
5.304400000000001,0.00719000000000003,0.47183370623219173,2.26636,2.4400566714012855,1.562553270491734,0,0
3.600999999999999,0.006199999999999983,0.48417732650165907,2.20428,3.880524718512441,1.763519403089153,0,0
11.489100000000008,0.008399999999999963,0.4822480732477845,2.070035,2.498060035406126,2.4095163699965383,0,0
5.311999999999998,0.0784600000000002,0.4852274787021932,2.11142,3.5661229604530917,1.096722701509185,0,0
10.441571005282192,0.008029109856249939,0.45563441279755873,2.24718920610191,2.82583594014624,2.365503085622041,0,0
6.703069805635195,0.008673610607240034,0.4686951413336782,2.35724527189856,3.258320648070211,2.383764307871589,0,0
2.8074221050280954,0.007878012548210078,0.4613904116961543,2.51561680900509,2.512926402336898,2.920057831983829,0,0
5.840903924168003,0.011832692260060007,0.46617392426433046,2.35420710314515,2.6188276666850254,2.8519035172040454,0,0
6.030941907163594,0.009209292460759855,0.46800880815841367,2.35604304364712,2.5888256482959924,3.074383342071406,0,0
7.886256852791874,0.011685126903553389,0.4813103134045428,2.1475850253807107,2.2839813949441456,1.5904274733280548,0,0
4.3928534701973945,0.010475257895149914,0.4578478481764187,2.25866869244961,2.297921954263901,2.5339704805188683,0,0
3.984716759776532,0.024192867783985106,0.4868439781223244,2.258077374301676,2.422790098217796,1.364577567435918,0,0
17.66300000000001,0.009270000000000111,0.47885671590923984,2.21215,2.5087215434292296,2.085144695984301,0,0
11.215999999999994,0.009959999999999969,0.48261432777919233,1.96442,3.935920819998657,1.7872574459893904,0,0
5.489699999999999,0.005469999999999864,0.4779566329776222,2.26169,2.5885264446323872,2.2383599722029186,0,0
13.552599999999998,0.008580000000000032,0.47587458611911654,2.15165,2.304940307745146,1.8384317388072955,0,0
1.7804010034324023,0.008593066256439963,0.4649160460167395,2.70998175286893,3.2379776307510864,2.759381465199994,0,0
3.7680000000000007,0.007800000000000029,0.48445086465904874,2.03739,3.622634587753355,1.7613468605710336,0,0
2.472300000000004,0.010159999999999947,0.4860402298421143,2.22781,2.0140698000696133,2.49311711794366,0,0
3.1563500000000033,0.03377499999999989,0.45895240428498923,2.13395,2.6283020669819726,3.040825187561851,0,0
10.365300000000005,0.006649999999999823,0.48880298109672543,2.26402,2.372418394687184,1.780966557015847,0,0
3.713800000000006,0.006869999999999932,0.5030402623306757,2.3419,2.448678795256615,1.4368127887081887,0,0
10.004321925908798,0.007932177275140173,0.48810368366625173,2.24131475137551,2.3275259982083476,2.121154694474373,0,0
9.803000000000011,0.006240000000000023,0.4355134322608573,2.2098,5.1098113127118046,1.6153762917275336,0,0
8.549885681305994,0.00986027680018009,0.47255816553305,2.23762033194601,2.080220851524948,3.0444062574926174,0,0
5.9114,0.007139999999999924,0.47641464592499083,2.19212,2.2356046367009275,1.68463985451164,0,0
9.554999999999993,0.021219999999999795,0.4425950817611279,1.99399,5.192774512662519,1.226180373980728,0,0
1.7152092003305057,0.00941778504425983,0.4748726731776293,2.15255132252799,2.359785019430498,2.4097908215557653,0,0
2.4479879855696964,0.011954838710279914,0.4790121324907258,2.45168274491142,2.8259327509572683,2.5152681916836324,0,0
10.562204866318908,0.009736186875380026,0.4977353112545272,2.27520500442656,2.327973066972435,2.2346113095089875,0,0
1.6747024869207934,0.011916647931629942,0.47202612137733974,2.64876276573144,3.300255548127238,2.293694182241129,0,0
7.198948078974297,0.007369310252659966,0.47654844742691693,2.60824453173855,2.6566304398833536,2.7295105058442792,0,0
2.078339383356706,0.008685491736400097,0.49346524781733514,2.82083380393015,2.5663196555580745,3.0527997107714584,0,0
3.1782053732062963,0.00797949501480999,0.47293107484203817,2.32970227061944,2.427108552419973,2.6252288015687726,0,0
4.730000000000004,0.00788000000000011,0.48537884558397243,2.08327,3.405935357122617,1.948263567817234,0,0
6.211099477770105,0.006664329994249929,0.46187465413843337,2.06306583014604,2.3764217347100627,2.6128944185889496,0,0
23.323000000000008,0.005986883482290484,0.3548750788080518,4.618096291883842,0.48433301546530333,4.369517005469692,-1,1
19.326999999999998,0.02906500000000012,0.48312326131393213,2.0555,3.498665031116823,1.9835999884132975,0,0
25.27379487480553,0.2595601894247366,0.43645853030660325,4.228174349125973,1.1558170051665766,12.592027544629053,-1,1
5.124144018971293,0.008040405064910106,0.4948796027755052,2.25598758390709,2.1082945671094686,2.2284742832433326,0,0
6.542924157651797,0.011106746433080072,0.4851943730424932,2.38428261056994,2.5821068351857392,2.24165715945923,0,0
2.132990568603603,0.009890158171490082,0.4705557345559179,2.47901074879402,1.9729238175182355,2.7636155554392694,0,0
1.0751999999999953,0.009640000000000093,0.4727314071796645,2.35176,2.247845857035626,2.4870077024248944,0,0
6.108503061530797,0.01040916794548008,0.49963641447489415,2.38435797952979,1.9297554319842445,2.5710027463499103,0,0
16.33489999999999,0.012685000000000057,0.4713779953067636,2.225645,2.295256854986316,1.7111758722621095,0,0
3.6883203265438027,0.007870974804140118,0.4498858358036971,2.34445078435887,2.6762706501331963,2.988470185447213,0,0
19.995000000000005,0.0093700000000001,0.4635170401689418,2.35993,1.9421455261197382,2.0909746635955875,0,0
1.0388499999999965,0.008074999999999832,0.4872157194781023,2.209205,2.475721994202768,1.5439988357466137,0,0
7.520028186112498,0.030720484210229992,0.4796816480829178,2.58706894884512,2.70767585270563,2.690810594760596,0,0
6.72999999999999,0.006440000000000001,0.45385422944572973,2.1854,4.263195830262868,1.6277141556349373,0,0
8.141999999999996,0.005690000000000195,0.4879986843477494,2.39825,3.1806159834009673,1.9986540892280322,0,0
8.573155804097297,0.008515337458450123,0.46817162816207253,2.34062728748158,2.9919821772028654,2.362932582623553,0,0
8.901499999999999,0.01505500000000004,0.4842979326397447,2.3559,4.2161270723027515,1.5989713859721473,0,0
2.0370285336995266,0.009253947176325994,0.4681169077972576,2.545613521973879,2.9487781026090487,3.2233817344201814,0,0
12.475949999999997,0.0069150000000000045,0.4887829115512652,2.25268,2.06308566008503,1.8308758281521116,0,0
7.658000000000001,0.005819999999999936,0.45524525491005735,2.08503,4.0372925670006286,2.2372391634399236,0,0
9.188000000000002,0.00658000000000003,0.48632658385556155,2.215775,2.25231204135964,2.046327956942801,0,0
4.319900000000004,0.019689999999999985,0.4893951806170597,2.25982,3.7979571716288736,1.2284453040629177,0,0
11.377999999999986,0.008939999999999948,0.4712092847316087,2.14198,2.452827113339889,2.3524968366160097,0,0
5.189879068624094,0.008504289175120139,0.47425722545874494,2.20781378030623,2.5568535464278073,2.174533364185944,0,0
8.1409416071144,0.008476830249859901,0.48611072548491546,2.27216375532802,2.3395259056950066,2.536170207565314,0,0
12.590925173591103,0.009201114650599918,0.4618970859657126,2.13407215452328,1.9455911205836878,2.478285615456756,0,0
9.893,0.008529999999999927,0.4721137278574884,2.12255,2.7567618687346322,2.351933717018378,0,0
9.519500000000008,0.007769999999999833,0.4512757821517861,2.26729,2.848372396574425,2.1997216408582805,0,0
4.755499999999998,0.006480000000000041,0.4937598805981874,2.39912,2.3306278419259474,1.550492281761937,0,0
2.981416711986597,0.009411697663874952,0.4834449281299698,2.269849476244405,2.6539659051930857,2.152525462515854,0,0
4.7311279351068976,0.00916864537480988,0.4556555361776494,2.69625083743651,2.4925696780937954,3.5082291551426477,0,0
9.933300000000003,0.015490000000000004,0.48571058284050167,2.27413,2.4385144638309195,1.475931328545781,0,0
6.125764277079995,0.010451243842690028,0.4842848751456389,2.358059958067,2.523847788383037,2.346246285353459,0,0
7.214500000000001,0.007304999999999895,0.49037037964592284,2.13703,3.1903938426522385,1.7578403623537335,0,0
21.28053750000001,0.03453290586504898,0.4828980582282086,3.3130755,0.4120379740034755,9.736942793897189,-1,1
7.390126240305605,0.010245066055219798,0.4754035836709725,2.47723812654843,3.3336259616579658,2.314730892948284,0,0
9.542390158617593,0.009263559526370146,0.4636729279132796,2.11416633250198,2.4477250734255,2.3522223294636846,0,0
4.072580253443803,0.007779389669410053,0.4532104335159686,2.42524410353967,2.1416709207645055,2.8752042652081484,0,0
65.614,0.004900480771113269,0.3304587437269847,4.596167185405808,0.35863059449443707,13.527108058677102,-1,1
6.715699999999998,0.005790000000000184,0.48329612779138115,2.20049,2.5719432476600805,1.94216917877637,0,0
21.47,0.018469999999999764,0.48513469804569337,2.2915,2.7762839145013993,1.9103233692632513,0,0
6.077351830344,0.017343630753559935,0.4626172707409037,2.4716545939187,3.1015335760745555,2.1293406359338634,0,0
4.087999999999994,0.007489999999999997,0.4901921769233147,2.25895,2.5726292405239044,1.6413903541823662,0,0
5.4090198960228975,0.01799137434722997,0.47212807367626847,2.36174962364101,2.8380387921647587,2.3774308976827463,0,0
4.882310983269903,0.009103751574940144,0.44920032965334566,2.58256987603718,1.928965560543531,2.710780585289948,0,0
4.846662303615702,0.009631939185064997,0.47710086940422197,2.652052427251315,3.1696754981206277,2.472992686093573,0,0
6.656855453207896,0.010327518283269832,0.47341969216099905,2.45023437977275,2.5143779656533223,2.887499847317093,0,0
19.62700000000001,0.00869999999999993,0.4625704848905422,2.12745,2.3696914713769384,1.978896215089891,0,0
4.078000000000003,0.00929000000000002,0.4915231731566722,2.07328,4.707710361613352,1.3721140247746597,0,0
6.838999999999999,0.007290000000000019,0.47624299770702117,2.11187,3.4693063914247793,1.4061452639241303,0,0
2.0908561538631005,0.01248403776406004,0.4814235954120256,2.55530220486917,2.0125446398531177,3.9499617383602557,0,0
22.881542954991517,0.008663419525519966,0.48208007806387454,2.557685005198565,2.6150937706516313,1.8961469513316864,0,0
4.983000000000004,0.008749999999999813,0.4861684499408275,2.14945,3.220469495962863,1.9666407061266875,0,0
6.336999999999989,0.00645999999999991,0.46475900542169146,2.25668,4.1181815190789655,1.685835214206172,0,0
6.308272102047113,0.008254239900550076,0.4743862123824621,2.18321564827733,2.828714881427393,2.224003819411226,0,0
5.882693116175901,0.009484268841669863,0.4666643191918268,2.19844182825074,2.453385960696274,2.122755787463331,0,0
4.805118581208205,0.009144645455110068,0.4808151213708708,2.22739695888612,2.317487919497803,2.125767965107776,0,0
9.625,0.01036999999999999,0.4836293892114837,2.31202,2.369776929171444,2.36546251746081,0,0
3.696103719680039,0.009230593578835267,0.46991685967360936,2.381166703024356,2.2078235054083577,3.146519397556027,0,0
15.588999999999999,0.007689999999999975,0.4795083397306162,2.16633,2.0338707590546607,2.5976513987088845,0,0
22.851,0.009059999999999846,0.49174814491488433,2.46631,2.310588142241989,2.2687189857343006,0,0
4.3745713522905945,0.008855948107710176,0.48462567191691897,2.65026119695267,3.2355336228236546,2.583409241002127,0,0
7.386899999999997,0.010729999999999906,0.47230481350951103,2.19733,2.227596124605047,1.824051120854187,0,0
9.817831514404702,0.009713375580250094,0.45978529889056163,2.28428999658198,2.7898658548710307,2.326995022320169,0,0
7.154727051990207,0.008498965522679924,0.46291646329298525,2.22646637326976,1.979296236664827,2.0604426731754026,0,0
4.582892620581397,0.009581508333849964,0.4777545413116417,2.28354095249362,2.3488292286240524,2.4555948756481585,0,0
2.883520005972102,0.009287574846470026,0.4911466926389226,2.78114553812036,2.8691894528611344,2.845623310385813,0,0
8.821939204018008,0.012849341865470043,0.44290529263686784,2.16356166689385,2.0934039645628455,4.300020445770714,0,0
2.9046160001878008,0.00865074154044998,0.46497747575293696,2.11572535589952,2.3858685544257296,2.2518356221928895,0,0
3.9671014925373242,0.02164223880597005,0.47102105810386347,2.1619628358208955,2.690515743512801,2.663246692253738,0,0
5.746300556312406,0.00823876052906991,0.47644136806787285,2.2564576510682,2.7355737623895218,1.9792330094066,0,0
10.784046133303391,0.007126787094609899,0.4692369505101735,2.17480049520841,2.3016461683565503,2.221646800021143,0,0
3.721999999999994,0.00985999999999998,0.49088343848136046,2.48449,2.101094531923609,2.183485894240422,0,0
6.776600000000002,0.008050000000000113,0.4537645891121135,2.1026,2.313428649562102,2.6850485985267465,0,0
5.289022063167494,0.00882002800463999,0.46464881851588474,2.4768041333804,2.530856444096486,2.9037500464164716,0,0
4.123999999999995,0.017549999999999955,0.47939787835088205,2.23259,4.322934365827097,1.5361025594653361,0,0
2.4133999999999958,0.006390000000000118,0.4850152333601241,2.37247,1.8976673336066028,3.2066223614232046,0,0
4.355000000000004,0.0032000000000000917,0.4929591939938144,2.14616,4.1927344700559015,1.213584602665342,0,0
3.0874599812495944,0.0099148033632801,0.4736302092808714,2.73241162168765,3.3546729786319966,2.4381628748040556,0,0
13.661000000000001,0.00486999999999993,0.4648104471263014,2.40039,2.681962670144266,1.7489827603839017,0,0
17.0524999702034,0.00826225288796012,0.48511840907217624,2.23749785669787,2.1878949285632956,2.0295633668739392,0,0
7.322000000000003,0.06062000000000012,0.4859365113247391,2.27281,2.3070555304619114,1.9635122169946624,0,0
6.739000000000004,0.007370000000000099,0.4283828277211245,2.27764,5.108616356102156,1.615009253782603,0,0
3.015000000000015,0.009100000000000108,0.49156426217200655,2.51563,2.981414142130486,2.0890578644631526,0,0
11.929847827497994,0.008918603915019974,0.453572661535842,2.26169524255708,2.5464750447449696,1.799464688845723,0,0
5.512258202352413,0.009260872822591137,0.4776294706180955,2.3434668264170178,2.3917498706064015,2.239276309479489,0,0
21.398799999999994,0.008440000000000003,0.4564486625172234,2.10506,2.0826890113613112,2.2326262380408535,0,0
5.191400000000002,0.005819999999999936,0.4782999876862762,2.30943,2.9936344287583236,1.9386746919538924,0,0
3.4006908353417913,0.00946123984838998,0.47551214480661186,2.40219097375367,2.5696683572008374,2.289582964665463,0,0
8.5257,0.037719999999999976,0.4637753171530859,2.33572,2.574893630820011,2.430391770537362,0,0
5.555238913368299,0.011377738015480032,0.47968333845147376,2.63739608410414,2.628143969195221,3.0786882701209017,0,0
8.823508636023192,0.008072690564099982,0.4804309891941024,2.11951127614149,2.690903719317208,2.1619292692329375,0,0
4.606999999999999,0.00766,0.4658538134525965,2.3249,2.2138990960014358,2.240218104354328,0,0
10.578500000000005,0.006920000000000037,0.46523241884487737,2.13398,3.984769297357438,1.777469480921533,0,0
6.492999999999995,0.006340000000000012,0.4965124679019566,2.36634,2.4508675103332496,1.5927293491718804,0,0
7.978000000000009,0.03277674771005934,0.3460306930038692,4.793258413998511,1.6216283656756842,5.908098679049462,-1,1
2.9155130434782563,0.3229001149425288,0.473188999992146,2.1276760326086954,0.4491752701145672,16.808159569117148,-1,1
16.9983,0.005479999999999929,0.450148452655351,2.05006,2.7254970111241867,2.26573610138894,0,0
6.0297106567533945,0.02090220570012402,0.4785030925256757,2.224504275092937,2.5057897348936984,1.4985591097442041,0,0
5.924366666666643,0.012906666666666844,0.4891166918244815,2.2441466666666665,2.723826486513761,1.4537437757745093,0,0
2.192954229039472,0.009199662050597635,0.46939041969787954,2.5516232230856404,2.9386915175186545,3.2837695526871005,0,0
7.490700000000004,0.00653999999999999,0.4895950727548146,2.23574,2.3264855482631495,1.7082110385146485,0,0
7.568375043807308,0.014250556404340031,0.4830957442065081,2.42583397604293,2.8482063170814054,2.4420676340905576,0,0
1.8995297803719922,0.013535859795140048,0.4799540138397323,2.36250785791957,2.4590014146959165,2.762379804100433,0,0
12.483000000000004,0.006719999999999837,0.4311053786852366,2.21661,2.966036478456449,2.324700414509205,0,0
3.4494616342259974,0.0053276538431099585,0.4685768478664206,1.99754912518613,2.614519215604747,2.5965489435835125,0,0
21.103949999999998,0.005609999999999893,0.4772837124072374,2.205395,2.450899165342859,2.379320570006181,0,0
3.541076453672545,0.009676889677019851,0.48868356581546024,2.63057502909413,2.9367520089375994,3.108916865756351,0,0
1.9266003035856016,0.006482291635170112,0.4684946928272391,2.20551852690003,2.0323075606521344,2.3234152417741174,0,0
5.763400000000004,0.006950000000000012,0.48743682378933995,2.20838,2.7143091685573735,1.529010930515313,0,0
7.31060814546521,0.009347437623330013,0.451423964956188,2.41861166367151,1.6337932698645627,3.3901986241615236,0,0
9.00200000000001,0.006050000000000111,0.4482031734459169,2.46587,2.8760543109399945,1.5887424155811745,0,0
5.004541331706605,0.008661820881040061,0.47551979826675733,2.41316631135104,2.4359798641666006,2.0869930866807858,0,0
11.561099999999996,0.05013999999999985,0.48655836919729895,2.20619,2.760185681563429,1.3893133216724032,0,0
3.276008236359388,0.007731216758330106,0.47912298970827844,2.09789182706732,2.124696395545922,2.482088108071982,0,0
6.154912047781565,0.008802849829351755,0.4736225631797182,2.3561175255972695,2.281914016398964,2.8270744193598825,0,0
2.2759105604615044,0.020393058517810037,0.4645440131882899,2.38255925293292,3.3711953608355607,1.8887783053602623,0,0
6.818249860249296,0.009116165361189976,0.464743297691591,2.4169098686735,2.4785412119775425,2.582947235194778,0,0
2.695218385788195,0.011334171656950165,0.4730686862578378,2.5044655606562,2.981564512198163,2.8969669438383203,0,0
3.0439764465555044,0.007267351848070147,0.47228551124253076,2.56838475472163,2.2562125689450356,3.499899451491791,0,0
10.060000000000002,0.008420000000000094,0.44578282734795593,2.26529,4.4650631376031535,1.4967944821325811,0,0
6.424347244300904,0.012839849110009904,0.46012868204584806,2.40975611434058,2.9979120283443823,2.5136166420678974,0,0
4.856622044869198,0.008872112625819994,0.45567888874605456,2.58842169949762,3.2259290030686514,3.4544727465859872,0,0
12.031271835842901,0.04027365228607005,0.46562256850642003,2.52906207267728,2.171036581165822,3.909353203256391,0,0
5.915335579052297,0.00907560246700001,0.47829172546294946,2.37315327289335,2.374575568527975,2.413015823603697,0,0
5.762799999999999,0.005349999999999966,0.4873521540188207,2.17696,2.6851231511470717,1.5874127634402513,0,0
11.912999999999997,0.007050000000000001,0.4886638712536208,2.2492,2.2095610669475305,1.8159531739068397,0,0
11.425399999999996,0.005770000000000053,0.48209474393773616,2.03857,2.607656976362867,2.2523546475191143,0,0
8.8279,0.007859999999999978,0.4838151205716249,2.42757,2.7128870199980573,2.007053949132183,0,0
3.321549460946102,0.008746217097379994,0.4567000670556823,2.36410363920674,2.515536742801885,2.9256261112065634,0,0
3.3907999999999987,0.013419999999999987,0.4795471026115087,2.33976,2.536534393383324,2.2129554533691946,0,0
6.438041774744036,0.008912047781570065,0.4734048370767458,2.3551428327645048,2.2853096913941564,2.849533663600862,0,0
5.988888285845093,0.01031097216261001,0.4765101223978569,2.33537073407293,1.8809210247741133,2.577487482980607,0,0
4.88696171003717,0.021451933085502084,0.4798810011521891,2.229139814126394,2.5586624851782513,1.4624447703059638,0,0
7.409499999999994,0.010200000000000209,0.4832414754027653,2.31386,2.2322706814757978,2.658107895238648,0,0
16.729250000000008,0.007954999999999934,0.4729296494737891,2.162525,2.289954848227458,1.7329589912596703,0,0
32.87100000000001,0.00902500000000006,0.4648048852183951,2.3567,5.5327244232331,1.3684644502788939,0,0
3.8381920150428073,0.007404238437130228,0.4923329419107694,2.63748746964363,2.7600315343885424,2.96647149781695,0,0
3.1459513451143977,0.008259140708769985,0.44091878129160833,2.44499389094931,2.6221504601992245,3.4219439145500243,0,0
5.9481284117591,0.00784939980485011,0.46479043056759983,2.38292435858512,2.9673851817674204,2.559091765243925,0,0
8.165999999999997,0.006599999999999939,0.5084681450347701,2.25211,2.4606571859075914,1.4433534974412212,0,0
2.679000000000002,0.016899999999999915,0.49577600349651185,2.22915,3.9803573481142798,1.4001215957656061,0,0
13.789000000000001,0.012044999999999861,0.4781394951878706,2.28249,4.502839268462039,1.427527559177308,0,0
10.390000000000015,0.013849999999999918,0.4954602701283978,2.20588,3.3193255147433756,1.8907483055390486,0,0
20.59593067095099,0.007404974031369971,0.42450306263784493,2.229824029558,2.479792089301975,2.835077494106397,0,0
1.769117550338109,0.009474753234353539,0.46314125867202566,2.521168917773308,2.9911104314819066,2.9924263247726763,0,0
6.7690000000000055,0.007340000000000124,0.487897834388299,2.20258,2.475588995084287,1.3475545715177835,0,0
8.802913427761993,0.009391664289430057,0.48804728804954967,2.70749011597076,3.3325993968088827,2.3905978963447168,0,0
6.003577578370397,0.03419750916019004,0.47868483759194114,2.54765845355484,3.096288665333058,2.5701854821448156,0,0
5.275999999999996,0.019139999999999935,0.5025953968838045,2.41101,3.170133941293816,1.3556450255394183,0,0
5.881716332223689,0.008947979182579946,0.46887972314185866,2.14527059576119,2.0172833795445597,2.7337458994273294,0,0
13.05640000000001,0.08119999999999994,0.4533557471907741,2.18169,1.5424915729321376,2.636590903473431,0,0
13.274500000000003,0.06573000000000029,0.4473114932690063,2.31803,3.7417832481518305,2.0411549269820792,0,0
11.154999999999987,0.005340000000000122,0.4746556983637091,2.33776,2.757881648479296,2.0377427683463045,0,0
13.527115377887398,0.009763303402150036,0.48772042756996314,2.24832673687978,1.9306609052399994,2.5429140302706195,0,0
5.51022105345929,0.009755977423899997,0.4820528144671934,2.3032505468948,2.357119843103515,1.9469776964168526,0,0
7.010300000000001,0.013849999999999918,0.47434767795674293,2.18215,2.2024887586887174,2.5191812243405414,0,0
3.9720000000000084,0.01476999999999995,0.47397366485689363,2.08294,3.1414543488846896,1.9557627281544068,0,0
25.563804907884872,0.023840416300273448,0.4601848944423556,3.473049083362066,2.1697872566541725,6.078030590540017,-1,1
3.441216769567191,0.007901546668409809,0.4578899613481906,2.22358937426495,1.779241312718703,3.189440190678429,0,0
9.021,0.04826999999999981,0.4961713861491145,2.34468,2.416860702949294,1.589266071404079,0,0
101.708,0.030540808500941097,0.34459043744723394,4.7786390096798215,1.045252575360072,16.75703731413074,-1,1
7.014700000000005,0.019409999999999927,0.4659315932479907,2.157,2.2566350726932005,2.551370291578025,0,0
7.0273666549328055,0.008914559709059855,0.46866786983933095,2.38940685438149,2.916363813637617,3.004339709647362,0,0
4.100825414430304,0.010172868508629973,0.47088974779566795,2.34685678526006,2.2254035273915,2.3321581483044684,0,0
4.323181885995297,0.00852571380052014,0.4785206248600266,2.19269802065422,2.2907142206699502,2.2607851514471617,0,0
5.854872135891995,0.011541009376540012,0.46644486917404043,2.4427843875881,2.5887701587414256,2.770413202821008,0,0
11.61765425520099,0.007809623608500127,0.42776063688503474,2.13646389648571,2.1005803804523135,2.1411197644871387,0,0
12.069999999999993,0.006229999999999958,0.42900076690754424,2.31325,4.223557552950428,1.6470126699988377,0,0
5.941776104123008,0.0074024199603,0.47616944955740753,2.28418398084414,2.351941643046079,2.6018022003052717,0,0
10.081315689930733,0.006330098561534436,0.48635692344834375,2.1439552024507194,2.322761906255281,1.9606304677434732,0,0
8.052244915453201,0.009142545437740068,0.45950969998401453,2.55143549235579,3.3492764529079775,2.1467075931355235,0,0
14.240999999999985,0.008760000000000101,0.47048199266767304,2.337,1.820507568378766,2.2938892014217402,0,0
2.5974337140411023,0.012906269268269988,0.4703360453595493,2.50096929346297,3.347347441253013,2.881778565342164,0,0
7.8767,0.006310000000000038,0.4713423891330404,2.15562,4.0287567919105465,1.6024136887753389,0,0
8.964608461472793,0.009142904578050004,0.45486125033729774,2.62266351890756,2.4794614554215917,3.1279720911560105,0,0
7.287000000000006,0.007009999999999961,0.4943821784377182,2.2722,2.4141690149876913,1.5792651022004172,0,0
1.7890620078740085,0.006900846456692866,0.48689665769221113,2.3084038976377954,1.9653116603583587,2.594163027577031,0,0
7.476077632126291,0.010121593701199805,0.4953182469732949,2.32700884413664,2.507149858428297,2.2321137344868123,0,0
13.204999999999984,0.007419999999999982,0.47799050151037503,2.23427,2.5480109866829213,1.655532481117418,0,0
8.191449318154596,0.009147139907309976,0.4686020785196364,2.52203827470154,2.699878250578821,2.5988734414060173,0,0
10.987099999999998,0.07045000000000012,0.48437266995247175,2.21459,3.1330757433139595,1.3773977218808837,0,0
3.0660000000000025,0.008519999999999861,0.467708128486395,2.12856,2.7873416056736007,2.206082373163001,0,0
16.45999999999998,0.02082000000000006,0.486144675692059,2.32301,3.0057514525652183,1.8248262392193197,0,0
11.455600000000004,0.008029999999999982,0.48832826701056253,2.32325,2.4221550945565014,1.8123436429525792,0,0
14.616000000000014,0.009440000000000115,0.48275802401309886,2.15249,2.0000123410891937,3.1214655803382256,0,0
6.058471506204,0.009060497205930051,0.4824476803440031,2.2846091143427,2.618151974102969,2.2661242754004522,0,0
11.858999999999995,0.01617999999999986,0.5000776425337745,2.31972,3.413369333461905,1.7915441374068075,0,0
1.5441129522291988,0.008968399640890024,0.47564077709045544,2.41970769369505,2.714045418785354,2.840185984515893,0,0
11.905599999999993,0.007500000000000062,0.4928566971182848,2.19451,1.8440379548258372,2.002995783937473,0,0
6.300115390446393,0.017433125804660055,0.45645627327816374,2.21859600866842,2.9128212709597405,1.992281522933636,0,0
5.055083188471201,0.009333698631629916,0.4711854773026188,2.67771427781978,2.512541566110832,2.788819689518703,0,0
11.745000000000005,0.012189999999999923,0.47418863297312513,2.11602,3.5262999322101987,1.2715292254746406,0,0
4.664371962847511,0.009636558979330134,0.46985538942768384,2.2848207889447,2.4235250787335407,2.4545323502956955,0,0
10.689508207505,0.009293180389899902,0.49066335976625847,2.26639996109931,2.331642147710366,2.49779100293024,0,0
4.398816046582297,0.011158674010019798,0.4715043408766984,2.6018553126078,2.463989661237165,3.4744632425237127,0,0
1.9523169291338718,0.00777988188976364,0.4886058192378929,2.2745399212598425,2.0860125123871547,2.490573885464946,0,0
8.74199999999999,0.007845000000000102,0.4948776581066956,2.29632,4.226395178589669,1.2688395742807055,0,0
6.1475760755261035,0.011892717222470095,0.46469837262526587,2.38993577007713,2.6630526442701767,2.7751424012221992,0,0
16.60799999999999,0.007889999999999953,0.48373838834798055,2.22945,3.056768279001186,1.4134965655979845,0,0
4.523899999999998,0.006800000000000139,0.4892203405260952,2.34839,2.8581283725716022,1.3970596643116757,0,0
10.14288817261587,0.0062897389451253005,0.4861909320197925,2.1395708151305275,2.3508092851158624,1.9557044104295394,0,0
8.0291,0.006589999999999874,0.47771947327936143,2.28647,2.3560490731619947,2.295296495495187,0,0
70.2045,0.05551721052631575,0.4985317187312913,2.97983,4.308030502354877,2.8706207392633525,-1,1
2.653466239426905,0.007491667985450201,0.44248693497576275,2.50362852472438,2.4588992992626992,3.5492674840201315,0,0
10.014900000000011,0.005789999999999962,0.49750947112418753,2.21212,3.0962296370585207,1.4275951949404784,0,0
9.324322056485997,0.009766125230890044,0.45994939276937763,2.43903875607531,2.406449692276368,2.633282888745524,0,0
6.342833481228681,0.009108211604095695,0.4753642416509715,2.3639232935153585,2.2548616050100594,2.6600460042456877,0,0
9.19351081382409,0.009205930953450014,0.48434519981774193,2.23415429880594,2.5997342798421386,2.3133579213975564,0,0
10.914500000000004,0.007125000000000048,0.49193783624544835,2.239215,2.3642312728855748,1.7655059990981596,0,0
3.9970553959879,0.00881105197199994,0.48102738166421705,2.54578895477311,2.2517171340248825,2.9926932237952957,0,0
1.8242999999999938,0.010070000000000023,0.48138988429651675,2.31762,2.0180827479366434,2.3764674351930544,0,0
10.360749999999996,0.006469999999999976,0.4898888042094681,2.3555,3.1905762448601807,1.2198751009030009,0,0
9.40355847790525,0.008773801380274948,0.4436056316121101,2.149725430241615,3.060254565431963,2.6534979161658416,0,0
7.834400000000002,0.005769999999999831,0.4875022037650101,2.21522,2.8561737190365535,1.4052574693792395,0,0
6.1671878281694035,0.008968122537809986,0.45925030663652805,2.3350251641898,2.5646003210073176,3.069972343898769,0,0
5.012856029379989,0.008077432624610026,0.45600278991980825,2.43048650725509,2.661012758940043,2.627777224374014,0,0
6.688999999999993,0.008199999999999985,0.47455920493428944,2.3416,2.221239338441209,2.314634859761448,0,0
5.501100000000001,0.07670999999999983,0.4680862089928266,2.05028,3.664961978480097,1.986098526754204,0,0
12.120433652507998,0.008250893433500162,0.4603016092149469,2.87086300688938,2.3778414930116845,3.4457693250101054,0,0
6.1299999999999955,0.009179999999999966,0.46028997529511967,2.11512,3.7444998752806185,1.8593757246880942,0,0
6.119699999999995,0.005290000000000017,0.47414117798589817,2.33185,2.026439695762405,2.6377795327156806,0,0
14.177999999999997,0.00753999999999988,0.48152069115450785,2.36853,2.932006924708115,1.6940350627598828,0,0
5.272999999999996,0.007460000000000022,0.42882583778879624,2.22774,5.688432078472605,1.373065729780109,0,0
3.689360977069498,0.010577264489459948,0.46895074338104614,2.53495444351189,2.561447377603021,2.9636588330092914,0,0
10.670949676257806,0.010167497153600102,0.4598306195681489,2.26359869992063,2.3932329125323695,2.6770786887583164,0,0
5.820223886234999,0.008233221328689977,0.47525002547396855,2.23008181833252,2.1340870968649015,2.731978484415675,0,0
7.997978738665395,0.009481602110350096,0.48366113512308495,2.24273054227128,2.2441866646462074,2.306266450096453,0,0
9.352000000000004,0.007239999999999913,0.48018389605308204,2.23789,4.064958738633,1.3400351444925795,0,0
9.489639035022506,0.009627302532469795,0.4823568145560595,2.25027603792849,2.413953446526597,2.301299740431482,0,0
2.0911252126088016,0.009830310323709845,0.47469019396230927,2.18775853299615,2.7315379398447983,2.061811222176334,0,0
14.778629610865991,0.01390031960532001,0.44420785669658425,2.75483925338377,1.533259129667725,2.8309386447980205,0,0
25.153999999999996,0.00882000000000005,0.4694343696605504,2.35213,1.9027088869740263,1.9853679013907537,0,0
2.441600000000008,0.006245000000000056,0.4932213618221362,2.268055,2.4662306308836475,1.6208931182099118,0,0
3.3308983953115927,0.011950045796110143,0.4732790400010995,2.3200659658752,2.8260962678651294,2.7986828083417015,0,0
6.885415086385805,0.009014587381219963,0.45757947879208627,2.54333669202532,2.7060485109732446,3.900060002574067,0,0
6.270941098447594,0.008056653576760109,0.4664960166632544,2.08866375153334,2.087246304938789,2.6093421957566996,0,0
8.930558921769034,0.10092562867767274,0.46896793223855077,3.187489043309075,1.656457600800484,5.549925804518071,0,0
4.583417679456801,0.009644449208960015,0.4773812795064226,2.40459987098209,2.4132045949698497,2.053484123661452,0,0
16.391800000000003,0.00698999999999983,0.4886456410294128,2.17263,2.062801733709464,1.9572741204347601,0,0
6.011382421748294,0.00880130412831015,0.47797661775994643,2.33257696030105,2.6798629594281858,2.2257628288742293,0,0
14.384999999999991,0.02507999999999999,0.4578132013171987,2.38106,2.91831672084755,2.899539347608191,0,0
13.819932314136608,0.007828224370180159,0.46508636219925054,2.44525958417648,3.4237119048741005,2.1941916426154404,0,0
5.329499999999996,0.008059999999999956,0.47849380630088845,2.30572,2.4408653733255954,2.344026326860396,0,0
5.462000000000003,0.006059999999999954,0.4894366500124893,2.03648,3.444779619203478,1.8690195756181296,0,0
2.5258066401644044,0.00963848200520001,0.48266739342953574,2.234971295565,2.470057137407807,2.4283036081954714,0,0
17.580700000000007,0.007409999999999917,0.491490418147077,2.24121,2.384734863176612,1.7129764183714025,0,0
19.24900000000001,0.006599999999999939,0.4809240689797971,2.34599,2.9617550745616796,1.950817598362943,0,0
6.16368926769519,0.007106798959350069,0.4647734699513717,2.10507147578119,2.2872641274952703,2.4174566945259017,0,0
6.713999999999999,0.018349999999999866,0.43672736417720426,2.05078,6.433272402258082,1.1897025995535393,0,0
13.055000000000007,0.01106000000000007,0.47550404086024634,2.30902,2.6208841468798454,2.1901955096594534,0,0
11.233000000000004,0.009100000000000108,0.4871372610520168,2.15067,2.8957870756328883,1.8442977949291743,0,0
10.954999999999998,0.008499999999999952,0.4725988751613868,2.06717,2.329213432768902,1.8776764417005751,0,0
11.392499999999998,0.014330000000000176,0.47462581717536595,2.16269,3.103425458234996,1.4996559890975008,0,0
12.370999999999995,0.007469999999999866,0.48213412376778453,2.15626,3.4868881946416734,1.62622153284812,0,0
4.248000000000005,0.007210000000000161,0.4762712385875041,2.32871,2.418590946606777,2.083413555443942,0,0
4.252700000000004,0.021830000000000016,0.48318084714264486,2.12376,3.0471101968556797,1.2729824459764787,0,0
11.320000000000007,0.00882000000000005,0.471155369255248,2.06395,2.998919928396847,2.2638267197249022,0,0
1.147500000000008,0.013329999999999842,0.4965301868401618,2.07495,4.90729971286448,1.2409464657089861,0,0
14.99698292223421,0.008800774569450054,0.4750802310500952,2.19959782787809,1.7753097175073242,3.4964309735564782,0,0
11.548500000000004,0.008029999999999982,0.4870942595439683,2.26896,2.2889639624617315,2.0299289517420194,0,0
8.274036271878202,0.009403596337580034,0.46985524662889905,2.10897077623245,2.4617068184731496,2.824248521198526,0,0
11.4587,0.06965999999999983,0.4713798697108502,2.06957,3.9536635398192272,1.7322857962484846,0,0
12.962999999999994,0.006320000000000103,0.4670468689886166,2.33389,3.7680184776357533,1.5518911721308526,0,0
6.83081718000021,0.009744981442930012,0.48284728325639525,2.37499561195586,2.253850595253088,2.483717230460497,0,0
7.876400000000004,0.008999999999999897,0.4763308095515434,2.18792,2.1846413430363834,2.54828428104793,0,0
2.6894333374259105,0.008278285174919908,0.48557112632882776,2.54125392734926,2.806238732786467,2.62112687576825,0,0
3.1362394796475996,0.010744060609489958,0.44270502104699194,2.593149688479,1.6791144148179529,4.118411936989406,0,0
6.482494286824007,0.011203880349070161,0.4482799438383169,2.61961881441295,1.7726678483204255,5.175824987724757,0,0
10.835235793544854,0.008416414342440115,0.4756439807543843,2.343513719583225,2.1510233579414484,2.892771275588815,0,0
6.4054,0.01480999999999999,0.48510319589681355,2.14167,2.5247470207892375,1.6258375340984803,0,0
4.828310305894107,0.008608631527679877,0.4893071203597411,2.72545420635559,2.859967966180953,2.7700113508916213,0,0
15.732,0.008950000000000014,0.48545476512131097,2.32462,2.489361810125019,2.2612636395635337,0,0
1.4650444984011983,0.01066058105837997,0.4904018199551276,2.42046681061024,2.5622577454461553,2.4930836256702595,0,0
4.395800000000008,0.0069550000000000445,0.4927720217478326,2.285495,2.5163711816725693,1.6561755450327527,0,0
12.628168347211798,0.01624677044210987,0.4568394927337815,2.54299170070682,2.4398857409453365,2.755080482741218,0,0
3.0948999999999955,0.007709999999999884,0.45777667120093274,2.3031,2.4777004599754004,2.4803166059309283,0,0
17.653999999999996,0.009279999999999955,0.47123671554431124,2.27231,2.0614612185676138,2.1499285275335986,0,0
6.637663139603106,0.008984683690750117,0.4872805758920221,2.29433467803649,2.6114813508262067,2.1623540264104135,0,0
4.492999999999995,0.009090000000000042,0.4819036249063786,2.23943,2.0639022454385203,2.626399819013299,0,0
2.7195966375220877,0.009689346742459914,0.48583423744753235,2.39389419734582,2.597253922573271,2.2936518134219974,0,0
4.890599999999992,0.006364999999999954,0.5006311547089464,2.19269,2.310341217324898,1.8263441205771764,0,0
7.503999999999991,0.015229999999999855,0.4781085814360771,2.19228,4.311066287304204,1.4689136020555644,0,0
14.03049999999999,0.006599999999999939,0.464711535762713,2.11449,3.8242168884316587,1.9706629896023555,0,0
5.716699999999989,0.006990000000000052,0.4884571792942695,2.22172,3.1812446482454875,1.6402787850913658,0,0
12.546800000000005,0.008599999999999941,0.4656886648532312,2.13449,2.3868255643656204,1.9568119608641898,0,0
3.8852509771965913,0.008595334650929987,0.4544808468661303,2.52753619038822,2.311912808258394,3.203683516508353,0,0
6.5706632026449086,0.008236518918860014,0.48863634577652504,2.22594679123312,2.2566191956392796,2.48306669159925,0,0
13.507660255844002,0.007768131273220069,0.4806997706544593,2.69695009805332,3.51387448942637,2.1312137828044095,0,0
8.240878464406805,0.00881185109949012,0.46659955555320515,2.1165956682718,2.605244383614887,2.4539135562875125,0,0
3.8193813653175965,0.00995356183462981,0.4710354119263733,2.67822161311671,2.1417450920292604,3.286308375311221,0,0
7.939999999999998,0.01034999999999986,0.4838961474917544,2.2704,3.750317986757486,1.5444537873752933,0,0
7.1738,0.005469999999999864,0.4919881305637982,2.1794,2.1467927386616057,1.7766538141679897,0,0
5.245621448534493,0.009442760436719988,0.48697307551776026,2.28974651117425,2.460935456042818,2.4436050079601666,0,0
9.643999999999977,0.025329999999999853,0.47466068982692067,2.27472,3.3460402371399884,2.5482602118003026,0,0
6.615899999999996,0.005119999999999791,0.48419009842695065,2.27783,2.4010499901628144,1.8864915724941316,0,0
4.835000000000008,0.012399999999999967,0.44110608158689896,2.08679,5.170559223314099,1.1306197328441208,0,0
2.4348682537429056,0.00879935790033004,0.4440431628466941,2.33173919959042,2.153805604208989,3.946557134872135,0,0
6.5283823627353,0.0075466439079199255,0.45757842482628813,2.75968500930501,2.5875979266495803,3.0269587085727987,0,0
9.26100000000001,0.007569999999999855,0.49762996987982067,2.28842,2.3619634549487727,1.6993760285847557,0,0
7.089799999999997,0.02122500000000005,0.48149932328584866,2.12207,2.508075304848477,2.6619525502996053,0,0
2.876291877292303,0.004905777046090076,0.4698170352554946,2.0318668142737,2.644848316279314,2.566474078433894,0,0
8.496485451390797,0.012106067714829916,0.483411540194084,2.31420225149651,2.560373973865063,2.2587896136708814,0,0
5.184457331499203,0.009110094918409972,0.47928834431439593,2.20106358248293,2.2999942716435573,2.4503080028898294,0,0
15.296999999999997,0.009460000000000024,0.49229458668429044,2.59825,2.6756605468920136,1.9390328967741328,0,0
21.1331,0.007719999999999949,0.49594886865101306,2.25082,2.3297156390029476,1.9794543878641935,0,0
81.33979305797699,0.0055112031513768756,0.44212070282996685,1.7953979598157,1.9871129844484576,4.851910312799575,-1,1
8.618400599759795,0.009020550931849947,0.48229925445089483,2.29435865481247,2.5393827932685915,2.352041808197163,0,0
3.6965031051997954,0.013240102472729998,0.47646462776180104,2.40096158572307,2.929355273232147,2.984189406200586,0,0
6.882999999999996,0.006590000000000096,0.489192084809399,2.17996,3.3793821525188954,1.4552846353400368,0,0
2.2993000000000023,0.005830000000000002,0.4771188014728832,2.16514,2.9647333296038223,1.9181490843189621,0,0
2.7017999999999915,0.007339999999999902,0.47938782648151473,2.24637,2.4955989969362413,2.4475953092899707,0,0
10.273545567015162,0.009222070838956098,0.46340142884289637,2.5697366893036255,2.442086177498965,3.0969688731847413,0,0
7.935450000000003,0.005920000000000147,0.4961921891856233,2.223005,2.488167262136241,1.7826333306274857,0,0
6.499800000000008,0.005579999999999918,0.48638199489654954,2.50498,2.918631599791711,1.4829771787335053,0,0
1.8648781370598613,0.008711807080861389,0.46103234574927887,2.2816752337941133,2.2446472877471844,3.0948180262396265,0,0
9.195960646312699,0.009470318368519859,0.49349127624861666,2.21966471116687,2.4651446214484083,2.1187534294111283,0,0
30.89586028921022,0.03329673343975581,0.4193329126236141,1.874328832035595,1.1522449229921794,4.669995900117465,-1,1
6.800212113757809,0.009937328914490173,0.47618767485306956,2.17737868994613,3.034363675488545,1.7756725370778643,0,0
5.674276286973196,0.012217346083509995,0.4453945594601479,2.60806512008572,2.335081549447031,3.8837444652950377,0,0
5.906351024778402,0.00961555919917001,0.4745193937682759,2.1203834296445,2.1943074228597323,2.5269747931933453,0,0
16.683896690540507,0.1788234874267678,0.45441058676905444,3.6985199093007655,1.3369055811169694,8.630791424755497,-1,1
7.194999999999993,0.008425000000000127,0.4836613835939173,2.169195,2.318011576438543,2.371812171097018,0,0
5.0578,0.007020000000000026,0.4932547365780624,2.10119,3.1194274438981977,1.7705960609996327,0,0
11.25500000000001,0.01976,0.4796650741308642,2.29266,4.519339639371725,1.3603389276939406,0,0
1.9674297144627957,0.011916505097509855,0.4809881662639168,2.27911514539282,2.453548412615401,2.4081510975281955,0,0
9.4052973298801,0.009951122208480045,0.46820791281563007,2.20166239341071,2.30963598851309,2.5850823594769605,0,0
2.6073134493150008,0.012469160837599969,0.45650357755186777,2.4403842934215,3.0082646810266924,2.8750064413119687,0,0
3.8740999999999985,0.005979999999999874,0.4742696831446078,2.21424,2.351011155521088,2.363944413330164,0,0
2.5636532472299933,0.009235821990920101,0.4858746066931932,2.62562428084068,3.45295798173663,3.1799537810565974,0,0
7.2202628505094,0.011105173639599952,0.46042853110051457,2.54220931477677,2.7810307278073605,2.2287921504713655,0,0
8.957799999999992,0.005190000000000028,0.48329538724242166,2.25165,3.2359991283504033,1.6076342762005515,0,0
9.943995764517851,0.006420109216835446,0.486726650921351,2.1537333324453916,2.2621148918196052,1.971367418591353,0,0
19.296680713057,0.008223882918229952,0.4474548019014616,2.44303870627888,1.6521177140029302,2.804243256833511,0,0
12.375616840792006,0.010316652230639933,0.4712900435353703,2.45346913881903,2.366361205709359,1.7504434169993552,0,0
4.076790909090903,0.006649090909090827,0.48006732690590614,2.1940336363636366,3.080497861608057,1.6729003390692332,0,0
7.7905252918288,0.0034673929961088756,0.4839329911546778,2.115353696498054,3.2239662429096625,1.889973868968932,0,0
5.984300000000005,0.006099999999999994,0.4779546265303489,1.98381,2.950510597997852,2.578222009191643,0,0
7.007307300127508,0.008673282293930162,0.47855384836161635,2.48549854985142,2.6945260418266166,2.930942516467993,0,0
5.955723752084893,0.012258897051750095,0.46905153190898685,2.4505582400434,2.5420645031547027,2.7572517371514524,0,0
11.587999999999994,0.00658000000000003,0.4898566201842078,2.2841,2.210045436179073,1.7955828918495529,0,0
19.060000000000002,0.02527999999999997,0.5008507759965669,2.22884,2.651230596729307,1.5738397135341782,0,0
10.844000000000023,0.05231999999999992,0.4712150744511887,2.25222,2.9360306390718116,2.2686824425596446,0,0
9.183000000000007,0.01385000000000014,0.4756372828698865,2.44069,2.8665710595974514,2.053747921077889,0,0
4.075949999999992,0.010464999999999947,0.4856123115070513,2.301525,2.0098509271460845,2.6668497029908793,0,0
6.8501214644821005,0.05346764142524019,0.46960925645380014,2.51324139757248,2.4732031658868685,3.388189400792687,0,0
3.476412806236496,0.009120365290210097,0.46120999625619863,2.39077003648572,2.4077024647225893,3.2549879777405795,0,0
6.28739761904761,0.009689285714285845,0.47839976749884966,2.3899211904761906,2.127329338828566,2.4907209786723317,0,0
1.3646689465203963,0.009224521013990072,0.45975498941802895,2.28858283394489,2.567480971215315,2.5746804553786067,0,0
6.95859999999999,0.006960000000000077,0.4819741646707762,2.36944,2.6815130474551214,1.9330943806133043,0,0
8.613228256793391,0.009686059692640026,0.47958372380426917,2.36883249404486,2.1439046996358972,2.5737876073746224,0,0
12.478964845225903,0.010641343642560086,0.45788275790186794,2.62619022859282,2.0611117798305902,3.099674496964161,0,0
4.961266007131201,0.009722175490290086,0.4861963052661928,2.68595989930765,3.0275644580776904,2.693062534388703,0,0
9.114346404539688,0.017829077563479956,0.46174314546897904,2.46250971731645,2.4058909881176445,2.4428477352023132,0,0
40.1502638487208,0.042394022247830065,0.4180271740697076,1.8230159955506118,0.9318641522950081,5.758970306818546,-1,1
8.345000000000027,0.038390000000000146,0.4645944404906086,2.48497,2.4980082352262505,2.6572277276945515,0,0
